date,open,high,low,close,volume,tic,macd,boll_ub,boll_lb,rsi_30,cci_30,dx_30,close_30_sma,close_60_sma
2016-01-04,25.65250015258789,26.342500686645508,25.5,26.337499618530273,270597600,AAPL,0.0,26.940880430198597,25.07411895944984,0.0,-66.66666666666667,100.0,26.337499618530273,26.337499618530273
2016-01-05,26.4375,26.462499618530273,25.602500915527344,25.677499771118164,223164000,AAPL,-0.014807688884246772,26.940880430198597,25.07411895944984,0.0,-66.66666666666667,100.0,26.00749969482422,26.00749969482422
2016-01-06,25.139999389648438,25.592500686645508,24.967500686645508,25.174999237060547,273829600,AAPL,-0.03445044626298355,26.896050919672003,24.563948164800653,0.0,-99.99999999999928,69.10809810470468,25.729999542236328,25.729999542236328
2016-01-07,24.670000076293945,25.032499313354492,24.107500076293945,24.112499237060547,324377600,AAPL,-0.08090122223036289,27.20252557693807,23.448723354946697,0.0,-114.39560667242748,85.85943205906051,25.325624465942383,25.325624465942383
2016-01-08,24.637500762939453,24.77750015258789,24.190000534057617,24.239999771118164,283192000,AAPL,-0.09936516504388138,27.00189148791758,23.2151075660375,5.74244442960584,-84.11667291957065,85.85943205906052,25.10849952697754,25.10849952697754
2016-01-11,24.74250030517578,24.764999389648438,24.334999084472656,24.63249969482422,198957600,AAPL,-0.0918132373661571,26.76669235216803,23.291640091069276,20.314673432396972,-54.97895734084158,85.85943205906052,25.029166221618652,25.029166221618652
2016-01-12,25.137500762939453,25.172500610351562,24.709999084472656,24.989999771118164,196616800,AAPL,-0.06919330563239612,26.609984408272314,23.43715762053628,30.446517830916022,-14.725880088675918,44.699717217333,25.023571014404297,25.023571014404297
2016-01-13,25.079999923706055,25.297500610351562,24.325000762939453,24.34749984741211,249758400,AAPL,-0.08347058396001472,26.48363776609716,23.394486470963386,24.625321333974654,-46.539278080998,54.539306802550314,24.939062118530273,24.939062118530273
2016-01-14,24.489999771118164,25.1200008392334,23.934999465942383,24.8799991607666,252680400,AAPL,-0.06566806093760391,26.37785423152433,23.487144903810957,35.240920785252186,-45.28140158824082,61.68367671609721,24.932499567667644,24.932499567667644
2016-01-15,24.049999237060547,24.427499771118164,23.84000015258789,24.282499313354492,319335600,AAPL,-0.08286085820124711,26.290852470471624,23.44414661400103,30.28927145900309,-94.34434926768077,63.1432392748937,24.867499542236327,24.867499542236327
2016-01-19,24.602500915527344,24.662500381469727,23.875,24.165000915527344,212350800,AAPL,-0.10038238515117826,26.218837895837652,23.388434165597005,29.44754848374393,-80.04813766365118,48.652732847946986,24.80363603071733,24.80363603071733
2016-01-20,23.774999618530273,24.547500610351562,23.354999542236328,24.197500228881836,289337600,AAPL,-0.110077389761841,26.147108500205476,23.359140927589934,30.004116634316745,-96.99381572830893,57.32854145823991,24.753124713897705,24.753124713897705
2016-01-21,24.264999389648438,24.469999313354492,23.735000610351562,24.075000762939453,208646000,AAPL,-0.12272701667097508,26.0875943709437,23.314328295165826,29.108725682098154,-83.44671278267894,57.32854145823991,24.700961333054764,24.700961333054764
2016-01-22,24.657499313354492,25.364999771118164,24.592500686645508,25.354999542236328,263202000,AAPL,-0.0564176349868859,26.12501857316543,23.370338122827174,46.39904461352954,46.6958432465624,19.986958878432773,24.747678347996303,24.747678347996303
2016-01-25,25.3799991607666,25.38249969482422,24.802499771118164,24.860000610351562,207178000,AAPL,-0.03506459901968384,26.083671568024066,23.426661429615905,42.27423470903136,33.38466010711344,19.413667520533885,24.755166498819985,24.755166498819985
2016-01-26,24.982500076293945,25.219999313354492,24.517499923706055,24.997499465942383,300308000,AAPL,-0.010082063139961406,26.059476891871302,23.48114772665897,43.7121317179374,18.933323129386274,25.417262652861194,24.770312309265137,24.770312309265137
2016-01-27,24.010000228881836,24.157499313354492,23.334999084472656,23.354999542236328,533478800,AAPL,-0.09254965051899688,26.111626548864507,23.262490685309437,33.423827570172094,-146.24572441498293,43.48783909659979,24.687058617086972,24.687058617086972
2016-01-28,23.447500228881836,23.6299991607666,23.09749984741211,23.522499084472656,222715200,AAPL,-0.14400950774614074,26.10943692966034,23.135284800889792,35.03685000096948,-153.70277279297878,46.19634320979304,24.622360865275066,24.622360865275066
2016-01-29,23.697500228881836,24.334999084472656,23.587499618530273,24.334999084472656,257666000,AAPL,-0.12968436926962212,26.058416949261847,23.15605617278277,42.078788424862935,-65.87309125118875,27.44017750177732,24.607236561022308,24.607236561022308
2016-02-01,24.11750030517578,24.177499771118164,23.850000381469727,24.107500076293945,163774000,AAPL,-0.13190774950652084,26.01229648338361,23.15220299018817,40.79781120487927,-67.60415885709504,27.440177501777324,24.58224973678589,24.58224973678589
2016-02-02,23.854999542236328,24.010000228881836,23.56999969482422,23.6200008392334,149428800,AAPL,-0.16429722138036595,25.676667093053382,23.216082502588705,38.218690476830865,-99.4029405497959,31.19216993048386,24.53642836071196,24.53642836071196
2016-02-03,23.75,24.209999084472656,23.520000457763672,24.087499618530273,183857200,AAPL,-0.15605775451573578,25.4600506123083,23.273698968075003,41.864595130476594,-70.65274227241032,26.36401894647793,24.51602250879461,24.51602250879461
2016-02-04,23.96500015258789,24.332500457763672,23.797500610351562,24.149999618530273,185886800,AAPL,-0.14357144633968844,25.343432599338502,23.287817019191774,42.335227262842515,-50.136098174260475,23.484486146990452,24.500108470087465,24.500108470087465
2016-02-05,24.1299991607666,24.229999542236328,23.422500610351562,23.5049991607666,185672400,AAPL,-0.17652078640870172,25.372520476261574,23.197979134639308,38.96743028160663,-92.02068674040818,28.634412432779545,24.458645582199097,24.458645582199097
2016-02-08,23.282499313354492,23.924999237060547,23.260000228881836,23.752500534057617,216085600,AAPL,-0.18286507116867057,25.373968174472633,23.147781512722194,40.835720895568706,-96.23472081091491,30.724561081000388,24.430399780273437,24.430399780273437
2016-02-09,23.572500228881836,23.985000610351562,23.482500076293945,23.747499465942383,177324800,AAPL,-0.18601189884009628,25.33784856244107,23.095401101865573,40.809608085274384,-81.51498391302971,29.278308814981923,24.404134383568397,24.404134383568397
2016-02-10,23.979999542236328,24.087499618530273,23.524999618530273,23.5674991607666,169374400,AAPL,-0.19904893513916022,25.240320868022838,23.05067873524865,39.860555103962525,-79.56880578642141,26.799258712813845,24.373147893834997,24.373147893834997
2016-02-11,23.447500228881836,23.68000030517578,23.147499084472656,23.424999237060547,200298800,AAPL,-0.2170837136495507,25.23532086152064,22.963428680715687,39.11557882877837,-111.12049459139749,31.78319178320677,24.339285441807338,24.339285441807338
2016-02-12,23.547500610351562,23.625,23.252500534057617,23.497499465942383,161405600,AAPL,-0.22340420761402768,25.133983964556233,22.926515608197672,39.70864364020658,-101.44481365398688,31.78319178320679,24.310258339191304,24.310258339191304
2016-02-16,23.7549991607666,24.212499618530273,23.65250015258789,24.15999984741211,196231600,AAPL,-0.17762804501764506,25.123315265894572,22.924934360265095,44.792186979503725,-35.651898820667725,18.36159843754853,24.305249722798667,24.305249722798667
2016-02-17,24.167499542236328,24.552499771118164,24.037500381469727,24.530000686645508,179452800,AAPL,-0.11275665281651825,25.163318616977346,22.921430986294137,47.3566409164459,17.42001426576215,11.55946338026294,24.244999758402507,24.3124997538905
2016-02-18,24.709999084472656,24.72249984741211,24.022499084472656,24.065000534057617,156084000,AAPL,-0.09499416376711167,25.15439718088823,22.91710245290083,44.65962754880235,12.338713694193295,8.339042144061196,24.191249783833822,24.30476540327072
2016-02-19,24.0,24.190000534057617,23.950000762939453,24.010000228881836,141496800,AAPL,-0.08408618565287185,25.151044690323655,22.913954890059646,44.35057189389573,-17.729603084738887,9.491690436829243,24.152416483561197,24.295833125258937
2016-02-22,24.077499389648438,24.225000381469727,23.979999542236328,24.219999313354492,137123200,AAPL,-0.05895067378303054,24.912110819743774,23.039388737751345,45.831201268333075,-0.25238027167700594,8.808351595697282,24.155999819437664,24.293602719026453
2016-02-23,24.100000381469727,24.125,23.637500762939453,23.672500610351562,127770400,AAPL,-0.07959129724040892,24.76294304728443,23.06980651021069,42.76261154807552,-55.77081350350933,14.227360383190632,24.137083180745442,24.275856944492887
2016-02-24,23.4950008392334,24.094999313354492,23.329999923706055,24.024999618530273,145022800,AAPL,-0.06831237396541212,24.54829147109568,23.18720810165823,45.20608690459601,-51.96735791740091,18.713705211953005,24.11683317820231,24.26888868543837
2016-02-25,24.012500762939453,24.190000534057617,23.8125,24.190000534057617,110330800,AAPL,-0.046239494369743284,24.55935359696456,23.259646074971474,46.315839152800855,-0.8298181053151716,16.761835051930618,24.090166536966958,24.266756573238887
2016-02-26,24.299999237060547,24.5049991607666,24.145000457763672,24.227500915527344,115964400,AAPL,-0.025591978771636548,24.582587689699363,23.306912165342144,46.570258059472536,50.06181383987523,10.528410318517132,24.0861665725708,24.2657235296149
2016-02-29,24.21500015258789,24.5575008392334,24.162500381469727,24.172500610351562,140865200,AAPL,-0.013325938075436028,24.557444747619268,23.315805260010126,46.237787702164894,55.68952872127314,9.52029963853447,24.062583287556965,24.263333198351738
2016-03-01,24.412500381469727,25.1924991607666,24.354999542236328,25.13249969482422,201628400,AAPL,0.06976294569156494,24.805975256322483,23.16977471315994,52.37671651758781,167.7347150034063,1.6978204608366236,24.090916633605957,24.28506236076355
2016-03-02,25.127500534057617,25.22249984741211,24.90999984741211,25.1875,132678400,AAPL,0.13821923171861172,25.02432195057412,23.108177934984965,52.696844118040445,185.78657808627761,2.18748848663558,24.124999936421712,24.307073034891268
2016-03-03,25.145000457763672,25.427499771118164,25.112499237060547,25.375,147822800,AAPL,0.20463924082660157,25.25354659004194,23.007703333664114,53.79225730991693,188.73318439558903,5.514464647689196,24.16424992879232,24.332499867393857
2016-03-04,25.592500686645508,25.9375,25.342500686645508,25.752500534057617,184220400,AAPL,0.28339405313250055,25.547771930426304,22.873728084832482,55.91836426058678,208.29425350251503,13.119762164645213,24.22016658782959,24.36552313871162
2016-03-07,25.59749984741211,25.707500457763672,25.239999771118164,25.467500686645508,143315600,AAPL,0.31978807486386174,25.714128281119596,22.903621886727084,53.97862875296985,172.08725947796614,11.257837416731336,24.223916625976564,24.390568082982842
2016-03-08,25.19499969482422,25.440000534057617,25.100000381469727,25.25749969482422,126247600,AAPL,0.32835762376538113,25.8246719770612,22.94357810686214,52.588113915939,139.97320122002031,8.729171957133866,24.237166595458984,24.409833229912653
2016-03-09,25.327499389648438,25.395000457763672,25.0674991607666,25.280000686645508,108806800,AAPL,0.3330565743905787,25.92160468635693,22.999895519636723,52.72310537592887,132.30560883073915,8.138917104939488,24.246583302815754,24.42874991375467
2016-03-10,25.352500915527344,25.559999465942383,25.037500381469727,25.292499542236328,134054400,AAPL,0.3338977169125066,25.98937280974898,23.104627434391645,52.800328946738695,124.79659240398324,10.685286537296914,24.31116663614909,24.44712756542449
2016-03-11,25.559999465942383,25.56999969482422,25.375,25.565000534057617,109632800,AAPL,0.35197404847354363,26.063034472376003,23.244965901464326,54.47739116087746,133.46940623194422,10.840243319495048,24.37925001780192,24.47041658560435
2016-03-14,25.477500915527344,25.727500915527344,25.44499969482422,25.6299991607666,100304400,AAPL,0.36718059367277434,26.12314961010632,23.398100733216435,54.87303614808396,128.1908999354625,13.291267845195097,24.42241668701172,24.494081536117864
2016-03-15,25.989999771118164,26.295000076293945,25.962499618530273,26.145000457763672,160270800,AAPL,0.4151631176426882,26.323610783487425,23.396139620870485,57.873970215671186,161.0613833753365,21.350258265516075,24.490333366394044,24.52709991455078
2016-03-16,26.15250015258789,26.577499389648438,26.147499084472656,26.49250030517578,153214000,AAPL,0.47521280146551703,26.58287628139374,23.333124084817197,59.74265076899191,164.89817856809213,24.94267188013585,24.586083348592123,24.565637177112055
2016-03-17,26.3799991607666,26.61750030517578,26.239999771118164,26.450000762939453,137682800,AAPL,0.5134843199814298,26.774632832469514,23.379867556629605,59.40923099156245,149.53301856635665,25.441512618146234,24.664833386739094,24.601874938377968
2016-03-18,26.584999084472656,26.625,26.297500610351562,26.479999542236328,176820800,AAPL,0.5399506635924602,26.930301398362257,23.471198922072315,59.57397532790165,137.3609145390325,25.537497615361982,24.74250005086263,24.637311251658314
2016-03-21,26.482500076293945,26.912500381469727,26.28499984741211,26.477500915527344,142010800,AAPL,0.5543175986883888,27.068156525695862,23.55909395495599,59.5531491776259,132.7049702357807,29.154403592685345,24.841583442687988,24.67138883802626
2016-03-22,26.3125,26.822500228881836,26.302499771118164,26.68000030517578,129777600,AAPL,0.5751768385540998,27.140069762306318,23.78793068782796,60.70484301265104,126.28449196361093,29.15440359268535,24.939166768391928,24.707909046519887
2016-03-23,26.6200008392334,26.767499923706055,26.475000381469727,26.532499313354492,102814000,AAPL,0.5733289809623123,27.18544492303128,23.993305496585418,59.429724575755195,117.05581083538115,29.154403592685345,25.032000096639,24.740491015570505
2016-03-24,26.36750030517578,26.5625,26.22249984741211,26.417499542236328,104532000,AAPL,0.5562679269275748,27.193172130334865,24.208328190099706,58.43966754151823,97.23324002143006,23.329865417573554,25.127000109354654,24.76991221779271
2016-03-28,26.5,26.547500610351562,26.264999389648438,26.297500610351562,77645600,AAPL,0.5270828493193456,27.145984189995435,24.462516099921555,57.407316491994244,90.34531800829696,23.329865417573554,25.22275015513102,24.7962499486989
2016-03-29,26.22249984741211,26.947500228881836,26.219999313354492,26.920000076293945,124760400,AAPL,0.5473701156746564,27.134237675094866,24.749012561416365,61.09543672868297,109.99906128284792,28.77523187225796,25.33683350880941,24.832245713573393
2016-03-30,27.162500381469727,27.604999542236328,27.149999618530273,27.389999389648438,182404400,AAPL,0.5941643488682686,27.34774825450516,24.761251951488493,63.55994664082653,150.70708399262512,36.450160214134954,25.444500160217284,24.874874941507976
2016-03-31,27.43000030517578,27.475000381469727,27.219999313354492,27.247499465942383,103553600,AAPL,0.6127707937730058,27.487613615014098,24.827386537573794,62.32169210819955,134.05133738539345,36.45016021413496,25.535083452860516,24.89004160563151
2016-04-01,27.19499969482422,27.5,27.049999237060547,27.497499465942383,103496000,AAPL,0.6401410135203669,27.66751074134456,24.859739357837565,63.608389188320785,126.08353512832161,32.499604477676534,25.64950008392334,24.92037493387858
2016-04-04,27.604999542236328,28.047500610351562,27.5674991607666,27.780000686645508,149424800,AAPL,0.6766506635647183,27.90015719832904,24.82984291611188,65.00536835085302,145.75577909587068,38.43783154992686,25.775166765848795,24.963791624704996
2016-04-05,27.377500534057617,27.6825008392334,27.354999542236328,27.452499389648438,106314800,AAPL,0.6715837104753284,28.011709646657142,24.916790338084066,62.14444063883594,115.8049463668396,33.71473782229916,25.882916768391926,25.019458293914795
2016-04-06,27.5575008392334,27.7450008392334,27.299999237060547,27.739999771118164,105616400,AAPL,0.6827444060096113,28.126497566670302,25.0502524257003,63.599284027242824,116.1215438411729,34.395740676421894,26.018500073750815,25.07779162724813
2016-04-07,27.487499237060547,27.604999542236328,27.030000686645508,27.135000228881836,127207600,AAPL,0.6357171104124895,28.106648300639712,25.255601645954528,58.68924465515099,87.782259895592,28.496086870273096,26.122166760762532,25.119499969482423
2016-04-08,27.227500915527344,27.4424991607666,27.042499542236328,27.165000915527344,94326800,AAPL,0.5940045842469139,28.054807348641138,25.494692735282204,58.85220379880496,81.12940898016349,28.496086870273096,26.221333440144857,25.155749988555907
2016-04-11,27.24250030517578,27.65250015258789,27.207500457763672,27.2549991607666,117630000,AAPL,0.5616951007215292,28.02068623850331,25.697813708090926,59.34983093831686,90.18689029332688,31.016617253160657,26.3222500483195,25.20420831044515
2016-04-12,27.334999084472656,27.625,27.165000915527344,27.610000610351562,108929200,AAPL,0.558166347395801,28.010964443297993,25.90553564825474,61.261528976946714,95.69685723603642,30.05681579086209,26.436833381652832,25.2497083346049
2016-04-13,27.700000762939453,28.084999084472656,27.700000762939453,28.010000228881836,133029200,AAPL,0.5808097424172978,28.130961738487617,25.972038330176932,63.27467507150273,129.5699816025816,35.359047970048096,26.53275006612142,25.311833349863686
2016-04-14,27.905000686645508,28.09749984741211,27.832500457763672,28.024999618530273,101895600,AAPL,0.5931180653762311,28.256950332343813,25.99929966765619,63.3485608946448,125.60426322521094,35.496515246320854,26.627333386739096,25.376166661580402
2016-04-15,28.02750015258789,28.075000762939453,27.4325008392334,27.462499618530273,187756000,AAPL,0.5512894574461811,28.269704879855553,26.087795005703526,58.762224619837426,88.9292608851952,26.5856021146671,26.69691670735677,25.430583318074543
2016-04-18,27.22249984741211,27.237499237060547,26.735000610351562,26.8700008392334,243286000,AAPL,0.4651279503976511,28.249848944694005,26.146651070564783,54.46548802734118,20.811380242222643,13.161069855863037,26.7341667175293,25.477166652679443
2016-04-19,26.969999313354492,27.0,26.5575008392334,26.727500915527344,129539600,AAPL,0.3809900365535839,28.231774982324428,26.18972503293436,53.49233203344104,-0.8512068830128582,10.087593137740292,26.776166725158692,25.500041675567626
2016-04-20,26.65999984741211,27.022499084472656,26.514999389648438,26.782499313354492,122444000,AAPL,0.3151034066919003,28.22666048926751,26.205089426809153,53.82175746686946,-5.072803019097384,9.351913943820914,26.827000045776366,25.532083320617676
2016-04-21,26.732500076293945,26.732500076293945,26.3799991607666,26.49250030517578,126210000,AAPL,0.23682033092692123,28.230495179292124,26.197254835966664,51.8196083481067,-37.822805340274506,7.002296199173494,26.867416699727375,25.557000001271565
2016-04-22,26.252500534057617,26.6200008392334,26.155000686645508,26.420000076293945,134732400,AAPL,0.16702041428377257,28.230208356933524,26.19779171173103,51.32582030838247,-61.43489410744617,3.179912292638603,26.90500005086263,25.60808334350586
2016-04-25,26.25,26.412500381469727,26.127500534057617,26.270000457763672,112126400,AAPL,0.09849315472702003,28.234115488762512,26.19113456464325,50.29996026196441,-83.95638077539935,2.7159763791902143,26.9285000483195,25.65387503306071
2016-04-26,25.977500915527344,26.325000762939453,25.977500915527344,26.087499618530273,224064800,AAPL,0.029154882209649458,28.304413859690104,26.03758614793929,49.06564056900966,-107.54425812623387,0.17443007517554782,26.94375006357829,25.683083375295002
2016-04-27,24.0,24.677499771118164,23.920000076293945,24.454999923706055,458408400,AAPL,-0.15547244206858934,28.67858804168571,25.369912019349446,39.98581563709435,-301.751901409448,25.857234161519788,26.887416712443034,25.688875039418537
2016-04-28,24.40250015258789,24.469999313354492,23.5625,23.707500457763672,328970800,AAPL,-0.35786861240761425,29.06319091540234,24.631309244814947,36.76329664718007,-302.1106783964862,29.16585560964171,26.794583384195963,25.690333366394043
2016-04-29,23.497499465942383,23.68000030517578,23.127500534057617,23.434999465942383,274126000,AAPL,-0.5340594822555502,29.30850237118954,23.979747789027748,35.67891629948764,-295.95438346670494,32.933088314824275,26.694083340962727,25.679458363850912
2016-05-02,23.49250030517578,23.520000457763672,23.100000381469727,23.40999984741211,192640400,AAPL,-0.6680013926639923,29.39686657979336,23.454383496500583,35.579317671472964,-252.6333357560696,33.16554916184363,26.59175001780192,25.667125034332276
2016-05-03,23.549999237060547,23.934999465942383,23.420000076293945,23.795000076293945,227325200,AAPL,-0.7346574731150426,29.39272631680464,23.092773828153852,38.322286239752934,-189.36980697503486,26.329853600256648,26.50233332316081,25.671958382924398
2016-05-04,23.799999237060547,23.975000381469727,23.454999923706055,23.547500610351562,164102000,AAPL,-0.7982230942971,29.318657184032396,22.747593044849438,37.26703259914113,-166.63011512731669,25.68653558546882,26.397916666666667,25.668541717529298
2016-05-05,23.5,23.517499923706055,23.170000076293945,23.309999465942383,143562000,AAPL,-0.8578484796705332,29.29820954001807,22.38554061256982,36.27544098187529,-159.93288243609985,28.37486883464778,26.290500005086262,25.66125005086263
2016-05-06,23.342500686645508,23.362499237060547,22.962499618530273,23.18000030517578,174799600,AAPL,-0.9051433431540588,29.234592149769355,22.050657941783378,35.73701695668325,-146.1544823195766,30.27465174173749,26.182583363850913,25.654791736602782
2016-05-09,23.25,23.4424991607666,23.147499084472656,23.197500228881836,131745600,AAPL,-0.9304858830861136,29.10584802954172,21.773652168822537,35.869571535709255,-124.87688364490675,28.910941517967505,26.07925001780192,25.65100008646647
2016-05-10,23.332500457763672,23.392499923706055,23.02750015258789,23.354999542236328,134747200,AAPL,-0.92718369441004,28.856477246498233,21.597522845054502,37.07794865286334,-111.68652949337701,30.04720310086973,25.960416666666667,25.648625087738036
2016-05-11,23.3700008392334,23.392499923706055,23.114999771118164,23.127500534057617,114876400,AAPL,-0.9321603050997602,28.478529975420134,21.487220146650177,36.06259024824562,-102.6856285381407,30.047203100869723,25.818333371480307,25.631416765848794
2016-05-12,23.18000030517578,23.19499969482422,22.36750030517578,22.584999084472656,305258800,AAPL,-0.9686748893751549,28.053068536158555,21.368681532505995,33.780590665734195,-110.5943319648864,36.783006722550205,25.662916692097983,25.59900007247925
2016-05-13,22.5,22.917499542236328,22.5,22.6299991607666,177571200,AAPL,-0.982655514227325,27.6695682910909,21.268931731797284,34.13821555835531,-102.3150001497692,36.78300672255021,25.500666681925455,25.575083382924397
2016-05-16,23.09749984741211,23.59749984741211,22.912500381469727,23.469999313354492,245039200,AAPL,-0.9154491543419461,27.318715662869806,21.279784207430488,40.35811249802267,-73.43573388248141,25.059790750668427,25.356999969482423,25.56608336766561
2016-05-17,23.637500762939453,23.674999237060547,23.252500534057617,23.372499465942383,187667600,AAPL,-0.860134009364586,26.94897297303762,21.31402675230418,39.90559918620978,-64.95916901244267,23.80873022602327,25.220999972025552,25.55195837020874
2016-05-18,23.540000915527344,23.802499771118164,23.47249984741211,23.639999389648438,168249600,AAPL,-0.7856674124816045,26.505288755732536,21.443460977238658,41.759012284477286,-53.81401747782624,21.73612271817117,25.08433329264323,25.551416683197022
2016-05-19,23.65999984741211,23.65999984741211,23.392499923706055,23.549999237060547,121768400,AAPL,-0.72554613931689,26.067196599021898,21.58730302713777,41.31551170190222,-54.155026952989395,22.577390828094583,24.96483325958252,25.543500010172526
2016-05-20,23.65999984741211,23.857500076293945,23.6299991607666,23.80500030517578,128104000,AAPL,-0.6498427118701642,25.57539633949477,21.817603309553082,43.08715499091722,-42.59604514248333,19.30230130857176,24.852833239237466,25.53708333969116
2016-05-23,23.967500686645508,24.297500610351562,23.917499542236328,24.107500076293945,152074400,AAPL,-0.5590059312793052,25.045184068985847,22.13156554191503,45.120311930876895,-26.442489429564926,12.382098880485632,24.747916603088377,25.53508332570394
2016-05-24,24.30500030517578,24.522499084472656,24.209999084472656,24.475000381469727,140560800,AAPL,-0.4521641310390834,24.480144092780044,22.53535559441478,47.47837113192968,-11.015081889856376,9.036368184573739,24.643416595458984,25.54012498855591
2016-05-25,24.667499542236328,24.934999465942383,24.52750015258789,24.905000686645508,152675200,AAPL,-0.32901587175096836,24.609847019574964,22.450652743913807,50.07491804170073,11.552830541422264,3.2089111931865153,24.539916610717775,25.536333338419595
2016-05-26,24.920000076293945,25.1825008392334,24.65999984741211,25.102500915527344,225324800,AAPL,-0.2130341331517407,24.887962117034395,22.312037692230742,51.22073523032421,28.39219764000253,0.10490472850531578,24.442499987284343,25.53491668701172
2016-05-27,24.860000610351562,25.11750030517578,24.8125,25.087499618530273,145364800,AAPL,-0.12093404803134433,25.128374694361494,22.236875130162435,51.128532382306005,37.87979790809312,0.10490472850532256,24.363333320617677,25.530125013987224
2016-05-31,24.899999618530273,25.100000381469727,24.704999923706055,24.96500015258789,169228800,AAPL,-0.05716669839748434,25.308050576095308,22.212699278946193,50.36269574481398,39.864634865776424,1.3671048564647836,24.299833297729492,25.517000007629395
2016-06-01,24.7549991607666,24.885000228881836,24.582500457763672,24.614999771118164,116693200,AAPL,-0.03446681532082252,25.395656755868007,22.20709306865592,48.227559103909144,32.25462874442453,3.0476960936385673,24.229416592915854,25.50279165903727
2016-06-02,24.399999618530273,24.459999084472656,24.157499313354492,24.43000030517578,160766400,AAPL,-0.03104282249005408,25.45893146539357,22.232068328612776,47.13490044167229,15.674647082169594,8.63496410107048,24.150999959309896,25.489000002543133
2016-06-03,24.447500228881836,24.5674991607666,24.362499237060547,24.479999542236328,114019600,AAPL,-0.024018954666264136,25.52051993518228,22.287479866453467,47.467661216674045,33.204176105566,7.021152169376664,24.083916600545248,25.47566665013631
2016-06-06,24.497499465942383,25.47249984741211,24.387500762939453,24.657499313354492,93170000,AAPL,-0.004086172864447235,25.590119878730665,22.36562982372295,48.65458389293894,74.10059644053452,5.238511699080765,24.025166575113932,25.46508331298828
2016-06-07,24.8125,24.967500686645508,24.739999771118164,24.75749969482422,89638000,AAPL,0.019552619198517363,25.660078976464696,22.451670672583155,49.321917476534075,83.08538035612979,5.238511699080761,23.97474988301595,25.451624965667726
2016-06-08,24.7549991607666,24.889999389648438,24.670000076293945,24.735000610351562,83392400,AAPL,0.036055740052638896,25.720840356351903,22.528909399507473,49.17316783178208,88.72181147308441,4.250006894023824,23.929666582743327,25.436708323160808
2016-06-09,24.625,24.997499465942383,24.614999771118164,24.912500381469727,106405600,AAPL,0.0627313549622528,25.77449187967562,22.653757860924966,50.39413838596662,92.39523353489868,5.657822789274036,23.944916598002116,25.416166655222575
2016-06-10,24.63249969482422,24.837499618530273,24.6200008392334,24.707500457763672,126851600,AAPL,0.06656578622446219,25.691316197797768,22.949183680131917,48.98814807343488,74.1932083519235,5.65782278927403,23.978249931335448,25.386416657765707
2016-06-13,24.672500610351562,24.780000686645508,24.274999618530273,24.334999084472656,152082000,AAPL,0.03910113091780687,25.522552105267135,23.28844776503316,46.54701435698408,45.29821104182211,0.5788915746793926,24.008249918619793,25.35116662979126
2016-06-14,24.329999923706055,24.6200008392334,24.1875,24.364999771118164,127727600,AAPL,0.019530519628965237,25.477612849396213,23.42288706668045,46.76801816457024,35.23879065180358,0.6737975011605063,24.040083249409992,25.31591663360596
2016-06-15,24.454999923706055,24.602500915527344,24.25749969482422,24.28499984741211,117780800,AAPL,-0.0024059699257925615,25.394720148909162,23.597029805314474,46.24062665489902,32.19241372023392,0.673797501160509,24.056416575113932,25.27937494913737
2016-06-16,24.112499237060547,24.4375,24.017499923706055,24.387500762939453,125307200,AAPL,-0.011389606333008118,25.33966075314174,23.726839338410993,47.03231919630276,20.1743527761445,4.176938897096332,24.084416580200195,25.241166623433433
2016-06-17,24.155000686645508,24.162500381469727,23.825000762939453,23.832500457763672,244032800,AAPL,-0.06256633101076048,25.28852557421146,23.806224639411585,43.44834916125504,-17.738093253844973,6.901385636888915,24.101833279927572,25.196166642506917
2016-06-20,24.0,24.142499923706055,23.75749969482422,23.774999618530273,137647600,AAPL,-0.10653541410956535,25.293445540136485,23.79830460482201,43.09637326973422,-26.680554058534717,7.851772293176619,24.121666590372723,25.152124977111818
2016-06-21,23.735000610351562,24.087499618530273,23.670000076293945,23.977500915527344,142185600,AAPL,-0.12361773570502521,25.30503605018045,23.773714178701386,44.72763835783254,-28.0200446679984,9.096166788045796,24.147666613260906,25.113458315531414
2016-06-22,24.0625,24.22249984741211,23.837499618530273,23.887500762939453,116876400,AAPL,-0.1427713294183981,25.329263274747518,23.690736992281288,44.14578633943011,-23.69624522191792,6.794348859300567,24.16541665395101,25.062916660308836
2016-06-23,23.985000610351562,24.072500228881836,23.8125,24.024999618530273,128960800,AAPL,-0.1451830645754626,25.29044789120938,23.641552269007907,45.270995401890914,-29.916559627925064,7.169558532772726,24.1953332901001,25.0068333307902
2016-06-24,23.227500915527344,23.665000915527344,23.162500381469727,23.350000381469727,301245600,AAPL,-0.1992596454910327,25.286282018917397,23.470468087894126,41.069322207212664,-113.3798569766249,16.238925946381364,24.220833333333335,24.94187501271566
2016-06-27,23.25,23.262500762939453,22.875,23.010000228881836,181958400,AAPL,-0.266476913497236,25.307553132079246,23.241447035767433,39.174765043705825,-166.63280908423567,19.823063105068574,24.233500035603843,24.86708335876465
2016-06-28,23.225000381469727,23.415000915527344,23.03499984741211,23.397499084472656,161779600,AAPL,-0.2851937891359704,25.24630604546386,23.145944015571295,42.31229587588781,-133.1822251052206,17.07416549313639,24.23108336130778,24.794041665395103
2016-06-29,23.49250030517578,23.637500762939453,23.407499313354492,23.600000381469727,146124000,AAPL,-0.2804550140448683,25.208347867596228,23.082402254474086,43.87732776179865,-97.39720911548679,13.156037896484845,24.23866672515869,24.729833348592123
2016-06-30,23.610000610351562,23.9424991607666,23.575000762939453,23.899999618530273,143345600,AAPL,-0.249616112927999,25.17839136942571,23.05935868398005,46.11760825883282,-62.65067179982289,8.029198020698255,24.247333399454753,24.66583334604899
2016-07-01,23.872499465942383,24.11750030517578,23.832500457763672,23.97249984741211,104106000,AAPL,-0.21682678021529256,25.140839293563246,23.04616079036009,46.650011718838755,-42.15300339375487,5.200057075731094,24.261416753133137,24.61312500635783
2016-07-05,23.84749984741211,23.850000381469727,23.614999771118164,23.747499465942383,110820800,AAPL,-0.20661396790047704,25.070955921160774,23.025044178021354,45.215678073270865,-76.98959124438204,8.28809171030804,24.259500058492026,24.556166648864746
2016-07-06,23.649999618530273,23.915000915527344,23.592500686645508,23.88249969482422,123796400,AAPL,-0.18548916589192643,24.97284135093566,23.03565874824647,46.24161149377433,-64.99283739165458,7.208442619551908,24.252000045776366,24.499958324432374
2016-07-07,23.924999237060547,24.125,23.905000686645508,23.985000610351562,100558400,AAPL,-0.15864821185929046,24.87223653434024,23.061263564841887,47.02087469286674,-32.73362276566398,3.7512853082203064,24.235666720072427,24.439541657765705
2016-07-08,24.122499465942383,24.22249984741211,24.012500762939453,24.170000076293945,115648400,AAPL,-0.12105384362735094,24.726177338723627,23.133072729940924,48.41695652381155,-11.364038909588963,2.1688769592337582,24.211166699727375,24.375541655222573
2016-07-11,24.1875,24.412500381469727,24.1825008392334,24.2450008392334,95179600,AAPL,-0.08423730728281242,24.631617888306007,23.181382218505515,48.98079953673749,14.312148020041644,0.878778499137179,24.182583363850913,24.312541675567626
2016-07-12,24.292499542236328,24.424999237060547,24.280000686645508,24.354999542236328,96670000,AAPL,-0.045657971498982874,24.63515684540682,23.179843307181073,49.813112469905136,30.727698974226225,1.0795822752005373,24.158166694641114,24.260750007629394
2016-07-13,24.352500915527344,24.417499542236328,24.209999084472656,24.217500686645508,103568800,AAPL,-0.025879892117036007,24.611055925339862,23.189194318800766,48.78399457646249,23.705371060349396,0.09305019758907566,24.133250045776368,24.21654167175293
2016-07-14,24.34749984741211,24.747499465942383,24.329999923706055,24.697500228881836,155676000,AAPL,0.02820005800911929,24.699403237599896,23.142097044687702,52.339832913086006,78.85957640085576,5.266533105398937,24.136000061035155,24.182708326975504
2016-07-15,24.729999542236328,24.825000762939453,24.625,24.69499969482422,120548000,AAPL,0.07004953673862957,24.764161002382522,23.108089173093553,52.320257029141516,95.28665309249696,6.48309888593076,24.144833374023438,24.147916666666667
2016-07-18,24.674999237060547,25.032499313354492,24.649999618530273,24.957500457763672,145975600,AAPL,0.1229789680370672,24.935605242525636,23.049144932950437,54.18128544084162,116.91967628724308,9.695079627640588,24.160750071207683,24.122333335876466
2016-07-19,24.889999389648438,25.0,24.834999084472656,24.967500686645508,95119600,AAPL,0.16384412666623405,25.08396400652879,23.02003627575881,54.25165698705031,124.32137890488991,9.695079627640592,24.171083450317383,24.09812501271566
2016-07-20,25.0,25.114999771118164,24.934999465942383,24.989999771118164,105104000,AAPL,0.19578856102297948,25.21537844639364,22.98987172145304,54.414608368187935,134.08165237849977,11.497950312771017,24.178833452860513,24.07679166793823
2016-07-21,24.957500457763672,25.25,24.782499313354492,24.857500076293945,130808000,AAPL,0.20801547418682276,25.30807731301559,22.99417278616654,53.25890026022887,123.04654501951717,8.525720407281991,24.182916768391927,24.05629167556763
2016-07-22,24.815000534057617,24.825000762939453,24.577499389648438,24.665000915527344,113254800,AAPL,0.19986864787954417,25.36061028140334,23.0056399474785,51.61143668944398,81.55254673303291,4.646478936133077,24.174666786193846,24.05979169209798
2016-07-25,24.5625,24.709999084472656,24.229999542236328,24.334999084472656,161531600,AAPL,0.1648836374206013,25.34367552270377,23.121074576478357,48.92741124027718,41.91827460596996,1.5260036762329876,24.162250073750815,24.07025000254313
2016-07-26,24.204999923706055,24.49250030517578,24.104999542236328,24.167499542236328,224959200,AAPL,0.12223314973117283,25.242722135966655,23.33777789455092,47.62690169971823,15.497704459357285,3.640983674754551,24.15666675567627,24.08245833714803
2016-07-27,26.0674991607666,26.087499618530273,25.6875,25.737499237060547,369379200,AAPL,0.21266476737264384,25.466838917182173,23.347661128594197,58.35913780311671,241.82197353451352,19.25149984263668,24.202416737874348,24.12124999364217
2016-07-28,25.707500457763672,26.112499237060547,25.704999923706055,26.084999084472656,159479200,AAPL,0.30881259052913634,25.761595373311305,23.301404542765358,60.22537299323028,226.3461705119717,19.539663605156505,24.262416712443034,24.15941664377848
2016-07-29,26.047500610351562,26.137500762939453,25.920000076293945,26.052499771118164,110934800,AAPL,0.3780303256882789,26.005670736114983,23.27257919522047,59.96536305244458,200.6402282065743,19.83563018551193,24.317916679382325,24.20116662979126
2016-08-01,26.102500915527344,26.537500381469727,26.102500915527344,26.512500762939453,152671600,AAPL,0.46464747629846315,26.329720225916496,23.20252979697169,62.34567130825323,206.33939014487657,24.435993447224565,24.407250022888185,24.254541651407877
2016-08-02,26.512500762939453,26.517499923706055,26.0,26.1200008392334,135266400,AAPL,0.49590458824032524,26.482570048343973,23.28693011187331,59.23686652646683,165.58593091440378,22.571369716406092,24.485416730244953,24.303541660308838
2016-08-03,26.202499389648438,26.459999084472656,26.1924991607666,26.447500228881836,120810400,AAPL,0.5408674643166194,26.68226448292309,23.343735730699958,60.91895000146309,159.9264065095857,22.571369716406103,24.567750040690104,24.357708326975505
2016-08-04,26.395000457763672,26.5,26.31999969482422,26.467500686645508,109634800,AAPL,0.571526505457804,26.853072327211823,23.42117789404062,61.020567428352464,148.03940345175573,23.052902798515987,24.653750038146974,24.40958334604899
2016-08-05,26.5674991607666,26.912500381469727,26.545000076293945,26.8700008392334,162213600,AAPL,0.6211419720858551,27.089542795689443,23.45470750185694,63.02223519834805,157.3749267055277,27.840274051652102,24.74858341217041,24.471958351135253
2016-08-08,26.8799991607666,27.092500686645508,26.790000915527344,27.092500686645508,112148800,AAPL,0.6706850614994195,27.336267571805262,23.492732710482333,64.07714246644429,156.38762825296018,29.811528981045388,24.873333422342935,24.547083377838135
2016-08-09,27.0575008392334,27.235000610351562,27.002500534057617,27.202499389648438,105260800,AAPL,0.7106324817671101,27.56798322283313,23.545767044195674,64.59371943453132,151.29367934806447,31.347451223948212,25.01308339436849,24.623291714986166
2016-08-10,27.177499771118164,27.225000381469727,26.940000534057617,27.0,96034000,AAPL,0.7176782478953179,27.701949678639153,23.690050519725105,62.8719287353591,129.99916948053118,30.056163480322855,25.1331667582194,24.68212505976359
2016-08-11,27.1299991607666,27.232500076293945,26.962499618530273,26.982500076293945,109938000,AAPL,0.7136237601672022,27.836926350734565,23.783573832370905,62.72246052137656,118.16998230245602,30.141416149978816,25.245916748046874,24.742291736602784
2016-08-12,26.94499969482422,27.110000610351562,26.94499969482422,27.045000076293945,74641600,AAPL,0.7073004192911263,27.954670414958482,23.90082980629396,63.04703063121277,106.76355801324645,29.75963544579069,25.350750096638997,24.799041748046875
2016-08-15,27.03499984741211,27.385000228881836,27.020000457763672,27.3700008392334,103472800,AAPL,0.7202116638605567,28.1188504370069,23.977899822392516,64.70035927106338,111.37971653784254,32.95685189249758,25.464000129699706,24.862708441416423
2016-08-16,27.407499313354492,27.5575008392334,27.302499771118164,27.344999313354492,135177600,AAPL,0.7201253500216538,28.249401919458368,24.085098202611942,64.47080871123151,111.88730176886864,34.88029569822492,25.58391679128011,24.921708424886067
2016-08-17,27.274999618530273,27.342500686645508,27.084999084472656,27.30500030517578,101424000,AAPL,0.7086603734649266,28.346902304750138,24.21909787072594,64.09445337648879,96.19776739751269,30.014972176155624,25.698000144958495,24.97500009536743
2016-08-18,27.3075008392334,27.399999618530273,27.2549991607666,27.270000457763672,87938800,AAPL,0.6888099368318521,28.397544825401518,24.409705388221532,63.75754891948787,94.8460920680707,30.698612305232885,25.807500139872232,25.02158342997233
2016-08-19,27.1924991607666,27.422500610351562,27.09000015258789,27.34000015258789,101472400,AAPL,0.6709919080186992,28.394415915750095,24.68033422157901,64.14745459363566,88.60466317660537,27.015425974035555,25.913166809082032,25.062166754404704
2016-08-22,27.21500015258789,27.274999618530273,26.962499618530273,27.127500534057617,103280800,AAPL,0.6324338073063522,28.232211295103177,25.121788987184424,62.05104397133322,74.24663288805287,24.217164758396134,26.009250132242837,25.095916748046875
2016-08-23,27.147499084472656,27.329999923706055,27.13249969482422,27.212499618530273,85030800,AAPL,0.6017977729867319,27.856694946373114,25.80180534354388,62.55738422505251,76.9886301073546,24.954950376869416,26.10450013478597,25.13133341471354
2016-08-24,27.142499923706055,27.1875,26.920000076293945,27.00749969482422,94700400,AAPL,0.5545838689034923,27.784054498149242,26.001445837544114,60.541980962068884,60.9487349638049,20.27489870462921,26.19750010172526,25.165375073750813
2016-08-25,26.84749984741211,26.969999313354492,26.670000076293945,26.892499923706055,100344800,AAPL,0.5020991298366084,27.739474561214664,26.126775858402034,59.4308585338728,43.91278040201992,15.031428488406634,26.270666758219402,25.20333340962728
2016-08-26,26.852500915527344,26.987499237060547,26.577499389648438,26.735000610351562,111065200,AAPL,0.4426926671030742,27.66746200730544,26.267038496234598,57.92468871442328,34.99041301867605,13.143431245976506,26.33866678873698,25.241750081380207
2016-08-29,26.655000686645508,26.860000610351562,26.572500228881836,26.704999923706055,99881200,AAPL,0.3887110000429175,27.655733962334377,26.29801645728232,57.63685741577587,27.504652002718455,13.039704379270539,26.396916770935057,25.278833421071372
2016-08-30,26.450000762939453,26.625,26.375,26.5,99455600,AAPL,0.32563468526019435,27.589701305543752,26.40204903014961,55.681043918495426,5.122483586153177,8.957336402303309,26.448000081380208,25.309541765848795
2016-08-31,26.415000915527344,26.642499923706055,26.40999984741211,26.524999618530273,118649600,AAPL,0.2744992506939603,27.579350442457347,26.420149832200856,55.86995804090455,3.0893038087222986,9.257724423817248,26.49916674296061,25.339000097910564
2016-09-01,26.53499984741211,26.700000762939453,26.405000686645508,26.6825008392334,106806000,AAPL,0.24387185321086946,27.555476209368898,26.465524080548093,57.062798703220516,5.142104189429992,10.264111629007635,26.56000010172526,25.371458435058592
2016-09-02,26.924999237060547,27.0,26.704999923706055,26.9325008392334,107210000,AAPL,0.23703984371643827,27.555919170953242,26.47133111896375,58.88753838766558,32.31069726054289,15.332186354511446,26.635583432515464,25.405125109354653
2016-09-06,26.975000381469727,27.075000762939453,26.877500534057617,26.924999237060547,107521600,AAPL,0.22838740296500148,27.54758881187494,26.462911333083557,58.80995739614509,37.786555865262464,16.551081489083792,26.72191677093506,25.442083422342936
2016-09-07,26.957500457763672,27.190000534057617,26.767499923706055,27.09000015258789,169457200,AAPL,0.23216816357057013,27.53564675064931,26.46360347060313,60.00877259675995,41.03219021690023,18.414102048716128,26.819333457946776,25.488000106811523
2016-09-08,26.8125,26.8174991607666,26.309999465942383,26.3799991607666,212008000,AAPL,0.17584633725113008,27.57203333900315,26.365216798325953,53.12600624148092,-65.05002258988739,8.449871016316324,26.84075012207031,25.52158342997233
2016-09-09,26.15999984741211,26.43000030517578,25.782499313354492,25.782499313354492,186228000,AAPL,0.082051865897661,27.711800834620423,26.10544922641473,48.30293271094507,-168.70539961867482,1.4421679393601488,26.830666796366373,25.546541754404704
2016-09-12,25.662500381469727,26.43000030517578,25.63249969482422,26.360000610351562,181171200,AAPL,0.05369952501872177,27.710797691045716,26.0379524233952,52.605095037330244,-141.95913968301244,4.0175370932200245,26.84091682434082,25.579416751861572
2016-09-13,26.877500534057617,27.197500228881836,26.809999465942383,26.987499237060547,248704800,AAPL,0.08093100196266079,27.66088149752787,26.049618456695764,56.65925030955236,32.81009167927308,8.621239924246616,26.856750106811525,25.632000064849855
2016-09-14,27.1825008392334,28.25749969482422,27.149999618530273,27.9424991607666,443554800,AAPL,0.1775261578538334,27.80363133921565,25.966618599749197,61.80333365257733,190.40715194205634,22.13805297556432,26.917500050862632,25.701458390553793
2016-09-15,28.46500015258789,28.9325008392334,28.372499465942383,28.892499923706055,359934400,AAPL,0.32696648938721395,28.240563587311723,25.68843631350615,65.9608516390123,345.5523991091996,29.051496294835804,26.999000040690103,25.783375040690103
2016-09-16,28.780000686645508,29.032499313354492,28.510000228881836,28.729999542236328,319547600,AAPL,0.4273602734448545,28.534984518959092,25.540015290306044,64.71443418587569,300.75182378969544,30.003973638249565,27.0744166692098,25.864083353678385
2016-09-19,28.797500610351562,29.045000076293945,28.3125,28.395000457763672,188092000,AAPL,0.4744226181028388,28.70252754243455,25.477972297348163,62.20755784540977,227.28761584020228,26.533300328950858,27.125249989827473,25.936916700998943
2016-09-20,28.262500762939453,28.530000686645508,28.127500534057617,28.392499923706055,138057200,AAPL,0.5056888261278694,28.867945766963043,25.439054011784517,62.188955940087055,166.07515797470487,23.342526098547843,27.16858329772949,26.020958360036214
2016-09-21,28.462499618530273,28.497499465942383,28.110000610351562,28.387500762939453,144012800,AAPL,0.5240235132198485,29.01353825588088,25.410961637307594,62.150519193127685,143.98586071359819,23.038911494231225,27.20808334350586,26.110583368937174
2016-09-22,28.587499618530273,28.735000610351562,28.5,28.655000686645508,124296000,AAPL,0.553755527902922,29.20393360783599,25.385316384534615,63.40260292530798,159.37783429692772,25.60977202638412,27.26325003306071,26.198208395640055
2016-09-23,28.604999542236328,28.697500228881836,27.887500762939453,28.177499771118164,209924800,AAPL,0.5326480201354755,29.297465583096198,25.420284394015617,59.752514106077676,104.43481245654259,15.331538013935292,27.303083356221517,26.274500052134197
2016-09-26,27.90999984741211,28.34749984741211,27.887500762939453,28.219999313354492,119477600,AAPL,0.5134310103812005,29.384814550588054,25.481435296824053,59.96472732648494,84.9143156478805,15.331538013935294,27.342249997456868,26.346500047047932
2016-09-27,28.25,28.295000076293945,28.084999084472656,28.272499084472656,98429600,AAPL,0.4967118961045891,29.465966786240568,25.557032977248202,60.23267897230451,83.77384669680544,15.331538013935301,27.372333272298178,26.418166700998942
2016-09-28,28.422500610351562,28.65999984741211,28.357500076293945,28.487499237060547,118564400,AAPL,0.4951033404990248,29.550850657532628,25.670899029662195,61.32916181041638,101.10898153590384,19.66804661462105,27.41041660308838,26.497166697184245
2016-09-29,28.290000915527344,28.450000762939453,27.950000762939453,28.045000076293945,143548000,AAPL,0.45290181109413297,29.56587089725218,25.807878835719013,57.928490516961936,63.696395134787366,12.984674736801285,27.43508326212565,26.566541703542075
2016-09-30,28.114999771118164,28.342500686645508,27.950000762939453,28.262500762939453,145516400,AAPL,0.43202713475809773,29.599377802566504,25.932371922775292,59.082160927455426,62.280130063985915,12.98467473680128,27.46816660563151,26.63783337275187
2016-10-03,28.177499771118164,28.262500762939453,28.06999969482422,28.1299991607666,86807200,AAPL,0.400179020966128,29.622507444825526,26.028992112669588,58.078486851886005,55.76859898349723,12.984674736801288,27.494499905904135,26.70383335749308
2016-10-04,28.264999389648438,28.577499389648438,28.157499313354492,28.25,118947200,AAPL,0.38023906306490574,29.646120462459745,26.13787917132932,58.73523986042059,65.65600963592298,16.953747093199738,27.53191655476888,26.77058334350586
2016-10-05,28.350000381469727,28.415000915527344,28.172500610351562,28.262500762939453,85812400,AAPL,0.36128059155549863,29.669914234988116,26.2313354598361,58.8047882939955,58.163823291499135,16.95374709319974,27.566916592915852,26.835708363850912
2016-10-06,28.424999237060547,28.584999084472656,28.282499313354492,28.47249984741211,115117200,AAPL,0.3590619885498434,29.619814829076276,26.490684934412492,59.97704130603685,67.0864861623084,19.08533192910312,27.61574993133545,26.906625016530356
2016-10-07,28.577499389648438,28.639999389648438,28.377500534057617,28.514999389648438,97433600,AAPL,0.35662216795325463,29.343532558933234,27.040217212184928,60.21406637398359,68.31536681125306,19.77452199095725,27.66983324686686,26.970250002543132
2016-10-10,28.7549991607666,29.1875,28.68000030517578,29.012500762939453,144944000,AAPL,0.3903332651768352,29.153687669716653,27.4953121166603,62.87643423255869,99.43788492342343,26.243762108102626,27.74574991861979,27.042208353678387
2016-10-11,29.424999237060547,29.672500610351562,29.049999237060547,29.075000762939453,256164000,AAPL,0.41728260455248645,29.048496487493455,27.80925345147139,63.19649809544505,118.69845574354741,31.319022830760563,27.82474994659424,27.110833358764648
2016-10-12,29.337499618530273,29.4950008392334,29.1875,29.334999084472656,150347200,AAPL,0.45438200359536296,29.19604726330616,27.800952668029293,64.51314187710739,120.68581847692369,31.319022830760584,27.91924991607666,27.183624998728433
2016-10-13,29.197500228881836,29.360000610351562,28.93000030517578,29.2450008392334,140769600,AAPL,0.471090995970318,29.271043319555773,27.761206703332412,63.69714987407484,104.82951253929009,26.37805293069216,28.00991662343343,27.254541683197022
2016-10-14,29.469999313354492,29.542499542236328,29.282499313354492,29.407499313354492,142608800,AAPL,0.49177636684082415,29.400125486814108,27.699874513185893,64.53501853929146,124.57952152337255,28.354478568100017,28.100749905904134,27.330375003814698
2016-10-17,29.332500457763672,29.459999084472656,29.19499969482422,29.387500762939453,94499600,AAPL,0.5007832390404232,29.524260728205004,27.67498930231257,64.34594580632569,116.87559958028572,26.66789132919139,28.182583236694335,27.409083334604897
2016-10-18,29.545000076293945,29.552499771118164,29.362499237060547,29.36750030517578,98214000,AAPL,0.5005374957842008,29.62819441381907,27.66855565484548,64.1514971554171,120.8366221272087,27.70675263482151,28.263999938964844,27.492958354949952
2016-10-19,29.3125,29.440000534057617,28.450000762939453,29.280000686645508,80138400,AAPL,0.48766080533421174,29.703605513590354,27.6823945474448,63.28597006083953,78.89407518838678,11.576324480804002,28.336999956766764,27.578166707356772
2016-10-20,29.21500015258789,29.344999313354492,29.082500457763672,29.264999389648438,96503200,AAPL,0.4708181575039063,29.76560519798483,27.68139473335062,63.13489622760349,93.83229684198864,11.576324480803994,28.433166631062825,27.636958376566568
2016-10-21,29.202499389648438,29.227500915527344,29.06999969482422,29.149999618530273,92770800,AAPL,0.44308313199029215,29.797581846309747,27.746668069766912,61.96189644290521,80.91127061324285,11.370094639138328,28.545416641235352,27.688041718800864
2016-10-24,29.274999618530273,29.434999465942383,29.25,29.412500381469727,94154800,AAPL,0.4372442597208668,29.86070489323694,27.802795129651248,63.5605597581825,104.9580628653339,14.096510305692947,28.647166633605956,27.74404172897339
2016-10-25,29.487499237060547,29.59000015258789,29.327499389648438,29.5625,192516000,AAPL,0.4396525841254899,29.93922985063509,27.85327026380583,64.44391408606272,116.47703634924854,16.091136121630196,28.732999992370605,27.794875049591063
2016-10-26,28.577499389648438,28.924999237060547,28.327499389648438,28.897499084472656,264536800,AAPL,0.3834806618798865,29.941866409438965,27.891633689743166,57.99603489176334,-5.400903249000253,0.5146457769857283,28.764833323160808,27.841166687011718
2016-10-27,28.84749984741211,28.96500015258789,28.524999618530273,28.6200008392334,138248000,AAPL,0.31296456122105454,29.897305314647454,27.99369486082862,55.59482245268736,-7.370388930442874,1.0639567501573381,28.75575002034505,27.877375030517577
2016-10-28,28.467500686645508,28.802499771118164,28.362499237060547,28.43000030517578,151446800,AAPL,0.2389936200122449,29.883054872465305,28.024695257234402,54.01090843886796,-33.232337363540005,1.2279704148828527,28.74575004577637,27.910083357493082
2016-10-31,28.412500381469727,28.5575008392334,28.299999237060547,28.385000228881836,105677600,AAPL,0.17472585554792985,29.854274597689688,28.07897563882154,53.6365053587467,-50.37636562092398,2.111225800707021,28.74541670481364,27.935333347320558
2016-11-01,28.364999771118164,28.4424991607666,27.63249969482422,27.872499465942383,175303200,AAPL,0.08149919223860635,29.9122856102447,27.983214572860767,49.58675594852557,-113.39118966860975,10.912827352126197,28.728083356221518,27.948333326975504
2016-11-02,27.850000381469727,28.087499618530273,27.8075008392334,27.897499084472656,113326800,AAPL,0.009523864910754298,29.96017284526415,27.898827169994636,49.77810349940428,-116.28891965459977,10.912827352126191,28.71174996693929,27.959916655222575
2016-11-03,27.7450008392334,27.864999771118164,27.387500762939453,27.457500457763672,107730400,AAPL,-0.08207519815358211,30.08855934951953,27.668940726774412,46.56046833754394,-153.66398599775897,15.99863651814964,28.671833292643228,27.967541662851968
2016-11-04,27.13249969482422,27.5625,27.02750015258789,27.209999084472656,123348000,AAPL,-0.17264921389289611,30.229167775183946,27.397832270592424,44.8726349483328,-179.74536633904958,20.045911259922473,28.639583269755047,27.971333312988282
2016-11-07,27.520000457763672,27.627500534057617,27.364999771118164,27.602500915527344,130240000,AAPL,-0.21033356386886126,30.254155718845016,27.23184434219014,47.967046292838184,-137.23029449972427,18.975206427282387,28.618999989827476,27.98062499364217
2016-11-08,27.577499389648438,27.93000030517578,27.424999237060547,27.764999389648438,97016800,AAPL,-0.22449853524242513,30.24072976820985,27.114270155496204,49.18857325254304,-109.7586227040221,14.076840161014456,28.602083333333333,27.987208302815755
2016-11-09,27.469999313354492,27.829999923706055,27.012500762939453,27.719999313354492,236705600,AAPL,-0.23662780888177082,30.183644090624238,27.00985585597,48.859975159918044,-121.67028964860647,18.793208272777445,28.57650000254313,27.993458302815757
2016-11-10,27.772499084472656,27.772499084472656,26.457500457763672,26.947500228881836,228538000,AAPL,-0.3050580434467882,30.198510363391534,26.765239522167548,43.678253752745036,-161.4128766426982,24.557027832158273,28.539916674296062,27.987499968210855
2016-11-11,26.780000686645508,27.217500686645508,26.637500762939453,27.107500076293945,136575600,AAPL,-0.34243151006641526,30.129952584280176,26.603797377572853,44.9296180454292,-154.57537103813738,24.557027832158283,28.501416651407876,27.984791628519694
2016-11-14,26.927499771118164,26.952499389648438,26.020000457763672,26.427499771118164,204702000,AAPL,-0.42205539903064704,30.113272290992274,26.324477571678624,40.93131137308008,-184.99013405459104,30.435895576979604,28.44466667175293,27.96958328882853
2016-11-15,26.642499923706055,26.920000076293945,26.540000915527344,26.77750015258789,129058000,AAPL,-0.4517087823357464,30.007122363647778,26.17162748376433,43.60356510871482,-141.59353489610896,30.435895576979604,28.39558334350586,27.96374994913737
2016-11-16,26.674999237060547,27.5575008392334,26.649999618530273,27.497499465942383,235362000,AAPL,-0.4123579709484879,29.849471532580576,26.15102819276122,48.55624070654351,-91.40474664358356,20.09649680299214,28.370083300272622,27.96849994659424
2016-11-17,27.452499389648438,27.587499618530273,27.207500457763672,27.487499237060547,110528000,AAPL,-0.377626066048407,29.673463640943243,26.149286069139766,48.49504981849241,-70.0989021834855,19.634858291928026,28.337249946594238,27.976499938964842
2016-11-18,27.43000030517578,27.635000228881836,27.415000915527344,27.514999389648438,113715600,AAPL,-0.34391728438300007,29.499027897453796,26.160221789741026,48.67903588184643,-58.54596938944543,18.88630558052139,28.303916613260906,27.986874930063884
2016-11-21,27.530000686645508,27.997499465942383,27.502500534057617,27.9325008392334,117058400,AAPL,-0.28028302694927376,29.25182177949723,26.259427953473963,51.405318274311604,-33.68231282896304,13.290172301304315,28.267916615804037,28.006833267211913
2016-11-22,27.987499237060547,28.104999542236328,27.850000381469727,27.950000762939453,103862000,AAPL,-0.22583701341095264,28.912684607568256,26.43731520169688,51.51699610685634,-18.761241764925977,11.67749741278626,28.230416615804035,28.02758328119914
2016-11-23,27.84000015258789,27.877500534057617,27.582500457763672,27.8075008392334,109705600,AAPL,-0.19197375413001438,28.719781930983633,26.521218053757575,50.53862550590047,-32.693349328558604,14.79951121876169,28.179500007629393,28.049374961853026
2016-11-25,27.782499313354492,27.967500686645508,27.737499237060547,27.947500228881836,45903600,AAPL,-0.1520869332131376,28.59477147553796,26.578978448168094,51.47521916255385,-19.302947515389906,13.404313152213573,28.13624998728434,28.073083305358885
2016-11-28,27.857500076293945,28.11750030517578,27.84749984741211,27.892499923706055,108776000,AAPL,-0.1234908791650362,28.499587086791788,26.620412798767294,51.08210738927155,-9.840994225967536,11.076814653950704,28.085750007629393,28.093249956766766
2016-11-29,27.69499969482422,28.00749969482422,27.517499923706055,27.864999771118164,114115200,AAPL,-0.10187300417445755,28.403639095530636,26.66436074425208,50.8811204789497,-20.993119689681865,15.045032943036862,28.034999974568684,28.10879160563151
2016-11-30,27.899999618530273,28.049999237060547,27.5674991607666,27.6299991607666,144649200,AAPL,-0.10252146381761307,28.378304088327717,26.66544572093742,49.17085369829465,-22.05882390398777,14.36509744238913,27.977083269755045,28.120541604359946
2016-12-01,27.592500686645508,27.735000610351562,27.25749969482422,27.372499465942383,148347600,AAPL,-0.12240246633232843,28.33560302667666,26.655646820735445,47.366148572343285,-51.073988451003956,18.021062850403265,27.913499895731608,28.125249926249186
2016-12-02,27.292499542236328,27.522499084472656,27.212499618530273,27.475000381469727,106112000,AAPL,-0.12840713935970882,28.336347255449002,26.65665258433371,48.149800520415,-53.83058847876513,18.543283130086685,27.85383326212565,28.14349994659424
2016-12-05,27.5,27.50749969482422,27.0625,27.27750015258789,137298000,AAPL,-0.14740332982919924,28.335405967163528,26.664343979430708,46.76203967841142,-65.76178380723302,20.294105358253585,27.791416613260903,28.168416627248128
2016-12-06,27.375,27.59000015258789,27.297500610351562,27.487499237060547,104782000,AAPL,-0.14385451150652528,28.328263840774103,26.659985937973456,48.397952389088346,-37.497319437282464,18.840756022624262,27.727249908447266,28.187208271026613
2016-12-07,27.315000534057617,27.797500610351562,27.290000915527344,27.75749969482422,119994800,AAPL,-0.11789623283909734,28.327382726068357,26.66011708319678,50.424138546300014,-5.720752369626968,15.218866282643182,27.66708323160807,28.200041611989338
2016-12-08,27.71500015258789,28.107500076293945,27.649999618530273,28.030000686645508,108273200,AAPL,-0.07447703269432182,28.371627781370343,26.646872165223897,52.376501458721066,56.79719424502708,10.036002816689972,27.638166618347167,28.20149997075399
2016-12-09,28.077499389648438,28.674999237060547,28.077499389648438,28.487499237060547,137610400,AAPL,-0.0031147892495191343,28.51024383434504,26.662256013067072,55.4252663086184,152.42238310239196,1.3981878081612797,27.63374989827474,28.194749959309895
2016-12-12,28.322500228881836,28.75,28.122499465942383,28.325000762939453,105497600,AAPL,0.03986845539410311,28.59833676551418,26.69591315056248,54.15148226952816,152.48959888262348,0.32150728698871,27.63024991353353,28.187999979654947
2016-12-13,28.459999084472656,28.979999542236328,28.4375,28.797500610351562,174935200,AAPL,0.11078274047816095,28.666250733786622,26.864999266213378,57.11603123134599,209.0925714382337,2.9477333799321785,27.643999926249187,28.19470831553141
2016-12-14,28.760000228881836,29.049999237060547,28.7450008392334,28.797500610351562,136127200,AAPL,0.16507988416343267,28.753631621380322,26.979618424396044,57.11603123134599,208.77057238790823,3.933372248683218,27.674833297729492,28.201458326975505
2016-12-15,28.844999313354492,29.1825008392334,28.8075008392334,28.954999923706055,186098000,AAPL,0.2183031767988588,28.93202995741595,26.946970134136784,58.08285763273694,203.36219608997814,5.806558847210006,27.710083325703938,28.210916646321614
2016-12-16,29.11750030517578,29.125,28.912500381469727,28.99250030517578,177404400,AAPL,0.26050603559942687,29.087920770416204,26.941579427948056,58.314341364827214,182.26018118210646,5.806558847210017,27.76124998728434,28.216541639963786
2016-12-19,28.950000762939453,29.344999313354492,28.9375,29.15999984741211,111117600,AAPL,0.3039640104650623,29.257498881853323,26.936501362287302,59.35156832745339,178.6927891945775,8.960720991678036,27.826250012715658,28.232916641235352
2016-12-20,29.184999465942383,29.375,29.170000076293945,29.237499237060547,85700000,AAPL,0.3407305914940437,29.425964257718096,26.898535826205244,59.829974910928534,169.17081901578482,9.388755294072446,27.880749956766763,28.249874973297118
2016-12-21,29.200000762939453,29.350000381469727,29.19499969482422,29.264999389648438,95132800,AAPL,0.3678470920159711,29.579036221882788,26.87696372471145,60.0027747348633,150.295144249633,9.388755294072455,27.930749956766764,28.26641664505005
2016-12-22,29.087499618530273,29.127500534057617,28.90999984741211,29.072500228881836,104343600,AAPL,0.36954416552037017,29.677385804265132,26.90511408129395,58.19015096718824,112.82969416178177,4.398706098026646,27.975833320617674,28.276166661580405
2016-12-23,28.897499084472656,29.1299991607666,28.897499084472656,29.1299991607666,56998000,AAPL,0.37124926134811886,29.775114287485934,26.925635491261623,58.576815213425306,103.73438590752562,4.1830586124297815,28.048583285013834,28.294249979654946
2016-12-27,29.1299991607666,29.450000762939453,29.122499465942383,29.315000534057617,73187600,AAPL,0.3831123460643582,29.89130971248399,26.951690127298722,59.81381777130742,116.346279364926,9.152430356811818,28.122166633605957,28.31179164250692
2016-12-28,29.3799991607666,29.5049991607666,29.049999237060547,29.190000534057617,83623600,AAPL,0.3780693230610268,29.97132589068823,27.004174025388426,58.5908494061426,103.27901493545644,7.841571679717872,28.214249992370604,28.32945833206177
2016-12-29,29.112499237060547,29.27750015258789,29.100000381469727,29.1825008392334,60158000,AAPL,0.36921148809433646,30.02220416074379,27.10854592317955,58.51659032898626,90.57916258070479,7.8415716797178705,28.294416681925455,28.34500001271566
2016-12-30,29.162500381469727,29.299999237060547,28.857500076293945,28.954999923706055,122345200,AAPL,0.33991582945795074,29.99667629596725,27.292323833732457,56.27826470976475,70.81397755932711,3.3968046136882437,28.34300003051758,28.356541665395103
2017-01-03,28.950000762939453,29.082500457763672,28.690000534057617,29.037500381469727,115127600,AAPL,0.31967093876468766,29.966511765303142,27.478738364396566,56.89677999193965,56.78843085616652,0.4388657804282767,28.394666735331217,28.365958340962727
2017-01-04,28.962499618530273,29.127500534057617,28.9375,29.0049991607666,84472400,AAPL,0.2975738935422747,29.854450667397657,27.76354936311992,56.570635033669824,61.53222323991617,1.2242017730250627,28.44433339436849,28.374125003814697
2017-01-05,28.979999542236328,29.21500015258789,28.952499389648438,29.15250015258789,88774400,AAPL,0.28863669909453904,29.741349918643483,28.04315020342683,57.70876503762059,65.82314766131991,2.766952397949273,28.48500003814697,28.376458326975506
2017-01-06,29.19499969482422,29.540000915527344,29.11750030517578,29.477500915527344,127007600,AAPL,0.3042713032795312,29.67885890366286,28.277641340477768,60.092591398055625,88.28853011669736,8.271850601899681,28.5359167098999,28.38316666285197
2017-01-09,29.487499237060547,29.857500076293945,29.485000610351562,29.747499465942383,134247600,AAPL,0.33459150365195356,29.692678557721116,28.435571564349196,61.93647525292393,114.331826888168,13.236125144338642,28.6005833307902,28.390041669209797
2017-01-10,29.6924991607666,29.844999313354492,29.575000762939453,29.77750015258789,97848400,AAPL,0.3569268549662077,29.77259783894136,28.484652374681687,62.137561161560306,111.96556183277426,13.236125144338635,28.66158332824707,28.398916657765707
2017-01-11,29.684999465942383,29.982500076293945,29.649999618530273,29.9375,110354400,AAPL,0.38312203989294247,29.83303950614672,28.585460631182386,63.20985969075688,118.98984001142641,15.359088659292365,28.729749997456867,28.407750002543132
2017-01-12,29.725000381469727,29.825000762939453,29.552499771118164,29.8125,108344800,AAPL,0.38930775983955357,29.90744841791073,28.612551658383218,61.79544330490987,102.28255478083744,13.325085001287814,28.79466667175293,28.414833323160806
2017-01-13,29.77750015258789,29.905000686645508,29.702499389648438,29.760000228881836,104447600,AAPL,0.385529550029716,29.953908731508342,28.66234130663863,61.200442343289104,106.06074958464534,14.603143379910838,28.86566670735677,28.421374988555907
2017-01-17,29.584999084472656,30.059999465942383,29.55500030517578,30.0,137759200,AAPL,0.39732119584789416,30.053243395547554,28.667506650228816,62.89020774265966,115.12226133422891,17.054530494914896,28.953250058492024,28.433374977111818
2017-01-18,30.0,30.125,29.927499771118164,29.997499465942383,94852000,AAPL,0.4018323151146852,30.13616084039771,28.685089121455317,62.86070081034231,133.82602209101762,18.074764086037124,29.03733336130778,28.445583311716714
2017-01-19,29.850000381469727,30.022499084472656,29.842500686645508,29.94499969482422,102389200,AAPL,0.3965993662493368,30.202742192362546,28.697007754231695,62.226590333502045,120.92280711918656,16.142271465567966,29.12625001271566,28.458833312988283
2017-01-20,30.112499237060547,30.112499237060547,29.9325008392334,30.0,130391600,AAPL,0.39236731536517055,30.272159864417073,28.703840158471113,62.63507966343663,127.6209989127264,17.619131634740445,29.210000038146973,28.468624973297118
2017-01-23,30.0,30.202499389648438,29.9424991607666,30.020000457763672,88200800,AAPL,0.3861756616951375,30.336935107434837,28.714565022264868,62.786468380524234,127.67292401313095,19.09315646132931,29.285416730244954,28.476249980926514
2017-01-24,29.887500762939453,30.024999618530273,29.875,29.99250030517578,92844000,AAPL,0.3747300443791737,30.379045871656484,28.764454265672615,62.426703904690584,104.47168309341195,17.462523770448826,29.350833384195962,28.494500001271565
2017-01-25,30.104999542236328,30.524999618530273,30.06999969482422,30.469999313354492,129510400,AAPL,0.39958334146093577,30.51145051441033,28.76604963817756,65.93298647014795,153.52740282006775,25.300140331506064,29.41691672007243,28.525333309173583
2017-01-26,30.417499542236328,30.610000610351562,30.399999618530273,30.485000610351562,105350400,AAPL,0.4156983262097427,30.633143680801947,28.761356479415337,66.03599332506266,160.4467073539101,26.52711936249384,29.488916714986164,28.559583314259847
2017-01-27,30.53499984741211,30.587499618530273,30.399999618530273,30.487499237060547,82251600,AAPL,0.4237860442968788,30.7293267778076,28.794923252709978,66.05367895786969,145.6617984893718,26.527119362493846,29.54525000254313,28.594624964396157
2017-01-30,30.232500076293945,30.407499313354492,30.165000915527344,30.407499313354492,121510000,AAPL,0.41891134468028923,30.791176481381875,28.85557339654781,64.93376736921826,112.2058673173128,20.66330056806812,29.598916625976564,28.636874961853028
2017-01-31,30.287500381469727,30.34749984741211,30.155000686645508,30.337499618530273,196804000,AAPL,0.40473419588519377,30.794395345330727,28.990604502081382,63.95230698663427,98.58794785463725,20.417629098192528,29.644999949137368,28.677541637420653
2017-02-01,31.75749969482422,32.622501373291016,31.752500534057617,32.1875,447940000,AAPL,0.5365927655225597,31.339928435739598,28.760071373525538,74.49285089812915,328.6880032787964,46.197349532507765,29.751499938964844,28.756374963124593
2017-02-02,31.9950008392334,32.34749984741211,31.94499969482422,32.13249969482422,134841600,AAPL,0.6293982556756248,31.704395731902167,28.708354130768733,73.82891133474506,274.5879532449476,46.19734953250777,29.850583267211913,28.838416639963786
2017-02-03,32.07749938964844,32.29750061035156,32.040000915527344,32.27000045776367,98029200,AAPL,0.7059052019119534,32.03690767258688,28.687592220601598,74.41857179357253,240.88602683079392,46.197349532507765,29.951666641235352,28.91620829900106
2017-02-06,32.282501220703125,32.625,32.224998474121094,32.5724983215332,107383600,AAPL,0.7819329215353115,32.405733140976544,28.62826649281252,75.66632414440765,228.2566159007794,48.83855799345805,30.06191660563151,28.99633328119914
2017-02-07,32.6349983215332,33.022499084472656,32.61249923706055,32.88249969482422,152735200,AAPL,0.8573173365141784,32.79912469388614,28.5483749627911,76.86273460114494,219.424459633215,51.808953383013,30.18891658782959,29.08237495422363
2017-02-08,32.837501525878906,33.05500030517578,32.80500030517578,33.0099983215332,92016400,AAPL,0.9167800325794104,33.15640573890494,28.514343734666838,77.33682202718562,196.30007760014908,52.04445673749435,30.318249893188476,29.183416589101157
2017-02-09,32.912498474121094,33.11249923706055,32.779998779296875,33.10499954223633,113399600,AAPL,0.9604984242198213,33.48298943646123,28.50450999133418,77.68919978794801,171.49948557992252,52.46955175076843,30.4445831934611,29.283374913533528
2017-02-10,33.1150016784668,33.23500061035156,33.01250076293945,33.029998779296875,80262000,AAPL,0.9778219075316876,33.73657976001276,28.57266954571234,76.71504497960818,154.00237798631179,53.38034681917565,30.572583134969076,29.39341656366984
2017-02-13,33.27000045776367,33.45500183105469,33.1875,33.3224983215332,92141600,AAPL,1.0035844643975196,33.999739469626704,28.66575964536353,77.83627041040302,145.93873615111607,54.98297559158778,30.710583051045734,29.502499866485596
2017-02-14,33.36750030517578,33.772499084472656,33.3125,33.755001068115234,132904800,AAPL,1.0468335874183978,34.31794380180559,28.72305541999616,79.3567563569451,142.52010171687465,57.180547746536966,30.87058308919271,29.606791559855143
2017-02-15,33.880001068115234,34.067501068115234,33.654998779296875,33.877498626708984,142492400,AAPL,1.0785603854819747,34.603871810007846,28.825127327870575,79.76351470377455,138.36770436282904,59.099664722163816,31.031916364034018,29.713291549682616
2017-02-16,33.91749954223633,33.974998474121094,33.709999084472656,33.837501525878906,90338400,AAPL,1.0879356250899654,34.82093981981725,28.99730950116664,79.23615581684959,123.89913206402511,59.0996647221638,31.192999776204427,29.818666585286458
2017-02-17,33.775001525878906,33.95750045776367,33.775001525878906,33.93000030517578,88792800,AAPL,1.0902615915037224,35.00537446575196,29.2058748857495,79.55947009353196,115.18826712344595,59.099664722163794,31.35224978129069,29.918624909718833
2017-02-21,34.057498931884766,34.1875,33.994998931884766,34.17499923706055,98028800,AAPL,1.0992033706735214,35.179139469558535,29.44760975987262,80.39587400026275,115.42139732508421,60.62293000140253,31.50883305867513,30.022374884287515
2017-02-22,34.10749816894531,34.279998779296875,34.02750015258789,34.27750015258789,83347600,AAPL,1.1018592151832252,35.302062790088335,29.753186424084024,80.73701529423072,109.91894964238682,61.223753253634406,31.659833081563313,30.130208206176757
2017-02-23,34.345001220703125,34.369998931884766,34.07500076293945,34.13249969482422,83152800,AAPL,1.0798162167866039,35.39537509623732,30.026124156082012,78.73206623804259,102.61993310345123,61.810270008668,31.80499973297119,30.23329153060913
2017-02-24,33.977500915527344,34.165000915527344,33.81999969482422,34.165000915527344,87106400,AAPL,1.0528331534052882,35.43777039441253,30.351728888424383,78.85382940624906,91.03288710565077,54.94111464137873,31.945916430155435,30.337833213806153
2017-02-27,34.28499984741211,34.36000061035156,34.06999969482422,34.23249816894531,81029600,AAPL,1.0250788743504486,35.42210754219732,30.741891633828068,79.11076417550342,93.45908574485445,56.405137174948926,32.09324970245361,30.44395818710327
2017-02-28,34.27000045776367,34.36000061035156,34.17499923706055,34.247501373291016,93931600,AAPL,0.9928490951026632,35.29908769576157,31.24891168625747,79.16896420334656,90.8470642543267,56.405137174948926,32.242833073933916,30.554249890645345
2017-03-01,34.47249984741211,35.037498474121094,34.400001525878906,34.9474983215332,145658400,AAPL,1.012123536339061,35.132842171708766,31.87615708061057,81.63814340353346,108.2095693802996,61.10400003779507,32.40774968465169,30.680499871571858
2017-03-02,35.0,35.06999969482422,34.689998626708984,34.7400016784668,104844000,AAPL,0.9991379841725561,35.225587436140344,32.038661984025666,78.77483942682412,104.4770560156994,61.310947710048545,32.56583309173584,30.80158322652181
2017-03-03,34.69499969482422,34.95750045776367,34.647499084472656,34.94499969482422,84432400,AAPL,0.9939310487726942,35.30418138689336,32.24131803327265,79.50933997641341,100.68318151399663,60.15825704814169,32.732499758402504,30.92937488555908
2017-03-06,34.842498779296875,34.942501068115234,34.650001525878906,34.834999084472656,87000000,AAPL,0.9697497139590681,35.328640439437514,32.4733588433994,78.01081275572639,95.34086090146424,60.15825704814169,32.893666394551595,31.051833216349284
2017-03-07,34.76499938964844,34.994998931884766,34.6974983215332,34.880001068115234,69785200,AAPL,0.9433428467573464,35.362601573519065,32.67014798397606,78.18481911713229,94.31606380480403,60.53108461548593,33.05566641489665,31.1705415725708
2017-03-08,34.73749923706055,34.95000076293945,34.70500183105469,34.75,74828800,AAPL,0.9015329043801756,35.381855934802,32.8376436532107,76.37861735965582,87.83581254460643,60.531084615485916,33.214249738057454,31.28254156112671
2017-03-09,34.685001373291016,34.6974983215332,34.26250076293945,34.66999816894531,88623600,AAPL,0.8521200353186629,35.37626387804873,33.00923569470517,75.2716080273673,70.69254720145956,48.03554806263795,33.35424969991048,31.385583209991456
2017-03-10,34.8125,34.84000015258789,34.65999984741211,34.78499984741211,78451200,AAPL,0.8128694024512555,35.37025128668088,33.18324831659061,75.79333343437557,80.26963431076342,49.348997011270946,33.4975830078125,31.49324986139933
2017-03-13,34.712501525878906,34.85749816894531,34.70500183105469,34.79999923706055,69686800,AAPL,0.7740505456471141,35.31032547100619,33.42017417804167,75.86204648371174,79.89853372861602,49.51110125123729,33.6413330078125,31.593291505177817
2017-03-14,34.82500076293945,34.912498474121094,34.709999084472656,34.747501373291016,61236400,AAPL,0.7306279587833302,35.25725723440474,33.61574271981889,75.09029170628331,78.80217984674795,50.03110397339182,33.78599974314372,31.69245818456014
2017-03-15,34.852500915527344,35.1875,34.75749969482422,35.1150016784668,102767200,AAPL,0.7175974326336316,35.31277894214533,33.69622107311346,76.79948700484269,97.23988505844908,52.55843421707299,33.94524981180827,31.79512488047282
2017-03-16,35.18000030517578,35.255001068115234,35.064998626708984,35.17250061035156,76928000,AAPL,0.7037973918100704,35.37351348833652,33.764986725286526,77.05431631591291,106.12793471219506,53.15999288708675,34.04474983215332,31.89812488555908
2017-03-17,35.25,35.25,34.97249984741211,34.997501373291016,175540000,AAPL,0.6710048578182608,35.3746175796852,33.879882618679055,74.47868654499878,95.23618801039311,50.4555623097774,34.14024988810221,31.995416577657064
2017-03-20,35.099998474121094,35.375,35.057498931884766,35.3650016784668,86168000,AAPL,0.6669821862093386,35.44002504664871,33.95797528904465,76.20647310869931,111.39524651298304,51.64908978949896,34.24341659545898,32.097541618347165
2017-03-21,35.52750015258789,35.70000076293945,34.932498931884766,34.959999084472656,158119600,AAPL,0.623921684589611,35.44476750581733,34.031732814617236,70.74620956732909,99.18170742645702,54.591303268021186,34.32299995422363,32.19245827992757
2017-03-22,34.962501525878906,35.400001525878906,34.939998626708984,35.35499954223633,103440800,AAPL,0.6145846137435242,35.514851123088036,34.069399136311375,72.71842448796849,97.87034966817366,54.59130326802119,34.405416615804036,32.29716660181681
2017-03-23,35.314998626708984,35.39500045776367,35.15250015258789,35.22999954223633,81385200,AAPL,0.5902939216138918,35.5240656297899,34.16993461435072,71.14816484977297,96.95174707346293,54.59130326802119,34.47941665649414,32.39883327484131
2017-03-24,35.375,35.435001373291016,35.087501525878906,35.15999984741211,89582400,AAPL,0.5589517350694209,35.50560211186132,34.28789802546778,70.26914023377148,90.33117996370711,52.5362076077614,34.547916666666666,32.49624993006388
2017-03-27,34.84749984741211,35.30500030517578,34.654998779296875,35.220001220703125,94300400,AAPL,0.5328125049043564,35.484217652570855,34.40803278993403,70.59132213160545,65.76478924028756,39.74824677569022,34.620916748046874,32.59674994150797
2017-03-28,35.227500915527344,36.0099983215332,35.154998779296875,35.95000076293945,133499200,AAPL,0.5644946954081576,35.63824400336603,34.4242563781037,74.12093377253929,154.8298444044612,47.210924560862246,34.708500162760416,32.70954160690307
2017-03-29,35.91999816894531,36.122501373291016,35.79750061035156,36.029998779296875,116760000,AAPL,0.5892655445956976,35.83679367244488,34.333956754801214,74.46831850566798,192.73013024302222,48.268663197181006,34.78433341979981,32.82745825449626
2017-03-30,36.04750061035156,36.125,35.875,35.98249816894531,84829200,AAPL,0.598168405730668,35.979788945218566,34.31521113107538,73.85932774301237,184.4482892276291,48.29246711602411,34.85450007120768,32.94320821762085
2017-03-31,35.93000030517578,36.067501068115234,35.752498626708984,35.915000915527344,78646800,AAPL,0.5929424515811945,36.08940918297757,34.30259101538669,72.9819935663959,157.41036124132944,44.91059078046217,34.92375005086263,33.05837491353353
2017-04-03,35.9275016784668,36.029998779296875,35.76250076293945,35.92499923706055,79942800,AAPL,0.58288845102701,36.18330199823588,34.31769821538716,73.03108293653655,144.54695877934418,44.910590780462186,34.99025001525879,33.17124989827474
2017-04-04,35.8125,36.22249984741211,35.79249954223633,36.192501068115234,79565600,AAPL,0.5897079590407515,36.3210634879532,34.311186725669856,74.32233946143599,156.27865671454515,46.94529477663129,35.05750007629395,33.283166567484535
2017-04-05,36.05500030517578,36.3650016784668,35.95249938964844,36.005001068115234,110871600,AAPL,0.5733732948462489,36.39167030565302,34.366080014781545,71.82863820621981,148.6182863113204,48.40462786699688,35.11508344014486,33.38745826085408
2017-04-06,36.0724983215332,36.130001068115234,35.86249923706055,35.915000915527344,84596000,AAPL,0.5468618130648082,36.42304116662324,34.45920942846953,70.6515420858859,118.88215365128703,45.78470476885337,35.174500147501625,33.48974994023641
2017-04-07,35.932498931884766,36.04499816894531,35.817501068115234,35.834999084472656,66688800,AAPL,0.5134767532025677,36.43944878917994,34.54780172961889,69.6026756961062,101.44633238929292,44.46559666573854,35.23016675313314,33.588041591644284
2017-04-10,35.900001525878906,35.970001220703125,35.724998474121094,35.79249954223633,75733600,AAPL,0.47807850346602265,36.43864447133453,34.647856077981885,69.03942302656392,83.88581830154222,41.73826555233795,35.28216679890951,33.68770825068156
2017-04-11,35.73500061035156,35.837501525878906,35.01499938964844,35.407501220703125,121517600,AAPL,0.414184527129386,36.39338939027865,34.75911114377897,64.1728161820379,17.973776462602697,23.261423577242493,35.32083346048991,33.781833267211915
2017-04-12,35.400001525878906,35.537498474121094,35.252498626708984,35.45000076293945,81400000,AAPL,0.3627953692419368,36.38363355892596,34.80236688357892,64.45891003381824,14.044659938942345,23.26142357724249,35.33758354187012,33.872666613260904
2017-04-13,35.477500915527344,35.595001220703125,35.26250076293945,35.26250076293945,71291600,AAPL,0.30344152338456354,36.37902843120122,34.81597202656245,62.192320440571784,5.001754737641066,24.118762125951747,35.3550001780192,33.960416634877525
2017-04-17,35.369998931884766,35.470001220703125,35.217498779296875,35.45750045776367,66328400,AAPL,0.2690367306514787,36.353232118531096,34.887768247679844,63.57047937750638,3.5915681273595412,23.006180529623744,35.372083536783855,34.05229164759318
2017-04-18,35.352500915527344,35.5099983215332,35.27750015258789,35.29999923706055,58790000,AAPL,0.22645126311917352,36.3553110381678,34.87918908390252,61.69151743270072,-2.888763143535142,23.635550150072714,35.387583541870114,34.14062496821086
2017-04-19,35.470001220703125,35.5,35.11249923706055,35.16999816894531,69313600,AAPL,0.18013548382845102,36.33162454898734,34.92387548153024,60.17289552256655,-23.90492276767832,19.467983606307588,35.39725011189778,34.22645826339722
2017-04-20,35.30500030517578,35.72999954223633,35.290000915527344,35.61000061035156,93278400,AAPL,0.1768952761902156,36.33271358910819,34.94828654822091,63.3331980865508,23.683101259793652,23.20098950564084,35.425916798909505,34.32008326848348
2017-04-21,35.61000061035156,35.66999816894531,35.462501525878906,35.567501068115234,69283600,AAPL,0.1689504745153414,36.323413030373494,34.99133725954349,62.83499781793525,22.784346580254493,23.20098950564084,35.45583356221517,34.40504163106282
2017-04-24,35.875,35.98749923706055,35.79499816894531,35.90999984741211,68537200,AAPL,0.1881223932092695,36.32657173460608,35.06317855531091,65.12227461777115,81.29876098911527,28.123023786555624,35.49333356221517,34.49545828501383
2017-04-25,35.977500915527344,36.224998474121094,35.967498779296875,36.13249969482422,75486000,AAPL,0.21874855786875713,36.359466965315754,35.12153317201335,66.50751725622027,114.4290486074621,31.519258888974232,35.537750244140625,34.589541625976565
2017-04-26,36.11750030517578,36.150001525878906,35.845001220703125,35.91999816894531,80164800,AAPL,0.22329886648789454,36.355971167549846,35.122028710379844,63.99627847940287,81.30960794841688,28.28501803547211,35.576833470662436,34.68141660690308
2017-04-27,35.97999954223633,36.040000915527344,35.82749938964844,35.9474983215332,56985200,AAPL,0.2265129510370798,36.34471614553777,35.12503368661556,64.17735877054128,69.16918298562423,27.82043578814175,35.60458335876465,34.774916585286455
2017-04-28,36.022499084472656,36.07500076293945,35.817501068115234,35.912498474121094,83441600,AAPL,0.2236577536562976,36.33601364897257,35.12673621369834,63.75518272346043,63.885567963550066,28.35717741631152,35.62924995422363,34.83699989318848
2017-05-01,36.275001525878906,36.79999923706055,36.2400016784668,36.64500045776367,134411600,AAPL,0.27730517601390403,36.49492967848296,35.040820138411576,68.27371038122959,179.05421253540794,38.204185272341704,35.68416659037272,34.912208239237465
2017-05-02,36.8849983215332,37.022499084472656,36.709999084472656,36.877498626708984,181408800,AAPL,0.334723321810813,36.694746567536086,34.93625318832329,69.521326785527,217.0974584756549,40.787976281971886,35.73458315531413,34.988999875386554
2017-05-03,36.397499084472656,36.872501373291016,36.067501068115234,36.76499938964844,182788000,AAPL,0.36692023967185605,36.808231877987545,34.88001771002515,68.1792804742512,149.1436423557827,25.155953987538275,35.79474983215332,35.058874893188474
2017-05-04,36.630001068115234,36.78499984741211,36.45249938964844,36.63249969482422,93487600,AAPL,0.3773945416605642,36.900564838745794,34.8504346119378,66.6125507866466,150.46003887514075,25.155953987538286,35.83733317057292,35.121374893188474
2017-05-05,36.689998626708984,37.244998931884766,36.689998626708984,37.2400016784668,109310800,AAPL,0.42976180782058293,37.13503154490872,34.748467982068824,69.89389854320746,214.98668661323683,31.023822982434012,35.9043332417806,35.19187494913737
2017-05-08,37.25749969482422,38.42499923706055,37.25749969482422,38.252498626708984,195009600,AAPL,0.5466617095680988,37.638734281039284,34.48651520016188,74.25615943202673,323.47786226054643,42.902965977632796,36.007416534423825,35.277666600545246
2017-05-09,38.467498779296875,38.720001220703125,38.36249923706055,38.497501373291016,156521600,AAPL,0.6515645672506096,38.10571907961798,34.29003058468866,75.15722762875995,321.2075569962496,45.337637958977844,36.11666653951009,35.368791643778486
2017-05-10,38.407501220703125,38.48500061035156,38.02750015258789,38.314998626708984,103222800,AAPL,0.7117695549697132,38.43202807130058,34.254471333606645,73.18335843698748,231.98660865444285,38.40466390739845,36.19549980163574,35.45199998219808
2017-05-11,38.11249923706055,38.51750183105469,38.07749938964844,38.48749923706055,109020400,AAPL,0.7645881033819677,38.74587042779397,34.24437882452536,73.85476360223026,200.0961468348433,38.698154601269074,36.2774164835612,35.5308749516805
2017-05-12,38.67499923706055,39.10499954223633,38.66749954223633,39.025001525878906,130108000,AAPL,0.8401345777030613,39.12136429793889,34.2451350306744,75.8072102727801,211.0785393046632,43.71328438765582,36.37883326212565,35.61666666666667
2017-05-15,39.002498626708984,39.162498474121094,38.76250076293945,38.92499923706055,104038800,AAPL,0.8817718370779346,39.41778045797359,34.29546874856938,74.73309118896734,182.1260254807046,44.17567495287245,36.47916653951009,35.70145829518636
2017-05-16,38.98500061035156,39.01499938964844,38.68000030517578,38.86750030517578,80194000,AAPL,0.8997581302033169,39.636290918889074,34.43370839446541,74.10851828094691,154.22402684999528,42.43886855878932,36.577249908447264,35.783749961853026
2017-05-17,38.400001525878906,38.64250183105469,37.4275016784668,37.5625,203070800,AAPL,0.7994937129492783,39.61079741955448,34.698452076905475,61.95222434952627,81.23695596685873,19.777821049934293,36.62291653951009,35.84020830790202
2017-05-18,37.817501068115234,38.334999084472656,37.782501220703125,38.1349983215332,134272800,AAPL,0.7574973123972484,39.6611538236413,34.90059544393682,64.5883498860805,86.20775686658976,19.777821049934285,36.693916447957356,35.9044999440511
2017-05-19,38.345001220703125,38.494998931884766,38.157501220703125,38.26499938964844,107843200,AAPL,0.726332157143176,39.69061174592896,35.14088735380248,65.15546015250789,91.16395063705848,21.485438173338547,36.77224973042806,35.973374938964845
2017-05-22,38.5,38.64500045776367,38.227500915527344,38.497501373291016,91865600,AAPL,0.7121848899595165,39.752737635073295,35.337511617246044,66.1581765098318,91.83109465803118,23.0735142570644,36.860999806722006,36.04558327992757
2017-05-23,38.724998474121094,38.724998474121094,38.32749938964844,38.45000076293945,79675600,AAPL,0.6891955591185237,39.79858997326135,35.523409385869506,65.75824157527185,86.9362174445432,23.922468541720836,36.94958318074544,36.115874989827475
2017-05-24,38.459999084472656,38.54249954223633,38.16749954223633,38.334999084472656,76712000,AAPL,0.6541559716119352,39.773084412341184,35.79041503834241,64.77749186289705,72.87579781973535,21.156054747517633,37.047166442871095,36.1839999516805
2017-05-25,38.432498931884766,38.587501525878906,38.25749969482422,38.467498779296875,76942400,AAPL,0.6298183106555655,39.72138054432545,36.094118952134515,65.39268274242511,72.36107705914917,21.664868694315672,37.147749710083005,36.24266662597656
2017-05-26,38.5,38.560001373291016,38.32749938964844,38.40250015258789,87710400,AAPL,0.5983878503892583,39.59347162457869,36.47102803972795,64.81817095743884,67.15571117495743,21.66486869431567,37.25241635640462,36.30370826721192
2017-05-30,38.35499954223633,38.60749816894531,38.33250045776367,38.41749954223633,80507600,AAPL,0.568140143652407,39.545809349349845,36.69594022340406,64.89180369854583,64.18042763646426,22.231724106445522,37.351082992553714,36.36158326466878
2017-05-31,38.49250030517578,38.54249954223633,38.095001220703125,38.189998626708984,97804800,AAPL,0.5198190451851659,39.48566907034726,36.887330502406655,62.82859702218716,50.52092718326189,17.82149241446776,37.44741630554199,36.41749992370605
2017-06-01,38.29249954223633,38.33250045776367,38.05500030517578,38.29499816894531,65616400,AAPL,0.4844128028016357,39.37667620135736,37.14932324932624,63.384432384877016,44.32041565344539,17.085435640796124,37.55158297220866,36.47441654205322
2017-06-02,38.39500045776367,38.86249923706055,38.22249984741211,38.86249923706055,111082800,AAPL,0.49642323596553695,39.21348807323543,37.53551133167179,66.20953317385141,68.23415395047594,23.62524126224891,37.65999959309896,36.54295819600423
2017-06-05,38.584999084472656,38.61249923706055,38.3650016784668,38.48249816894531,101326800,AAPL,0.4698623991250699,39.084035579327924,37.789213474627154,62.85047055517245,54.797928470776355,23.625241262248927,37.75716616312663,36.6064998626709
2017-06-06,38.474998474121094,38.95249938964844,38.44499969482422,38.61249923706055,106499600,AAPL,0.4540685249928629,39.10049722384013,37.8087518911501,63.50572158936923,66.20931062275265,27.548373205497313,37.84724947611491,36.67029151916504
2017-06-07,38.755001068115234,38.994998931884766,38.619998931884766,38.842498779296875,84278400,AAPL,0.45486737882842476,39.14059299191215,37.803155863678676,64.64698059476675,76.5355512491912,28.02643547873016,37.93758277893066,36.73766651153564
2017-06-08,38.8125,38.8849983215332,38.599998474121094,38.747501373291016,85003200,AAPL,0.44273144698028943,39.16879813071953,37.81820099952949,63.79456546031097,69.2584444234731,27.61649379586813,38.03183288574219,36.80433317820231
2017-06-09,38.79750061035156,38.79750061035156,36.505001068115234,37.244998931884766,259530800,AAPL,0.3083201210386832,39.307689946361634,37.55505915336981,52.47387878108202,-56.93112547138926,5.256466440156615,38.07508290608724,36.839833132425944
2017-06-12,36.435001373291016,36.522499084472656,35.627498626708984,36.35499954223633,289229200,AAPL,0.12850138021750013,39.53332926641744,37.06241963494975,47.327514078284004,-202.38781307147042,14.76942342722826,38.08983294169108,36.859541447957355
2017-06-13,36.790000915527344,36.86249923706055,36.287498474121094,36.647499084472656,136661600,AAPL,0.00948664499219376,39.58484571829947,36.783153167808926,49.02714676589188,-157.0359188082033,10.329144611827704,38.08991622924805,36.88704140981039
2017-06-14,36.875,36.875,35.959999084472656,36.290000915527344,126124800,AAPL,-0.11238500029951837,39.65177496106093,36.45847398608263,47.10532481380317,-172.83259922004427,13.65774801637164,38.07033297220866,36.902458063761394
2017-06-15,35.83000183105469,36.119998931884766,35.5525016784668,36.0724983215332,128661600,AAPL,-0.2239383766124945,39.797867126838966,36.163381652457915,45.97116076645282,-208.1887617969173,17.595075312289506,38.04724960327148,36.920999717712405
2017-06-16,35.94499969482422,36.125,35.54999923706055,35.567501068115234,201444400,AAPL,-0.34907042241110986,39.96267446720851,35.74182458674657,43.45798265988827,-209.179118250836,17.527033308080192,38.01174964904785,36.92454140981038
2017-06-19,35.915000915527344,36.685001373291016,35.915000915527344,36.584999084472656,130165600,AAPL,-0.3619624065905356,39.942279723501365,35.594219299936135,49.24176716558285,-140.94153682608157,10.14458056755183,37.989916229248045,36.94712473551432
2017-06-20,36.717498779296875,36.717498779296875,36.23500061035156,36.252498626708984,99600400,AAPL,-0.3944622893266043,39.90212471979181,35.409874028987495,47.59590916039515,-123.53687152052187,9.730795996786282,37.92324956258138,36.96533304850261
2017-06-21,36.380001068115234,36.51750183105469,36.15250015258789,36.467498779296875,85063200,AAPL,-0.3982788543484048,39.8302767946523,35.28347175576274,48.74192547290126,-111.81986644917613,10.612693129692936,37.855582809448244,36.986124674479164
2017-06-22,36.442501068115234,36.67499923706055,36.279998779296875,36.407501220703125,76425200,AAPL,-0.40151638028638104,39.758302594797904,35.162696169240185,48.43614255216233,-95.77590883490387,8.518946190774434,37.79199956258138,36.993749682108565
2017-06-23,36.282501220703125,36.790000915527344,36.27750015258789,36.56999969482422,141757600,AAPL,-0.38651437697130575,39.64497982559946,35.086269029991364,49.326834535717516,-81.50286132735492,6.989221484681746,37.7280829111735,37.00274969736735
2017-06-26,36.79249954223633,37.06999969482422,36.345001220703125,36.45500183105469,102769600,AAPL,-0.37952956718786623,39.52740280674486,35.00909621669264,48.710847499006995,-70.00535253732114,3.3208696552068098,37.64241625467936,37.01062475840251
2017-06-27,36.252498626708984,36.540000915527344,35.904998779296875,35.932498931884766,99047600,AAPL,-0.41141315755127295,39.41034907223679,34.87764989016555,46.01021918231359,-95.35886621786662,8.425092737800666,37.54266624450683,37.01091639200846
2017-06-28,36.122501373291016,36.52750015258789,35.790000915527344,36.45750045776367,88329600,AAPL,-0.389824245856488,39.28753654129943,34.827212604208384,48.952017094525104,-80.11227569716038,9.713864230916759,37.46233291625977,37.01979141235351
2017-06-29,36.1775016784668,36.282501220703125,35.56999969482422,35.91999816894531,125997600,AAPL,-0.4113450902650797,39.144100441983824,34.733148703523995,46.281172417750895,-93.86567988284341,12.16038239577386,37.40758285522461,37.01524969736735
2017-06-30,36.11249923706055,36.2400016784668,35.94499969482422,36.005001068115234,92096400,AAPL,-0.41673759930936427,38.84085588630743,34.75064344230585,46.7564222240124,-79.14009869419198,12.160382395773864,37.33658294677734,37.01524969736735
2017-07-03,36.220001220703125,36.32500076293945,35.775001525878906,35.875,57111200,AAPL,-0.4265838087030005,38.586415566017,34.74433394570175,46.11101101079823,-78.23425246253194,14.085509742828291,37.25691630045573,37.01458301544189
2017-07-05,35.92250061035156,36.1974983215332,35.68000030517578,36.022499084472656,86278400,AAPL,-0.4176704126437514,38.24134457804416,34.830404918415795,46.970184779968385,-75.18892068380174,15.160428624249109,37.17441622416178,37.0177080154419
2017-07-06,35.755001068115234,35.875,35.602500915527344,35.682498931884766,96515200,AAPL,-0.43304972519528917,37.73313241466945,35.0226170970493,45.2498568995818,-85.79592987762153,16.046846773795508,37.08216616312663,37.01587467193603
2017-07-07,35.724998474121094,36.1875,35.724998474121094,36.04499816894531,76806800,AAPL,-0.41124668648645724,37.01801676398524,35.46748242729894,47.375678004163824,-65.8368797721533,11.200420613447088,37.005832799275716,37.026499621073405
2017-07-10,36.02750015258789,36.48749923706055,35.842498779296875,36.26499938964844,84362400,AAPL,-0.37192800679824956,36.809833598139285,35.57766563892127,48.62798077809172,-49.569432105834046,6.772096384114609,36.932416152954104,37.040082931518555
2017-07-11,36.182498931884766,36.462501525878906,36.095001220703125,36.38249969482422,79127200,AAPL,-0.32751103390260283,36.812844494991005,35.57740475732833,49.29465510485273,-39.384684644624045,6.772096384114618,36.86508280436198,37.0587495803833
2017-07-12,36.467498779296875,36.54499816894531,36.20500183105469,36.435001373291016,99538000,AAPL,-0.28479092370606907,36.77622072073534,35.59277876046583,49.596998817375756,-30.973635360271818,5.535313614005132,36.7989995320638,37.07504126230876
2017-07-13,36.375,37.122501373291016,36.36000061035156,36.942501068115234,100797600,AAPL,-0.2075909651478156,36.898498415591014,35.53575108086894,52.433199733348395,4.98074653433277,2.632243815670801,36.757416280110675,37.102416292826334
2017-07-14,36.99250030517578,37.33250045776367,36.83250045776367,37.2599983215332,80528400,AAPL,-0.11941354190048514,37.09746753762529,35.45553195883467,54.10458786665528,38.528320937053415,5.386681349503975,36.72291628519694,37.1372496287028
2017-07-17,37.20500183105469,37.724998474121094,37.14250183105469,37.38999938964844,95174000,AAPL,-0.038597372476431246,37.258817932346965,35.476431396266314,54.77765236709276,73.05525158262226,10.293339237838735,36.67383295694987,37.16691627502441
2017-07-18,37.29999923706055,37.532501220703125,37.16749954223633,37.52000045776367,71475200,AAPL,0.035530450853336504,37.441335276173895,35.387414189768485,55.45346237982416,81.6746279591229,10.293339237838737,36.641749699910484,37.19945793151855
2017-07-19,37.619998931884766,37.85499954223633,37.48749923706055,37.755001068115234,83692000,AAPL,0.11194938732659665,37.67429628121807,35.30470342886493,56.66450819667084,125.27427994973226,14.205609957785764,36.613166427612306,37.230207951863605
2017-07-20,37.875,37.935001373291016,37.54750061035156,37.584999084472656,68974800,AAPL,0.1569845851580709,37.82722972556035,35.263520015040235,55.534662815419594,140.6147079578579,15.155176241329796,36.57124977111816,37.25441627502441
2017-07-21,37.497501373291016,37.61000061035156,37.220001220703125,37.567501068115234,105010400,AAPL,0.18908372078490032,37.961657386649115,35.24509233869268,55.417008177263504,131.6644857536816,9.99943997656945,36.5319164276123,37.281874656677246
2017-07-24,37.64500045776367,38.11000061035156,37.474998474121094,38.022499084472656,85972800,AAPL,0.24837395403916673,38.17482296010658,35.177176704200065,57.82074941577955,180.70146305764013,15.943220212190026,36.55783309936523,37.316458002726236
2017-07-25,37.95000076293945,38.459999084472656,37.95000076293945,38.185001373291016,75415600,AAPL,0.30495908912656233,38.4008132402426,35.124186378287675,58.64455445642668,192.3687224145375,19.779601383339326,36.61883316040039,37.354333051045735
2017-07-26,38.337501525878906,38.48249816894531,38.26499938964844,38.3650016784668,63124000,AAPL,0.36017585362072424,38.62118805000282,35.14706184318566,59.54983441406956,180.8251224326103,20.022340432110227,36.67608324686686,37.38299973805746
2017-07-27,38.4375,38.497501373291016,36.82500076293945,37.63999938964844,129905200,AAPL,0.34149734289280076,38.69956281356328,35.186936972813676,54.572325407480875,95.22247793553107,0.01000748815249498,36.72108319600423,37.395708084106445
2017-07-28,37.47249984741211,37.557498931884766,37.29750061035156,37.375,68854800,AAPL,0.3018319220041832,38.713399181032244,35.31860078845018,52.90039138886254,65.04908420289425,0.010007488152496847,36.76449991861979,37.405874760945636
2017-07-31,37.474998474121094,37.58250045776367,37.032501220703125,37.182498931884766,79383600,AAPL,0.2519591347118322,38.70497382093747,35.44477593492191,51.70988488593769,46.40593510685353,3.1920792169232244,36.81833318074544,37.41504141489665
2017-08-01,37.275001525878906,37.55500030517578,37.102500915527344,37.51250076293945,141474400,AAPL,0.23633861683516244,38.695002748220226,35.6184970839331,53.563168675694435,54.73414538221842,3.192079216923234,36.849249903361006,37.419583066304526
2017-08-02,39.81999969482422,39.9375,39.040000915527344,39.28499984741211,279747200,AAPL,0.36280294014515135,39.033613907133,35.60613600131427,61.72506501691445,220.41486141279722,20.997518919343417,36.95033327738444,37.43679141998291
2017-08-03,39.26250076293945,39.3025016784668,38.755001068115234,38.89250183105469,108389200,AAPL,0.4264397854205271,39.14911113636285,35.811639062001404,59.3360343836908,163.1034336297284,17.586571317054204,37.03116671244303,37.44337476094564
2017-08-04,39.01750183105469,39.349998474121094,38.92250061035156,39.09749984741211,82239600,AAPL,0.4877911180902075,39.307334427112615,35.95866593909832,60.168980738068804,158.4512561468534,17.98516822171937,37.12083333333333,37.45641644795736
2017-08-07,39.26499938964844,39.72999954223633,39.16749954223633,39.70249938964844,87481200,AAPL,0.5785616001255747,39.590001302524,36.01974906368693,62.51328171693246,172.09733569824712,21.141818433270604,37.225249989827475,37.47666645050049
2017-08-08,39.650001525878906,40.45750045776367,39.567501068115234,40.02000045776367,144823600,AAPL,0.6684125005997927,39.898418814989924,36.07508162751496,63.67398990886611,186.43991263675863,26.727152032312734,37.34408327738444,37.4932497660319
2017-08-09,39.814998626708984,40.317501068115234,39.77750015258789,40.26499938964844,104526000,AAPL,0.7507353431091559,40.199600134951105,36.156900109189515,64.55018705086596,175.43514936470257,26.727152032312734,37.4884999593099,37.51558310190837
2017-08-10,39.974998474121094,40.0,38.657501220703125,38.83000183105469,163217200,AAPL,0.692205168399795,40.22615837028785,36.31909195014673,56.31921786345432,102.92519965131466,13.484649681527443,37.567583338419595,37.51495812733968
2017-08-11,39.150001525878906,39.64250183105469,39.01750183105469,39.369998931884766,105028400,AAPL,0.6815365077290423,40.32929746806036,36.426952913409366,58.38492013034576,105.803583714644,13.484649681527431,37.68258336385091,37.545083109537764
2017-08-14,39.83000183105469,40.0525016784668,39.6875,39.962501525878906,88490800,AAPL,0.712676236835776,40.52177624099244,36.49172435410034,60.50495042987613,127.74006253233152,16.887021934672564,37.81450004577637,37.575541496276855
2017-08-15,40.165000915527344,40.54999923706055,40.03499984741211,40.400001525878906,117862000,AAPL,0.7638520788785357,40.77740178530008,36.524098916604224,61.984282214479904,138.82204012780886,20.79688403805708,37.96533342997233,37.61112486521403
2017-08-16,40.48500061035156,40.627498626708984,40.037498474121094,40.23749923706055,110686400,AAPL,0.7822790992754918,40.97007746455354,36.57967305424529,61.10484816511949,125.3154763410958,21.392800667624584,38.10583343505859,37.64012482961019
2017-08-17,40.130001068115234,40.1775016784668,39.459999084472656,39.46500015258789,111762400,AAPL,0.7261775033975084,41.0098825663106,36.727868059299745,57.11948647157903,84.8965838104262,14.738116366433374,38.23191680908203,37.657041486104326
2017-08-18,39.46500015258789,39.875,39.18000030517578,39.375,109712400,AAPL,0.6667682351567805,41.02005321674297,36.89844730205585,56.67398987527311,66.79633710381964,11.667750296473464,38.342916870117186,37.67437483469645
2017-08-21,39.375,39.47249984741211,38.77750015258789,39.3025016784668,105474000,AAPL,0.6068406718811161,41.040607460468244,37.00589331772999,56.30802587966939,45.36540444197806,7.394127905491708,38.44416694641113,37.68829154968262
2017-08-22,39.557498931884766,40.0,39.505001068115234,39.94499969482422,86418400,AAPL,0.6042267170938658,41.12819411328983,37.09430649706173,58.75002422944325,78.41676497034827,11.962044092907112,38.562916946411136,37.713999875386556
2017-08-23,39.76750183105469,40.11750030517578,39.720001220703125,39.994998931884766,77596400,AAPL,0.5992815153925051,41.214452218580064,37.1710481171133,58.93479468943206,81.52642737848016,12.951464202789506,38.68158353169759,37.74029153188069
2017-08-24,40.10749816894531,40.185001373291016,39.63750076293945,39.817501068115234,79275600,AAPL,0.5744182768882666,41.20213926226506,37.40111124127498,57.98101587314104,73.35768206272513,12.036903575342379,38.77741686503092,37.7674165725708
2017-08-25,39.912498474121094,40.13999938964844,39.817501068115234,39.96500015258789,101920400,AAPL,0.5601587631247753,41.12007108466093,37.7421794341379,58.55757062308326,75.85178241638064,12.036903575342372,38.86758359273275,37.795249938964844
2017-08-28,40.03499984741211,40.5,39.98249816894531,40.36750030517578,103864000,AAPL,0.5747114780393048,40.956339162164966,38.22441149396296,60.10295226158729,93.05367084173453,15.241670264757095,38.966833623250324,37.820333290100095
2017-08-29,40.025001525878906,40.779998779296875,40.0,40.727500915527344,118067600,AAPL,0.6082817566124774,40.80957527241134,38.69267539897538,61.4335910778137,104.48447078229935,17.65550016609042,39.07375030517578,37.857750002543135
2017-08-30,40.95000076293945,40.97249984741211,40.65250015258789,40.837501525878906,109078400,AAPL,0.636426248552695,40.967903332807836,38.68959750642556,61.83592741292075,122.49681863864981,19.29024717978204,39.17650032043457,37.894833374023435
2017-08-31,40.90999984741211,41.130001068115234,40.869998931884766,41.0,107140400,AAPL,0.6641868968852762,41.09824832677514,38.770002329352785,62.434811909663885,129.24295408532416,20.62401163740549,39.29033368428548,37.93079172770182
2017-09-01,41.20000076293945,41.23500061035156,40.907501220703125,41.01250076293945,66364400,AAPL,0.6793648229998723,41.21901094222186,38.84073980545881,62.481665448453434,128.41961042162674,21.518443921736395,39.40516700744629,37.9685417175293
2017-09-05,40.9375,41.0625,40.13999938964844,40.52000045776367,117874000,AAPL,0.6442265376568415,41.26867304253074,38.87282781196145,59.459148417254966,87.35448382606708,11.97723650173419,39.488417053222655,38.023125076293944
2017-09-06,40.6775016784668,40.747501373291016,40.130001068115234,40.477500915527344,86606800,AAPL,0.6059646521794164,41.304866082480544,38.88238481778801,59.20348743409935,73.5444092203785,11.858877163372807,39.56483370463054,38.091833432515465
2017-09-07,40.522499084472656,40.560001373291016,40.09000015258789,40.314998626708984,87714000,AAPL,0.556118665849155,41.309060559283715,38.88319026469089,58.21341418182172,59.394260056549335,11.371670067547491,39.62983360290527,38.152958424886066
2017-09-08,40.21500015258789,40.287498474121094,39.63249969482422,39.657501220703125,114446000,AAPL,0.45827807248052466,41.21778688701894,39.05721387592052,54.40522539463819,14.77104594366911,5.913592458679225,39.69708366394043,38.20908342997233
2017-09-11,40.125,40.51250076293945,39.97249984741211,40.375,126323200,AAPL,0.4336361646572229,41.20963581037995,39.16586505937103,57.540803005451856,52.717186471194665,8.20242923505036,39.79708366394043,38.28079179128011
2017-09-12,40.65250015258789,40.9900016784668,39.692501068115234,40.21500015258789,286856000,AAPL,0.396624583353578,41.21676773465188,39.18398299776999,56.642207359458794,50.653839327177344,12.856504907756255,39.898167037963866,38.35825010935466
2017-09-13,39.967498779296875,39.9900016784668,39.477500915527344,39.912498474121094,179629600,AAPL,0.3389757793963497,41.19561246309734,39.156387964148756,54.963427778562604,-28.49904314558211,10.252870668162267,39.97816696166992,38.41370843251546
2017-09-14,39.747501373291016,39.849998474121094,39.522499084472656,39.56999969482422,95042800,AAPL,0.26262452576063566,41.196871799954536,39.08837867306792,53.1194258253015,-52.54075556740022,10.252870668162263,39.98766695658366,38.46900011698405
2017-09-15,39.61750030517578,40.24250030517578,39.5,39.970001220703125,196458400,AAPL,0.23172124904196068,41.17701167119178,39.158738908642206,54.945634179104694,-19.048884000040555,14.123462161089373,40.023583602905276,38.52737515767415
2017-09-18,40.02750015258789,40.125,39.5,39.66749954223633,113077600,AAPL,0.18073739408221456,41.15091068300948,39.214089851048136,53.32067505933183,-47.76637349624706,14.123462161089368,40.04258359273275,38.58170846303304
2017-09-19,39.877498626708984,39.942501068115234,39.61000061035156,39.682498931884766,83242400,AAPL,0.13992962547794008,41.11029029239419,39.29270996700523,53.39137915256081,-53.12461500233115,14.123462161089382,40.041916910807295,38.63358345031738
2017-09-20,39.474998474121094,39.564998626708984,38.45750045776367,39.01750183105469,211805600,AAPL,0.053314885616600804,41.20303742576505,39.10721304725742,49.92327240395596,-162.99717307111885,0.0913685295901772,40.008500289916995,38.67629178365072
2017-09-21,38.95000076293945,38.95000076293945,38.1875,38.34749984741211,150046800,AAPL,-0.0686006942874613,41.3963996431598,38.7491009214154,46.75768771414143,-218.66109069990745,2.8048990086160313,39.944583638509116,38.7165417989095
2017-09-22,37.8849983215332,38.067501068115234,37.63999938964844,37.97249984741211,186581600,AAPL,-0.19325135439136432,41.602579750595595,38.35842069190929,45.1018282499213,-278.21327196542404,8.366981267212418,39.91600023905436,38.74179178873698
2017-09-25,37.497501373291016,37.95750045776367,37.290000915527344,37.63750076293945,177549200,AAPL,-0.31543340703023404,41.79538979723882,37.93286070630122,43.67255693536482,-272.97104026798036,11.708298559110652,39.858250300089516,38.770416831970216
2017-09-26,37.94499969482422,38.47999954223633,37.92250061035156,38.28499984741211,146640000,AAPL,-0.35591305512804894,41.79856929499536,37.72143116276831,47.0289870132791,-173.29572575856903,5.753032179731325,39.80233357747396,38.808416811625165
2017-09-27,38.45000076293945,38.68000030517578,38.3849983215332,38.557498931884766,102016800,AAPL,-0.36183407119970923,41.704194615000006,37.598805644399405,48.36842341999609,-124.86087897683835,3.5667536301481673,39.74091682434082,38.853125127156574
2017-09-28,38.47249984741211,38.56999969482422,38.17499923706055,38.31999969482422,88022000,AAPL,-0.38129538679117303,41.58085138809802,37.47039868819592,47.290280976125395,-128.15120696809234,5.68464688035264,39.67700017293294,38.89141680399577
2017-09-29,38.3025016784668,38.532501220703125,38.0,38.529998779296875,105199200,AAPL,-0.37544554597993596,41.37969566800035,37.424554286223284,48.3434974646975,-114.54735463037923,7.437138942996442,39.64583346048991,38.93887513478597
2017-10-02,38.564998626708984,38.61249923706055,38.18000030517578,38.45249938964844,74795200,AAPL,-0.37276604313989026,41.141125371400115,37.40712444549441,47.97750784231459,-99.64992472642685,6.5013132866380925,39.61508344014486,38.979000155131025
2017-10-03,38.502498626708984,38.772499084472656,38.477500915527344,38.619998931884766,64921200,AAPL,-0.35305688463222396,40.97104856056288,37.38720110374376,48.843414057010776,-78.11951114010624,4.615920246138584,39.59233334859212,39.018250147501625
2017-10-04,38.407501220703125,38.46500015258789,38.1150016784668,38.369998931884766,80655200,AAPL,-0.3535348158910878,40.79048050720041,37.35701895874198,47.61960096157833,-93.57416876332285,8.415870771587475,39.539833323160806,39.05137513478597
2017-10-05,38.54499816894531,38.86000061035156,38.51250076293945,38.84749984741211,85135200,AAPL,-0.3117891355431084,40.616207261825636,37.38454232618706,50.09047158753835,-56.5447202643641,3.7564604763031486,39.501583353678384,39.09158344268799
2017-10-06,38.74250030517578,38.872501373291016,38.63999938964844,38.82500076293945,69630400,AAPL,-0.2773240521452962,40.54594406750414,37.37155547473219,49.975562918851615,-49.9553368873669,3.6106781801489287,39.46850001017253,39.122958437601724
2017-10-09,38.95249938964844,39.182498931884766,38.872501373291016,38.959999084472656,65051600,AAPL,-0.2363920089945566,40.3287785870186,37.447220863665,50.67786876941189,-30.890618327560713,0.00604639676731483,39.43499997456868,39.15129178365071
2017-10-10,39.01499938964844,39.5,38.775001525878906,38.974998474121094,62468000,AAPL,-0.20043228588177442,40.12620336225427,37.52579592058264,50.75732979131567,-22.582136752579217,3.5492212741766354,39.388583246866865,39.17770843505859
2017-10-11,38.99250030517578,39.244998931884766,38.9375,39.13750076293945,67622400,AAPL,-0.15701143948161445,39.993944965454624,37.58055454626413,51.63068595964292,-17.95243687446875,3.5492212741766433,39.3355832417806,39.20466677347819
2017-10-12,39.087501525878906,39.342498779296875,38.932498931884766,39.0,64500400,AAPL,-0.13217167550535436,39.91340702524512,37.6040925169912,50.84139677279914,-15.513397022197235,4.663035154911406,39.27433319091797,39.22541675567627
2017-10-13,39.182498931884766,39.31999969482422,39.102500915527344,39.247501373291016,65576800,AAPL,-0.09146039274853734,39.75662633447707,37.68862322301805,52.202006848192035,0.3263966730440012,4.663035154911406,39.215916570027666,39.25312512715657
2017-10-16,39.474998474121094,40.0,39.412498474121094,39.970001220703125,96486000,AAPL,-0.0008864894532223389,39.83675329525367,37.63874643008812,55.88893829426142,59.536272370131606,12.228122730527387,39.181166585286455,39.29316679636637
2017-10-17,39.94499969482422,40.217498779296875,39.807498931884766,40.11750030517578,75989200,AAPL,0.08185238157031449,39.95058875280667,37.56841110986423,56.596004260913254,88.24618111603728,14.473676279541628,39.16774991353353,39.328083483378094
2017-10-18,40.10499954223633,40.1775016784668,39.900001525878906,39.939998626708984,65496800,AAPL,0.1315838146418784,40.10528075237104,37.505968789865285,55.48873400081267,87.78607064085384,14.473676279541634,39.14983317057292,39.357333437601724
2017-10-19,39.1875,39.27000045776367,38.755001068115234,38.994998931884766,170336800,AAPL,0.0936630664396958,40.12176665815328,37.554232792530314,50.09135286243892,-10.363057739891657,0.05277170391939129,39.10583318074544,39.36783339182536
2017-10-20,39.15250015258789,39.4375,38.9900016784668,39.0625,95896400,AAPL,0.06827039374986299,40.112523772635036,37.67247569330734,50.44751352939957,9.677526645011772,1.9225379394482882,39.08599980672201,39.39154173533122
2017-10-23,39.22249984741211,39.42250061035156,38.875,39.04249954223633,87937200,AAPL,0.04600236132226598,40.0308473485217,37.89465199535038,50.33740688051664,9.041443148501417,0.586040648399007,39.04158312479655,39.419333394368486
2017-10-24,39.0724983215332,39.35499954223633,39.04999923706055,39.275001525878906,71028800,AAPL,0.04657882052201501,40.039059460100376,37.98544005161837,51.607574831191855,29.088469462245833,0.5860406483990143,39.010249837239584,39.45420843760173
2017-10-25,39.227500915527344,39.38750076293945,38.817501068115234,39.102500915527344,84828400,AAPL,0.03273891712600374,40.0441838224497,38.03481588763331,50.61402452971768,16.500019176358716,2.1888637734306817,38.98324991861979,39.48070844014486
2017-10-26,39.307498931884766,39.45750045776367,39.19499969482422,39.352500915527344,68002000,AAPL,0.04146561483995015,40.044963493175416,38.1372863389779,51.99948746756895,50.194113712243194,1.3183049978331725,38.975999959309895,39.48183345794678
2017-10-27,39.8224983215332,40.900001525878906,39.67499923706055,40.76250076293945,177816800,AAPL,0.16030884885564944,40.37712730357789,38.02837272693968,58.751079305047874,194.69180967732086,14.253962051544994,39.00241661071777,39.513000106811525
2017-10-30,40.97249984741211,42.01750183105469,40.93000030517578,41.68000030517578,178803200,AAPL,0.32478360994258537,40.92712315595585,37.80112696611446,62.31883174094056,300.04345927910487,23.65738023186429,39.06949996948242,39.55604178110759
2017-10-31,41.974998474121094,42.412498474121094,41.73500061035156,42.2599983215332,144187200,AAPL,0.4962120125555387,41.534192218273354,37.558057842761805,64.33606135272629,311.8143566488611,26.600668529831523,39.155416615804036,39.598666763305665
2017-11-01,42.467498779296875,42.48500061035156,41.40250015258789,41.72249984741211,134551200,AAPL,0.5819898056978374,41.844493685246846,37.58300646734105,61.19538192706878,232.18034636292816,22.48838772551901,39.24558321634928,39.627041753133135
2017-11-02,41.650001525878906,42.125,41.31999969482422,42.02750015258789,165573600,AAPL,0.666892775601724,42.19711777752946,37.548382405576,62.276389379725444,191.5871757959297,21.475589003746236,39.36824989318848,39.656416765848796
2017-11-03,43.5,43.564998626708984,42.779998779296875,43.125,237594400,AAPL,0.8133621241735227,42.77172219039386,37.40377791641767,65.8207304213998,239.30357675794397,31.676261915461655,39.539999898274736,39.72800006866455
2017-11-06,43.092498779296875,43.747501373291016,42.93000030517578,43.5625,140105200,AAPL,0.9537485126651148,43.36005298118033,37.27569721718393,67.0956206693085,215.54694955652522,32.820435461916034,39.73749987284342,39.79787508646647
2017-11-07,43.477500915527344,43.8125,43.400001525878906,43.70249938964844,97446000,AAPL,1.064036961937724,43.87865497413916,37.22984531577783,67.4969541793611,195.0260432127782,33.232385150173535,39.91808319091797,39.860208384195964
2017-11-08,43.665000915527344,44.060001373291016,43.58250045776367,44.060001373291016,97638000,AAPL,1.1668381905536975,44.40057934292887,37.20017100802328,68.51151719420335,179.59833927362024,34.80710729462124,40.10149993896484,39.92120838165283
2017-11-09,43.77750015258789,44.025001525878906,43.28499984741211,43.970001220703125,117930400,AAPL,1.226903663017282,44.80841371916984,37.289336753852616,67.95907041913455,151.16933551936418,30.966225955776984,40.289833323160806,39.98341674804688
2017-11-10,43.77750015258789,43.845001220703125,43.567501068115234,43.66749954223633,100582000,AAPL,1.2358505099641306,45.10249255157363,37.43725773834336,66.10565293101779,132.17359644434816,30.966225955776977,40.46108334859212,40.05345840454102
2017-11-13,43.375,43.625,43.349998474121094,43.49250030517578,67928400,AAPL,1.2148163282912847,45.350182263691316,37.54181793467294,65.04404298580347,111.77002625068052,28.11043959327862,40.6290833791097,40.12208340962728
2017-11-14,43.2599983215332,43.369998931884766,42.79499816894531,42.834999084472656,99130000,AAPL,1.1320422557759429,45.480530643747436,37.683219432546515,61.22264614034571,85.13592765140864,21.13778626028764,40.76958338419596,40.180958366394044
2017-11-15,42.49250030517578,42.58000183105469,42.095001220703125,42.27000045776367,116632400,AAPL,1.0092188924919725,45.52910988919647,37.86764037020294,58.18391924348425,54.7075679257216,13.105771463700261,40.899583435058595,40.2197083791097
2017-11-16,42.79499816894531,42.967498779296875,42.57500076293945,42.775001525878906,94550000,AAPL,0.9417736772047007,45.52462327456537,38.250127244233454,60.018782684969864,66.85401001157173,16.284448513329604,41.030500157674155,40.26604175567627
2017-11-17,42.7599983215332,42.84749984741211,42.40999984741211,42.537498474121094,87598000,AAPL,0.8592534083669889,45.45397933268707,38.668271033523865,58.76427321037197,56.136804520253634,14.44038402254252,41.154250081380205,40.311375045776366
2017-11-20,42.5724983215332,42.63999938964844,42.38999938964844,42.494998931884766,65049600,AAPL,0.7814184375793616,45.31713822929397,39.15036207588181,58.53777681115379,49.15617113029019,14.213267952684772,41.27208340962728,40.353541692097984
2017-11-21,42.69499969482422,43.42499923706055,42.69499969482422,43.28499984741211,100525200,AAPL,0.7745515854934695,45.21412200088518,39.654378136443924,61.39876295613968,69.38960316885935,20.61039658718623,41.415750122070314,40.40216668446859
2017-11-22,43.34000015258789,43.75,43.26250076293945,43.7400016784668,102355600,AAPL,0.7966412168437103,45.01629338695033,40.31595682667271,62.9230810801896,82.8332818739219,23.067442076355952,41.569166819254555,40.45237503051758
2017-11-24,43.775001525878906,43.875,43.662498474121094,43.74250030517578,56106800,AAPL,0.8050686963360008,44.689159941241954,41.08209021134594,62.931396651734694,85.66400013418865,24.00326438035677,41.72725016276042,40.50079167683919
2017-11-27,43.76250076293945,43.77000045776367,43.334999084472656,43.522499084472656,82867200,AAPL,0.7849468954680532,44.54315245761397,41.50409752712724,61.67154256818871,73.38405238803784,20.04547435101407,41.869750086466475,40.54283332824707
2017-11-28,43.57500076293945,43.717498779296875,42.96500015258789,43.26750183105469,105715200,AAPL,0.7398950267607489,44.48679486759979,41.71920526972931,60.22587101192118,60.40608327402188,15.728560179488824,41.97966677347819,40.580416679382324
2017-11-29,43.157501220703125,43.22999954223633,41.790000915527344,42.369998931884766,166665600,AAPL,0.6245704536031766,44.47899766004335,41.73800253832091,55.489765906290096,20.126332881336577,3.5011830560368176,42.05475006103516,40.611249987284346
2017-11-30,42.60749816894531,43.03499984741211,42.11000061035156,42.962501525878906,166108800,AAPL,0.5743639954809225,44.37969222374304,41.96130814246789,57.75835934996092,28.493220257077773,3.501183056036815,42.155500157674155,40.65266666412354
2017-12-01,42.48749923706055,42.91749954223633,42.125,42.76250076293945,159037200,AAPL,0.5125285159144042,44.310183505507894,42.1043169217382,56.74837446756792,19.59253701230222,3.501183056036805,42.281083552042645,40.69345836639404
2017-12-04,43.119998931884766,43.154998779296875,42.407501220703125,42.45000076293945,130169600,AAPL,0.433312359377517,44.32717394499352,42.01982655854653,55.18849793296575,19.056856692136975,5.72993115701981,42.39400024414063,40.740000025431314
2017-12-05,42.26499938964844,42.880001068115234,42.099998474121094,42.40999984741211,109400800,AAPL,0.3631194302609302,44.302402546624805,41.929347941656445,54.988350209072586,-0.1582279053962646,2.5573281446628644,42.50625025431315,40.77391668955485
2017-12-06,41.875,42.54999923706055,41.6150016784668,42.252498626708984,114240000,AAPL,0.29142265701936054,44.25589234619812,41.830858065789194,54.187886687720194,-33.59378545831959,2.229404486928128,42.60550015767415,40.80787499745687
2017-12-07,42.25749969482422,42.61000061035156,42.227500915527344,42.33000183105469,102693200,AAPL,0.2381115073104425,44.10937069158389,41.80437976617978,54.524866457763785,-26.256911420592,1.6223783304901644,42.713083521525064,40.84816672007243
2017-12-08,42.622501373291016,42.75,42.20500183105469,42.342498779296875,93420800,AAPL,0.19462689862550775,43.954267770838996,41.79673244278405,54.58059433746414,-36.84803460943068,0.18646301652884484,42.81275011698405,40.894375038146975
2017-12-11,42.29999923706055,43.22249984741211,42.1974983215332,43.16749954223633,141095200,AAPL,0.22415181708545617,43.87373172756216,41.82726848606089,58.08818302910367,0.7793703861892621,4.523678315002376,42.892916742960615,40.94766667683919
2017-12-12,43.037498474121094,43.09749984741211,42.8650016784668,42.92499923706055,77636800,AAPL,0.22538468535675094,43.800904852703304,41.84334525410822,56.75541155821617,7.671757473332955,4.523678315002375,42.93441670735677,41.0019583384196
2017-12-13,43.125,43.3849983215332,43.0,43.067501068115234,95273600,AAPL,0.23514978878327497,43.81867737864497,41.84882292653081,57.3502726540352,28.69185340494449,7.359672657736381,42.961333465576175,41.0583750406901
2017-12-14,43.099998474121094,43.282501220703125,42.912498474121094,43.05500030517578,81906000,AAPL,0.23912352930992853,43.82536169357211,41.92063859634488,57.27877087953842,15.18380255041631,6.3649283282473075,43.00575014750163,41.12566668192546
2017-12-15,43.407501220703125,43.54249954223633,43.1150016784668,43.49250030517578,160677200,AAPL,0.2744120892175985,43.8990001117352,41.918750056111485,59.123854543646,53.89293132260732,8.957859147737395,43.05458348592122,41.21141668955485
2017-12-18,43.720001220703125,44.29999923706055,43.71500015258789,44.10499954223633,117684400,AAPL,0.3477929560421984,44.09479280509327,41.87970746956493,61.530121935687,140.03916945221974,15.971062465210888,43.0872501373291,41.31362501780192
2017-12-19,43.75749969482422,43.84749984741211,43.522499084472656,43.6349983215332,109745600,AAPL,0.3638286608083092,44.162413793616075,41.926086420006975,58.78321482039758,84.23190837750252,13.669141096016876,43.089666748046874,41.41358331044515
2017-12-20,43.717498779296875,43.85499954223633,43.3125,43.587501525878906,93902400,AAPL,0.368457133426908,44.1992241140821,41.919526267387624,58.51014359162038,73.07026919491541,11.178735444381301,43.08583348592122,41.5019583384196
2017-12-21,43.54249954223633,44.005001068115234,43.525001525878906,43.752498626708984,83799600,AAPL,0.3810466498361649,44.20143254727739,41.918567529016556,59.19139840331379,99.45321394276469,12.593784076775167,43.075583394368486,41.588541666666664
2017-12-22,43.66999816894531,43.85499954223633,43.625,43.752498626708984,65397600,AAPL,0.38656781910454185,44.203199113750216,41.917800794697044,59.1913984033138,97.26858971812966,12.593784076775178,43.068333307902016,41.679083315531415
2017-12-26,42.70000076293945,42.86750030517578,42.41999816894531,42.64250183105469,132742000,AAPL,0.2979414373212421,44.15204317793906,41.88095700516641,52.93399378465565,-55.5250580571235,0.9694195558836167,43.034166717529295,41.74762503306071
2017-12-27,42.525001525878906,42.69499969482422,42.4275016784668,42.650001525878906,85992800,AAPL,0.22570773565568203,44.12600174296826,41.84524840961962,52.96874478662997,-59.40460984589949,0.9694195558836219,43.006083424886064,41.81758340199789
2017-12-28,42.75,42.962501525878906,42.619998931884766,42.77000045776367,65920800,AAPL,0.17611477608907933,44.114126116612184,41.897124188563595,53.53658759695379,-29.59219881874839,1.8396942569279005,43.00391680399577,41.886750094095866
2017-12-29,42.630001068115234,42.647499084472656,42.30500030517578,42.307498931884766,103999600,AAPL,0.09835817862531115,44.124601186645876,41.82114885913049,51.07773638245648,-83.39586695741903,1.4986180038698085,43.00516675313314,41.95237509409586
2018-01-02,42.540000915527344,43.07500076293945,42.314998626708984,43.064998626708984,102223600,AAPL,0.09674420266532024,44.13603271164725,41.83996712050607,54.60985804641166,-25.614249024794688,2.9670017698354973,43.01483332316081,42.02266674041748
2018-01-03,43.13249969482422,43.63750076293945,42.9900016784668,43.057498931884766,118071600,AAPL,0.09377892729569481,44.138274819754706,41.89847482929314,54.56950618987127,31.541235614788025,8.449640463992946,43.03216667175293,42.09320837656657
2018-01-04,43.1349983215332,43.36750030517578,43.02000045776367,43.25749969482422,89738400,AAPL,0.1063414769437685,44.14736540166,41.97413423212906,55.477091213783375,26.701899532730863,8.449640463992946,43.05758336385091,42.1648333867391
2018-01-05,43.36000061035156,43.842498779296875,43.26250076293945,43.75,94640000,AAPL,0.15425983532088594,44.193741792674466,42.0775079784437,57.633166766412515,82.14023826016273,12.897168070803156,43.073083368937176,42.24441674550374
2018-01-08,43.587501525878906,43.90250015258789,43.48249816894531,43.587501525878906,82271200,AAPL,0.17708192061158456,44.2031472623664,42.19385247823419,56.69603815540646,87.0222926417479,13.446626488006471,43.06800003051758,42.318583424886064
2018-01-09,43.63750076293945,43.76499938964844,43.352500915527344,43.58250045776367,86336000,AAPL,0.19254549857531345,44.19319172274525,42.32780818570202,56.66670279712314,75.86295513850071,11.865039156968537,43.062666702270505,42.39495843251546
2018-01-10,43.290000915527344,43.57500076293945,43.25,43.5724983215332,95839600,AAPL,0.20166869553049338,44.22248221582143,42.33901757055553,56.60610522676642,61.77576464247855,10.607266710721612,43.06433334350586,42.467041714986166
2018-01-11,43.647499084472656,43.872501373291016,43.622501373291016,43.81999969482422,74670800,AAPL,0.22626197995414543,44.2810118399158,42.36998799223752,57.76231200281122,101.30613754262933,13.52653449740161,43.082749938964845,42.53120835622152
2018-01-12,44.04499816894531,44.34000015258789,43.912498474121094,44.272499084472656,101672400,AAPL,0.27904855604202794,44.42136887226456,42.350130761524504,59.788682363586,145.8754854510592,17.88572890293307,43.14616661071777,42.60045833587647
2018-01-16,44.474998474121094,44.84749984741211,44.03499984741211,44.04750061035156,118263600,AAPL,0.2992769233486072,44.49900055407822,42.37174911022842,58.348772706967864,149.7721598114938,22.285249848102282,43.18233324686686,42.66891670227051
2018-01-17,44.037498474121094,44.8125,43.76750183105469,44.775001525878906,137547200,AAPL,0.3697490571112354,44.72060977250104,42.278390013875914,61.45386377458213,153.85845594992992,18.814182277360526,43.24941660563151,42.76525007883708
2018-01-18,44.842498779296875,45.025001525878906,44.5625,44.814998626708984,124773600,AAPL,0.42393925477368555,44.8665182928708,42.20348140195342,61.61660894343109,177.77888514928284,20.664812245409195,43.32824986775716,42.8611250559489
2018-01-19,44.65250015258789,44.89500045776367,44.352500915527344,44.6150016784668,129700400,AAPL,0.44561057325601183,45.00043404341833,42.167565987099245,60.299685843516954,144.98766394315084,17.916954285981724,43.40174992879232,42.954000091552736
2018-01-22,44.32500076293945,44.44499969482422,44.150001525878906,44.25,108434400,AAPL,0.4283944003002915,45.064551253736745,42.16969862419294,57.96088946142025,99.93799799707173,15.297781420376142,43.46833330790202,43.036916732788086
2018-01-23,44.32500076293945,44.86000061035156,44.20500183105469,44.2599983215332,130756400,AAPL,0.41082154514048597,45.11745122016987,42.16754862724224,58.007043457687416,112.54138029310063,19.107096757610968,43.532666524251304,43.12287502288818
2018-01-24,44.3125,44.32500076293945,43.29999923706055,43.55500030517578,204420400,AAPL,0.336132753666071,45.10711992505538,42.15813009020341,53.706102495839176,21.562710224776588,8.136082083396989,43.5730832417806,43.19291667938232
2018-01-25,43.627498626708984,43.73749923706055,42.63249969482422,42.77750015258789,166116000,AAPL,0.21176251736240204,45.09591197603077,42.182837871381345,49.517427452276614,-68.3499611732667,1.0352921674341293,43.56008326212565,43.22650000254313
2018-01-26,43.0,43.0,42.51499938964844,42.877498626708984,156572000,AAPL,0.11988528722687875,45.07801318178435,42.22348637571077,50.03590175183986,-99.60796409097657,0.158580635740992,43.55849990844727,43.24645830790202
2018-01-29,42.540000915527344,42.540000915527344,41.76750183105469,41.9900016784668,202561600,AAPL,-0.024261989089239933,45.176363724165505,42.04713595539993,45.72438225513425,-172.65065942650298,7.36245354088786,43.52258326212565,43.24195836385091
2018-01-30,41.38249969482422,41.842498779296875,41.17499923706055,41.74250030517578,184192800,AAPL,-0.15666509872663426,45.26342102838009,41.903578788514444,44.61529330824995,-207.33508534527968,12.537124971606445,43.478833262125654,43.24229170481364
2018-01-31,41.717498779296875,42.11000061035156,41.625,41.85749816894531,129915600,AAPL,-0.24944075277172573,45.360885345381234,41.685364425736935,45.25357111261322,-155.93459299666162,9.675805645002956,43.42433319091797,43.239458338419595
2018-02-01,41.79249954223633,42.154998779296875,41.689998626708984,41.94499969482422,188923200,AAPL,-0.3123054226483717,45.42785786754027,41.50714197987185,45.74572728795505,-134.5271588807979,9.192685220559936,43.35233319600423,43.219791666666666
2018-02-02,41.5,41.70000076293945,40.025001525878906,40.125,346375200,AAPL,-0.5031844938180683,45.777146083392445,40.84460379453724,38.33127100321949,-221.3791270573581,22.294674645789822,43.23533325195312,43.1625
2018-02-05,39.775001525878906,40.970001220703125,39.0,39.122501373291016,290954000,AAPL,-0.7269707278472666,46.16327071994415,39.99572929531463,35.0904609764068,-249.76760949373332,28.833866358413417,43.08649991353353,43.08616669972738
2018-02-06,38.70750045776367,40.93000030517578,38.5,40.75749969482422,272975200,AAPL,-0.763590039652712,46.17931131315863,39.6966885189947,43.19361817329487,-194.55503853836822,31.73290150633305,42.98666661580403,43.03112500508626
2018-02-07,40.772499084472656,40.849998474121094,39.76750183105469,39.8849983215332,206434400,AAPL,-0.8531797520174749,46.25126972085328,39.254979897676996,40.40881851689011,-166.84653132911544,31.73290150633304,42.857749938964844,42.96304162343343
2018-02-08,40.0724983215332,40.25,38.75749969482422,38.787498474121094,217562000,AAPL,-1.00119812130459,46.40815788062371,38.619591753165345,37.28111970242062,-192.9398821830446,37.25796778260232,42.72924982706706,42.88170827229818
2018-02-09,39.26750183105469,39.47249984741211,37.560001373291016,39.102500915527344,282690400,AAPL,-1.0806288640663055,46.403775408693306,38.15222434716607,38.6901227344288,-190.51554193702546,42.92372008866979,42.610999806722006,42.80854161580404
2018-02-12,39.625,40.97249984741211,39.377498626708984,40.6775016784668,243278000,AAPL,-1.0049049821315705,46.17106048955,38.02543952570879,45.072646113342955,-101.0072604080748,27.951568381656838,42.54124984741211,42.77258332570394
2018-02-13,40.48749923706055,41.1875,40.412498474121094,41.084999084472656,130196800,AAPL,-0.9016183301978273,45.93906381039972,37.96118605227118,46.56160501359597,-70.56605190552504,25.994516595516636,42.50049985249837,42.75283330281575
2018-02-14,40.7599983215332,41.8849983215332,40.720001220703125,41.842498779296875,162579600,AAPL,-0.749993560802821,45.56429297897741,38.042706609035285,49.20924871000778,-42.09081957041833,19.842800170973177,42.45974985758463,42.73729159037272
2018-02-15,42.4474983215332,43.272499084472656,42.25,43.247501373291016,204588800,AAPL,-0.5105723116327994,45.28144172840237,38.16880813426853,53.61853703136045,20.29327059575724,8.900975451397812,42.46608327229818,42.749124972025555
2018-02-16,43.09000015258789,43.70500183105469,42.942501068115234,43.10749816894531,160704400,AAPL,-0.3283414197621184,45.00647241590225,38.2930270958165,53.14296777476077,34.3875864480134,5.78648580334992,42.461083221435544,42.75933329264323
2018-02-20,43.01250076293945,43.564998626708984,42.85499954223633,42.962501525878906,135722000,AAPL,-0.1933928301962311,44.77747599100442,38.39327367330222,52.64272548199114,30.01326736754999,6.34705159281434,42.43483327229818,42.75395832061768
2018-02-21,43.20750045776367,43.529998779296875,42.752498626708984,42.76750183105469,149886400,AAPL,-0.10101550257137859,44.50311248681546,38.518387528443334,51.962235602197204,26.438199949568645,7.017476422259901,42.40749994913737,42.73774998982747
2018-02-22,42.95000076293945,43.48749923706055,42.9275016784668,43.125,123967600,AAPL,0.0010294428348558426,44.425420304303806,38.5530796804374,53.11173982201565,34.45725644386173,7.017476422259896,42.39224993387858,42.72745831807455
2018-02-23,43.41749954223633,43.912498474121094,43.3849983215332,43.875,135249600,AAPL,0.14079651467353216,44.619398042572875,38.468851926909544,55.42654669246185,57.942245850424214,3.722821915801417,42.40233332316081,42.733333333333334
2018-02-26,44.087501525878906,44.84749984741211,44.0525016784668,44.74250030517578,152648800,AAPL,0.3178984156475053,44.984015290055694,38.29073484727341,57.912729372734475,91.80332441461125,3.0686921000268232,42.43308334350586,42.757916641235354
2018-02-27,44.775001525878906,45.119998931884766,44.540000915527344,44.59749984741211,155712400,AAPL,0.44146370421692893,45.365937957019376,38.16956199720426,57.35952539066878,98.81156122655283,4.945166053586646,42.443916702270506,42.79504165649414
2018-02-28,44.814998626708984,45.154998779296875,44.51250076293945,44.529998779296875,151128400,AAPL,0.5278584894946974,45.71124781712153,38.10300198451421,57.09686893111448,96.58277648237532,5.1890377405454515,42.45999997456868,42.821166610717775
2018-03-01,44.6349983215332,44.94499969482422,43.165000915527344,43.75,195208000,AAPL,0.527309105372467,45.89380845682002,38.10969152792119,54.133697593886566,64.60399055034165,4.56288614081126,42.425833257039386,42.83762493133545
2018-03-02,43.20000076293945,44.07500076293945,43.11249923706055,44.0525016784668,153816000,AAPL,0.545000643668665,46.10538390553375,38.108866277571714,55.06920176406722,58.357861227803475,4.918177820067514,42.400416692097984,42.86433327992757
2018-03-05,43.8025016784668,44.435001373291016,43.630001068115234,44.20500183105469,113605600,AAPL,0.5648159562875819,46.2998935069315,38.32235685927944,55.542098916836345,74.99530751171231,2.218871767184468,42.386750030517575,42.89424997965495
2018-03-06,44.477500915527344,44.5625,44.032501220703125,44.16749954223633,95154000,AAPL,0.5709124892167523,46.335293468606466,38.791456714499006,55.39378075807264,82.37375233397947,1.2643550977114897,42.38400001525879,42.9261666615804
2018-03-07,43.73500061035156,43.962501525878906,43.567501068115234,43.75749969482422,126814000,AAPL,0.5364763093623779,46.420970333602085,39.005779849503384,53.76987710232076,62.338777577598066,4.624515700742916,42.36725006103516,42.94995829264323
2018-03-08,43.869998931884766,44.279998779296875,43.76750183105469,44.23500061035156,95096400,AAPL,0.541473947360565,46.44518429719135,39.41656611479595,55.34699343053148,76.1801829568802,2.1685989549157156,42.38991673787435,42.981499989827476
2018-03-09,44.4900016784668,45.0,44.34749984741211,44.994998931884766,128740800,AAPL,0.5998454791639531,46.27893053367682,40.20356992408686,57.72174102375057,100.92177360909811,3.1639373316310664,42.46383336385091,43.011958312988284
2018-03-12,45.0724983215332,45.59749984741211,45.0525016784668,45.43000030517578,128828400,AAPL,0.6734432791110336,46.04930192629988,41.06594847042863,59.01242588694827,116.6805956493692,7.316778534351933,42.548916753133135,43.0537083307902
2018-03-13,45.647499084472656,45.875,44.810001373291016,44.99250030517578,126774000,AAPL,0.6885305209030648,45.94122372503451,41.605526534364905,57.195749530910554,103.35646428500125,9.187894191240797,42.649000040690105,43.08579165140788
2018-03-14,45.08000183105469,45.130001068115234,44.45249938964844,44.61000061035156,117473600,AAPL,0.6619917116555385,45.73696315152838,42.16228726045893,55.64640674530694,79.07889858678989,6.327129812440882,42.74458338419596,43.111708323160805
2018-03-15,44.625,45.060001373291016,44.51750183105469,44.662498474121094,90975200,AAPL,0.6378429959742107,45.60162534951716,42.57962503195257,55.81634033786677,75.63966666327755,6.327129812440886,42.83808339436849,43.13120829264323
2018-03-16,44.662498474121094,44.779998779296875,44.404998779296875,44.505001068115234,157618800,AAPL,0.5990903003490615,45.6208006937089,42.68619965724325,55.16044697421644,65.18835473590497,5.397159962392202,42.92341677347819,43.13787498474121
2018-03-19,44.33000183105469,44.36750030517578,43.415000915527344,43.82500076293945,133787200,AAPL,0.5076562233028241,45.58218862769445,42.79656198265711,52.40974894017672,35.05571841498417,2.3756184133883456,43.04675013224284,43.14104169209798
2018-03-20,43.810001373291016,44.20000076293945,43.73500061035156,43.810001373291016,78597600,AAPL,0.4290380495390522,45.51462987341676,42.94887072167601,52.35017983796455,33.96258390692009,2.3756184133883496,43.20300013224284,43.14475002288818
2018-03-21,43.7599983215332,43.772499084472656,42.814998626708984,42.817501068115234,148219600,AAPL,0.28337947823386855,45.50525544341455,42.963245075384286,48.57125205237914,-7.220045024213089,9.046279340554138,43.271666844685875,43.129166730244954
2018-03-22,42.5,43.16999816894531,42.150001525878906,42.212501525878906,165963200,AAPL,0.1177680474518823,45.67461651472568,42.70263415666104,46.456569390139954,-45.86616178174092,13.467518163459177,43.34925028483073,43.10350011189779
2018-03-23,42.09749984741211,42.47999954223633,41.23500061035156,41.23500061035156,164115200,AAPL,-0.09130386505415089,46.04426426187337,42.0689864705485,43.30525393699702,-105.0279834170556,19.06731761315718,43.430833689371745,43.0800417582194
2018-03-26,42.01750183105469,43.275001525878906,41.61000061035156,43.192501068115234,150164800,AAPL,-0.09791226295033084,45.97501730585951,41.98323350285631,50.29064645608143,-59.941469614238315,12.5224276750296,43.56716702779134,43.089083417256674
2018-03-27,43.41999816894531,43.787498474121094,41.72999954223633,42.084999084472656,163690400,AAPL,-0.19032170999204823,45.99638189160708,41.710618840814796,46.90796945019245,-83.26552532248306,8.543554066639055,43.61408360799154,43.077666727701825
2018-03-28,41.8125,42.505001068115234,41.29750061035156,41.619998931884766,166674000,AAPL,-0.2976473948039171,46.04395253854892,41.37204820913175,45.57645556407015,-146.206871507378,11.282279146940379,43.6319169362386,43.06620839436849
2018-03-29,41.95249938964844,42.9375,41.724998474121094,41.94499969482422,153594000,AAPL,-0.35241648990859176,46.082777339136854,41.15272337802624,46.67095962465023,-121.22139097892332,7.938528610966508,43.63533363342285,43.04754174550374
2018-04-02,41.65999984741211,42.23500061035156,41.11750030517578,41.66999816894531,150347200,AAPL,-0.4132480509306973,46.101603813102805,40.89564655310813,45.86358968081507,-151.50704863476744,11.789848700438366,43.582750193277995,43.02441673278808
2018-04-03,41.90999984741211,42.1875,41.220001220703125,42.09749984741211,121112000,AAPL,-0.422096028367406,46.04598334410929,40.740516823737394,47.32888228957655,-127.30926679514968,11.789848700438359,43.54908358256022,43.00508340199789
2018-04-04,41.220001220703125,43.002498626708984,41.192501068115234,42.90250015258789,138422000,AAPL,-0.360001444711294,45.965270295722725,40.69472993315912,49.96687742021335,-84.57469547874472,5.456086263089675,43.54708353678385,42.99095840454102
2018-04-05,43.14500045776367,43.557498931884766,43.02000045776367,43.20000076293945,107732800,AAPL,-0.28351701914400707,45.93013967140705,40.67411066428632,50.90689723684473,-23.236528996394824,1.408524654384146,43.56150016784668,42.984500058492024
2018-04-06,42.74250030517578,43.119998931884766,42.04999923706055,42.095001220703125,140021200,AAPL,-0.30851047234924067,45.83743670077993,40.552813695948586,47.47936316986665,-77.82003169551706,7.806250311000877,43.52716687520345,42.95970840454102
2018-04-09,42.470001220703125,43.272499084472656,42.462501525878906,42.51250076293945,116070800,AAPL,-0.29127164203421074,45.587551340998516,40.554449238835474,48.82606402568728,-51.9189606532011,6.680370537270863,43.4817502339681,42.94204177856445
2018-04-10,43.25,43.5,42.88249969482422,43.3125,113634400,AAPL,-0.21062849803858796,45.22931511820425,40.700935431112164,51.30129315725338,-17.374832319522387,4.988274525395393,43.43408355712891,42.933583450317386
2018-04-11,43.057498931884766,43.47999954223633,42.92499923706055,43.11000061035156,89726400,AAPL,-0.16120002031552616,44.927296829030404,40.81470375080358,50.65966078646086,-18.462070729780127,4.988274525395382,43.38450024922689,42.9142084757487
2018-04-12,43.352500915527344,43.75,43.2599983215332,43.53499984741211,91557200,AAPL,-0.08673389469500137,44.73358888712996,40.90091161641008,51.9640641166169,8.773792542867687,2.915045772302401,43.35133361816406,42.905666796366376
2018-04-13,43.69499969482422,43.959999084472656,43.462501525878906,43.682498931884766,100497200,AAPL,-0.015636759396834066,44.52979114958824,41.00670939972816,52.415709728580126,23.24253844521849,1.3054552162426725,43.34908358256022,42.887458419799806
2018-04-16,43.75749969482422,44.04750061035156,43.70750045776367,43.95500183105469,86313600,AAPL,0.06198244408276565,44.40247583873371,41.079024786876644,53.255682904515474,37.51558159227554,0.6270754646249331,43.34583358764648,42.873125139872236
2018-04-17,44.122501373291016,44.73500061035156,44.102500915527344,44.560001373291016,106421600,AAPL,0.17035092944794172,44.567730541654115,40.9872701449914,55.07696849951112,76.79018769804662,4.567121345530514,43.357666905721025,42.872208468119304
2018-04-18,44.45249938964844,44.70500183105469,44.220001220703125,44.459999084472656,83018000,AAPL,0.24533630172918208,44.699974250434934,40.92002620732873,54.71245502518048,75.42234720839299,4.5671213455305155,43.36741689046224,42.875708452860515
2018-04-19,43.439998626708984,43.84749984741211,43.165000915527344,43.20000076293945,139235200,AAPL,0.20077698311806103,44.72714287275783,40.93110755448826,50.367574126183264,0.35562213919886987,3.604126609072711,43.348833592732746,42.858041826883955
2018-04-20,42.650001525878906,42.80500030517578,41.35749816894531,41.43000030517578,261964400,AAPL,0.022381161557056828,44.77194219552781,40.80805810964798,45.156377743010395,-103.64456629574525,15.330645870790057,43.25533358256022,42.822625160217285
2018-04-23,41.70750045776367,41.72999954223633,41.022499084472656,41.310001373291016,146062000,AAPL,-0.1272152648482887,44.76355057052834,40.823949810941386,44.8310712136384,-130.81242470075273,17.260443542833674,43.132500330607094,42.798166847229005
2018-04-24,41.41749954223633,41.58250045776367,40.30500030517578,40.73500061035156,134768000,AAPL,-0.2888397023536555,44.83313623804906,40.508614097644305,43.28535774383434,-152.71588578590337,21.23788419864489,42.97600034077962,42.76245854695638
2018-04-25,40.654998779296875,41.35499954223633,40.602500915527344,40.912498474121094,113528400,AAPL,-0.39801754086936825,44.901259179298755,40.32324109535944,43.90300067151775,-137.30637190131367,21.2378841986449,42.840000279744466,42.744500160217285
2018-04-26,41.029998779296875,41.432498931884766,40.842498779296875,41.05500030517578,111852000,AAPL,-0.46765225357253826,44.93760549352779,40.23039491845952,44.405831717565114,-119.15034986797667,20.567928709882537,42.72150026957194,42.733041826883955
2018-04-27,41.0,41.08250045776367,40.157501220703125,40.58000183105469,142623200,AAPL,-0.5547716104228826,45.02161508255274,40.00988554305761,43.07446596408319,-145.27526205831643,24.388342111220936,42.58541704813639,42.711750221252444
2018-04-30,40.532501220703125,41.814998626708984,40.459999084472656,41.314998626708984,169709600,AAPL,-0.5580731101774035,45.03393817111419,39.96206250027254,45.68135639165425,-97.89672255067313,18.1045490455328,42.47908363342285,42.70125020345052
2018-05-01,41.602500915527344,42.29999923706055,41.317501068115234,42.275001525878906,214277600,AAPL,-0.4777185199068157,45.038149732979825,39.97560110625357,48.846554592275155,-38.875872242265764,14.154572597371146,42.4274169921875,42.73708356221517
2018-05-02,43.807498931884766,44.4375,43.45000076293945,44.14250183105469,266157600,AAPL,-0.2603441753228779,45.199736297449284,39.9380147096308,54.215421162302825,113.34474732542837,0.9488282263101491,42.43850034077962,42.82075023651123
2018-05-03,43.970001220703125,44.375,43.61000061035156,44.22249984741211,136272800,AAPL,-0.08068814706111027,45.34070720085814,39.899293714669206,54.427380962655974,111.48840222057636,0.9488282263101468,42.485333633422854,42.87850023905436
2018-05-04,44.5625,46.0625,44.54249954223633,45.95750045776367,224805200,AAPL,0.19939213057443084,45.90055329296607,39.72569754626732,58.71548340808465,187.34952631696552,10.907606828156693,42.61016693115234,42.97970860799153
2018-05-07,46.29499816894531,46.91749954223633,46.1875,46.290000915527344,169805600,AAPL,0.4430802235797273,46.45279177225091,39.55120908224128,59.47151066430306,216.225090855251,15.367544202566865,42.77866694132487,43.104750315348305
2018-05-08,46.247501373291016,46.55500030517578,45.91749954223633,46.51250076293945,113611200,AAPL,0.6467038714705495,46.95334841858146,39.370652512204664,59.97885231163128,181.38691459738553,13.511241132805656,42.88933359781901,43.22825031280517
2018-05-09,46.63750076293945,46.849998474121094,46.30500030517578,46.84000015258789,92844800,AAPL,0.8249935312832264,47.48071915506417,39.2162817299456,60.72742420978372,176.08639138592838,15.056053529322662,43.047833633422854,43.33095862070719
2018-05-10,46.935001373291016,47.592498779296875,46.912498474121094,47.5099983215332,111957200,AAPL,1.0087246738866966,48.08018485191913,39.01431588050275,62.222832387874455,187.09873047592353,18.83096720651824,43.244166946411134,43.43804194132487
2018-05-11,47.372501373291016,47.51499938964844,46.86249923706055,47.147499084472656,104848800,AAPL,1.112260818851702,48.53153568974389,38.90946505793677,60.924402858051664,160.55733576153062,18.464232650361357,43.41758359273275,43.5264586130778
2018-05-14,47.252498626708984,47.38249969482422,46.96500015258789,47.037498474121094,83115200,AAPL,1.1719285667153159,48.909580597794026,38.83966981419328,60.527909844161776,143.36559908939032,18.46423265036135,43.59650026957194,43.58962523142497
2018-05-15,46.69499969482422,46.76750183105469,46.275001525878906,46.61000061035156,94780800,AAPL,1.1712190972283665,49.15234137601692,38.80190895967644,58.98462811444865,110.18436294322949,13.300253887271223,43.746916961669925,43.64800027211507
2018-05-16,46.51750183105469,47.1150016784668,46.5,47.04499816894531,76732400,AAPL,1.1920166788317914,49.45846600369166,38.75428424044896,60.0566656238195,112.79073866303982,15.22552528131362,43.885000228881836,43.71604188283285
2018-05-17,47.0,47.227500915527344,46.59000015258789,46.747501373291016,69176000,AAPL,1.1709949066018623,49.74341970478923,38.82408060038655,58.9662660214523,102.2281561786947,15.851331102555887,44.00325024922689,43.782375208536784
2018-05-18,46.79750061035156,46.95249938964844,46.532501220703125,46.57749938964844,73190800,AAPL,1.1276187740331096,49.919062888468844,39.1631873251542,58.34010414588642,88.73923008483025,15.400911599091543,44.152666854858396,43.83991686503092
2018-05-21,47.0,47.317501068115234,46.727500915527344,46.907501220703125,73603200,AAPL,1.1071092005772556,50.072034991167556,39.5699652071967,59.20991186110132,91.39459756317811,17.50707094170752,44.29916687011719,43.890458552042645
2018-05-22,47.095001220703125,47.220001220703125,46.69499969482422,46.790000915527344,60962800,AAPL,1.0690505736610376,50.07236855603471,40.17513167284712,58.75803692294355,82.28308759049436,17.238213043092216,44.41508356730143,43.92458356221517
2018-05-23,46.587501525878906,47.125,46.439998626708984,47.09000015258789,80233600,AAPL,1.0509812116698498,50.03343379474069,40.831816601987825,59.57292980007927,76.08138786809558,15.100731050998773,44.54775021870931,43.9661252339681
2018-05-24,47.192501068115234,47.209999084472656,46.5525016784668,47.037498474121094,92936000,AAPL,1.0206591421788787,49.89089584592258,41.57260436770047,59.36058790905741,72.337730825528,15.631140142737374,44.66450017293294,44.007916895548504
2018-05-25,47.057498931884766,47.412498474121094,46.912498474121094,47.14500045776367,69844000,AAPL,0.9938467486269218,49.47728270702462,42.64271736926933,59.665120677246506,74.17755422240337,16.910480163168305,44.77991689046224,44.06450023651123
2018-05-29,46.900001525878906,47.1875,46.717498779296875,46.974998474121094,90056400,AAPL,0.9479525869081584,48.94623901766441,43.73976104337075,58.9425566262559,64.01744833937319,15.170759560770652,44.88058344523112,44.1132085164388
2018-05-30,46.93000030517578,47.0,46.69499969482422,46.875,74762000,AAPL,0.8932156578606154,48.342119012467435,44.80388089597983,58.51137645244215,57.45519859701287,14.96656142360338,44.95775006612142,44.157708485921226
2018-05-31,46.80500030517578,47.057498931884766,46.53499984741211,46.717498779296875,109931200,AAPL,0.827587303731832,48.05109615178917,45.35240345148232,57.822187763266264,51.97934253993222,13.486325101299057,45.0330000559489,44.200208473205564
2018-06-01,46.997501373291016,47.564998626708984,46.9375,47.560001373291016,93770000,AAPL,0.8339460673543186,47.61996943735735,46.11728031850203,60.403079669543956,65.95888153347016,16.993141015636585,45.17833340962728,44.263583501180015
2018-06-04,47.90999984741211,48.35499954223633,47.837501525878906,47.95750045776367,105064800,AAPL,0.861133674454031,47.741448258378306,46.195801497481064,61.55137788515649,84.18069205348128,22.079368035710917,45.39591674804687,44.32562516530355
2018-06-05,48.26750183105469,48.48500061035156,48.09000015258789,48.32749938964844,86264000,AAPL,0.9021366013696479,47.989928153459,46.151071449812484,62.59585892544529,90.67725972144774,22.88376452043561,45.62983334859212,44.38116683959961
2018-06-06,48.407501220703125,48.52000045776367,47.97999954223633,48.494998931884766,83734400,AAPL,0.9373424295147501,48.249266487179625,46.08998293298639,63.06573747887878,91.74440295763391,21.783297936104937,45.8884999593099,44.43225015004476
2018-06-07,48.53499984741211,48.54999923706055,48.084999084472656,48.3650016784668,85388800,AAPL,0.9438732270251222,48.4371339616321,46.054615611121804,62.436021135882235,93.62453921693027,21.980412062401005,46.13691673278809,44.48845850626628
2018-06-08,47.79249954223633,48.0,47.442501068115234,47.92499923706055,106627200,AAPL,0.9031336488139416,48.491245503578504,46.04200416072813,60.326875892709154,72.75532456748623,15.529760452206512,46.36591669718425,44.54370848337809
2018-06-11,47.837501525878906,47.99250030517578,47.5525016784668,47.807498931884766,73234000,AAPL,0.8515498107847463,48.54610440235477,46.05314524669308,59.76910584006178,76.57823739543133,15.529760452206522,46.60683326721191,44.59612515767415
2018-06-12,47.84749984741211,48.15250015258789,47.787498474121094,48.06999969482422,67644400,AAPL,0.8223710833235955,48.6369275183915,46.06557225272667,60.61076591368676,97.65403631531322,16.703667371573317,46.831999969482425,44.655541801452635
2018-06-13,48.10499954223633,48.220001220703125,47.61000061035156,47.67499923706055,86553600,AAPL,0.7586284987011069,48.6484532078638,46.160546425925254,58.69915638772607,86.50277243151352,14.871608363980569,47.011999893188474,44.71970844268799
2018-06-14,47.88750076293945,47.89250183105469,47.55500030517578,47.70000076293945,86440400,AAPL,0.702036811973521,48.67582919541307,46.1986706977754,58.78427108755052,69.27087129918272,14.29645595471492,47.13058319091797,44.78454176584879
2018-06-15,47.50749969482422,47.540000915527344,47.064998626708984,47.209999084472656,246876800,AAPL,0.6106097233836394,48.66143294393737,46.25931672036927,56.42659675140356,9.992878490917018,9.254874489198045,47.23016649881999,44.85775006612142
2018-06-18,46.970001220703125,47.30500030517578,46.79999923706055,47.185001373291016,73939600,AAPL,0.5300261787430713,48.62676108345842,46.35473877921248,56.307413783959184,-20.94740479594098,6.623648635799731,47.271083196004234,44.94062506357829
2018-06-19,46.28499984741211,46.58250045776367,45.86249923706055,46.42250061035156,134314000,AAPL,0.4000244669099331,48.673426631078016,46.25957317055773,52.789074797821755,-131.76601809210575,2.012820434939109,47.27549985249837,45.02708339691162
2018-06-20,46.587501525878906,46.79999923706055,46.432498931884766,46.625,82514800,AAPL,0.3097663879595203,48.686710815062035,46.22978889502097,53.585838069179914,-88.83682783157265,0.06752905473729263,47.279249827067055,45.08429171244303
2018-06-21,46.8125,47.087501525878906,46.23500061035156,46.3650016784668,102847600,AAPL,0.21478066070558555,48.73602189396149,46.107977968709406,52.41099652749535,-95.77941228061869,2.4755003257557333,47.26341654459635,45.155625089009604
2018-06-22,46.529998779296875,46.537498474121094,46.17499923706055,46.22999954223633,108801600,AAPL,0.12714459958846902,48.791516805340436,45.97173316414198,51.80095362978668,-120.94891569084197,1.9163287157696596,47.220749918619795,45.232458432515465
2018-06-25,45.849998474121094,46.22999954223633,45.182498931884766,45.54249954223633,126652400,AAPL,0.002191621794850107,48.93277433647084,45.67022554145885,48.808101942113474,-189.07364901905305,6.787162768537419,47.16724993387858,45.29241676330567
2018-06-26,45.747501373291016,46.63249969482422,45.6349983215332,46.10749816894531,98276800,AAPL,-0.050659870605656465,48.97009061083722,45.546159236574894,51.20484821423654,-119.69479692688758,3.093644201113018,47.13624992370605,45.366375096639
2018-06-27,46.307498931884766,46.81999969482422,46.00749969482422,46.040000915527344,101141200,AAPL,-0.0968748108433104,49.006617890939374,45.42613204802547,50.91027838320873,-97.85131445648855,1.4034659171076385,47.11724993387858,45.432083447774254
2018-06-28,46.025001525878906,46.5525016784668,45.95000076293945,46.375,69460800,AAPL,-0.10525553721581105,49.01594310919962,45.38255695183553,52.31861610008703,-92.53448590999749,1.9136079960240848,47.094916661580406,45.48995844523112
2018-06-29,46.5724983215332,46.79750061035156,45.727500915527344,46.27750015258789,90950800,AAPL,-0.11839990568051206,48.98837338991491,45.281876549049926,51.87057190987389,-90.54784183605675,0.35885018611161923,47.079249954223634,45.54125010172526
2018-07-02,45.95500183105469,46.82500076293945,45.85499954223633,46.79499816894531,70925200,AAPL,-0.0860670203445224,48.894217527624996,45.25978218245802,54.03203531773419,-64.24356695718421,0.616170232381224,47.08649991353353,45.61958338419596
2018-07-03,46.9474983215332,46.98749923706055,45.8849983215332,45.97999954223633,55819200,AAPL,-0.12476830239315717,48.739628006010754,45.179621719331045,50.34826028903678,-81.82696439993913,2.1606628353671007,47.05558319091797,45.67737503051758
2018-07-05,46.314998626708984,46.602500915527344,46.06999969482422,46.349998474121094,66416800,AAPL,-0.12415237436190552,48.49613001472341,45.20861966484201,51.888737837412215,-71.91424279594263,2.160662835367106,47.040916442871094,45.728000005086265
2018-07-06,46.35499954223633,47.10749816894531,46.29999923706055,46.99250030517578,69940800,AAPL,-0.0710012604713981,48.26852016264574,45.29897937959059,54.42860156071477,-23.74169731909883,6.968885493040373,47.037666447957356,45.79270833333333
2018-07-09,47.375,47.66999816894531,47.32500076293945,47.64500045776367,79026400,AAPL,0.023501775523584456,48.21393689066055,45.3255627736461,56.823257079619296,50.341688306130806,11.954677151199206,47.05791651407878,45.86120834350586
2018-07-10,47.6775016784668,47.81999969482422,47.54499816894531,47.587501525878906,63756400,AAPL,0.09268797980777777,48.17269084727511,45.34480907643094,56.55236029931472,57.68122311839711,13.237405928665314,47.072666549682616,45.92629172007243
2018-07-11,47.125,47.44499969482422,46.90250015258789,46.970001220703125,75326000,AAPL,0.09657813853712582,47.98199623224667,45.42550384404727,53.707796302213836,3.468315522925518,6.370677910679691,47.072499974568686,45.976541709899905
2018-07-12,47.38249969482422,47.852500915527344,47.32749938964844,47.75749969482422,72164400,AAPL,0.16134576922605248,47.999777888304,45.415972233766304,56.588543398209765,53.473544736707865,9.953356456217577,47.10191663106283,46.02983334859212
2018-07-13,47.77000045776367,47.959999084472656,47.724998474121094,47.83250045776367,50055600,AAPL,0.2162339080432929,48.0289863302942,45.400013761258535,56.85308031694635,67.5322672562892,10.883922998385064,47.13908335367839,46.08604170481364
2018-07-16,47.880001068115234,48.162498474121094,47.60499954223633,47.727500915527344,60172400,AAPL,0.24839719966708174,48.11493064216396,45.365819632494244,56.35572705474796,63.83682776941282,12.64315355872524,47.14466667175293,46.16150004069011
2018-07-17,47.4375,47.967498779296875,47.29999923706055,47.86249923706055,62138000,AAPL,0.2815347193275102,48.226158633419864,45.32234142761529,56.85769791459581,54.38901455774959,9.28179882039259,47.14149996439616,46.26870835622152
2018-07-18,47.94499969482422,47.95000076293945,47.48249816894531,47.599998474121094,65573600,AAPL,0.28334855883463916,48.32004976764122,45.34620007977088,55.57201797177241,54.90077514334505,9.281798820392584,47.11724993387858,46.37354164123535
2018-07-19,47.42250061035156,48.13750076293945,47.42250061035156,47.970001220703125,81147200,AAPL,0.3110565033742958,48.467182761975025,45.3335672075074,56.990126272949446,74.46231542495065,11.028458024040454,47.09975001017253,46.49412498474121
2018-07-20,47.94499969482422,48.10749816894531,47.54249954223633,47.86000061035156,82704800,AAPL,0.3204452260098094,48.57665164210678,45.37359822056412,56.43610903294007,77.14457138066899,11.028458024040441,47.08291664123535,46.60991668701172
2018-07-23,47.66999816894531,47.9900016784668,47.38999938964844,47.90250015258789,63957600,AAPL,0.32753954225864135,48.671081853778716,45.44641806992733,56.604717196168245,69.55954130582468,9.19848006169171,47.08216667175293,46.72404168446859
2018-07-24,48.11249923706055,48.415000915527344,48.01250076293945,48.25,74791600,AAPL,0.3570859084322464,48.72291539054236,45.665334578940055,57.98033608994525,113.51219848942888,13.31741140158674,47.09691670735677,46.85187498728434
2018-07-25,48.26499938964844,48.712501525878906,48.10749816894531,48.70500183105469,66839600,AAPL,0.412461858100464,48.904562375771214,45.74343795992214,59.7102785451334,136.87631690251857,16.074239503083174,47.11808344523112,46.97504170735677
2018-07-26,48.65250015258789,48.9900016784668,48.40250015258789,48.5525016784668,76304000,AAPL,0.4389818992796606,48.99958405908195,45.89966635290536,58.86994232369853,142.2794963497731,18.573112987480815,47.14733352661133,47.079666709899904
2018-07-27,48.747501373291016,48.79750061035156,47.525001525878906,47.744998931884766,96096000,AAPL,0.3903408930769956,48.98709189082254,46.04915841435324,54.65644832019938,81.05120957267512,8.049205155536919,47.148833465576175,47.13970832824707
2018-07-30,47.974998474121094,48.04999923706055,47.26750183105469,47.477500915527344,84118000,AAPL,0.3264446402677308,48.926836108779256,46.22941427269048,53.34797014327451,39.95320304543911,5.21442343473733,47.157750193278,47.193958346048994
2018-07-31,47.57500076293945,48.03499984741211,47.334999084472656,47.5724983215332,157492000,AAPL,0.2802414473462136,48.91451757049694,46.31948282623158,53.754700985729215,42.040324627594984,5.2144234347373395,47.170666758219404,47.22087497711182
2018-08-01,49.782501220703125,50.439998626708984,49.32749938964844,50.375,271742800,AAPL,0.4644101173013908,49.423395747854244,46.250104694650645,63.47331284924373,231.6097074229867,24.90626770609441,47.302416737874346,47.28895829518636
2018-08-02,50.14500045776367,52.095001220703125,50.087501525878906,51.84749984741211,249616000,AAPL,0.7208737625891644,50.374479326995456,45.84877125283853,67.2179163118063,297.553044970884,34.58131354724372,47.47650006612142,47.37787494659424
2018-08-03,51.75749969482422,52.185001373291016,51.369998931884766,51.997501373291016,133789600,AAPL,0.9255576660888494,51.14972511978622,45.574025566859284,67.56828807495549,296.3052088835916,35.05205514640321,47.66425005594889,47.463833300272626
2018-08-06,52.0,52.3125,51.76750183105469,52.26750183105469,101701600,AAPL,1.096913380092957,51.85648702020022,45.32951380377439,68.20113152682339,265.74288707640795,35.72981497917652,47.865500132242836,47.543125025431316
2018-08-07,52.33000183105469,52.375,51.689998626708984,51.77750015258789,102349600,AAPL,1.1795775420122965,52.32210989591319,45.282890790732324,65.79095457656916,212.86100885882502,34.84493886358619,48.073333485921225,47.6202917098999
2018-08-08,51.51250076293945,51.95249938964844,51.130001068115234,51.8125,90102000,AAPL,1.2336924425459372,52.69719177262742,45.392058791947775,65.8800504457877,167.90032826046243,28.579263611836197,48.26350021362305,47.699875068664554
2018-08-09,52.38249969482422,52.44499969482422,51.79999923706055,52.220001220703125,93970400,AAPL,1.294538203389962,53.12852539446611,45.40697532269698,66.91781033478969,166.28366145056316,31.476067769170356,48.46950022379557,47.79337507883708
2018-08-10,51.84000015258789,52.275001525878906,51.66749954223633,51.88249969482422,98444800,AAPL,1.3005336127744016,53.437441307085855,45.50305933378329,65.21828379909363,137.72509341796896,30.008499917682784,48.65308354695638,47.87400010426839
2018-08-13,52.32749938964844,52.73749923706055,51.92499923706055,52.217498779296875,103563600,AAPL,1.3171335486571891,53.75380286709251,45.63569756015358,66.10227494932357,133.79675464361927,32.72027494873676,48.851083501180014,47.96516672770182
2018-08-14,52.540000915527344,52.63999938964844,52.064998626708984,52.4375,82992000,AAPL,1.332679082425912,54.062647538929276,45.78435296461077,66.67763207043245,122.08021978767091,32.72027494873676,49.039166895548504,48.06283340454102
2018-08-15,52.30500030517578,52.685001373291016,52.08250045776367,52.560001373291016,115230400,AAPL,1.3394435949867187,54.318838477013,46.024162316444034,67.00027075631954,112.1081994720494,32.99061635129855,49.258500289916995,48.15704174041748
2018-08-16,52.9375,53.45249938964844,52.86750030517578,53.33000183105469,114001600,AAPL,1.3909036502336107,54.679535552083124,46.19946530240907,68.95482606784881,125.56322840638497,37.42657169663798,49.491167068481445,48.26604175567627
2018-08-17,53.36000061035156,54.48749923706055,53.290000915527344,54.39500045776367,141708000,AAPL,1.500327758894045,55.17322730131301,46.35927353792038,71.38023500178387,138.70246347247362,42.7166960637755,49.73791707356771,48.38779176076253
2018-08-20,54.525001525878906,54.79499816894531,53.77750015258789,53.8650016784668,121150800,AAPL,1.5266820410186384,55.46235319911851,46.66639779270278,68.62033841406759,128.87829314252363,44.16743769514835,49.94525044759114,48.50158348083496
2018-08-21,54.20000076293945,54.29750061035156,53.50749969482422,53.7599983215332,104639200,AAPL,1.5215555607509756,55.68554854937857,46.99420227459605,68.08083859451399,110.69044427015541,40.9255650805837,50.151000340779625,48.61183344523112
2018-08-22,53.525001525878906,54.09000015258789,53.459999084472656,53.76250076293945,76072400,AAPL,1.5003990480522944,55.88106486890123,47.30443584826185,68.08702430714715,100.65961691255924,40.35118048738888,50.3774169921875,48.724958483378096
2018-08-23,53.662498474121094,54.26250076293945,53.650001525878906,53.872501373291016,75532800,AAPL,1.4754998455038546,56.01085391105854,47.70664677558697,68.36579659832768,98.43448837274362,41.250740408664555,50.58125038146973,48.841583506266275
2018-08-24,54.150001525878906,54.224998474121094,53.77750015258789,54.040000915527344,73905600,AAPL,1.452538897070177,55.94997554814315,48.39702533686661,68.79518050613892,95.02167633490153,41.25074040866455,50.788167063395186,48.96362520853678
2018-08-27,54.287498474121094,54.685001373291016,54.08250045776367,54.48500061035156,82100400,AAPL,1.4534949513366584,55.72185995476158,49.32589089973062,69.91738945659733,101.20085206814312,43.674822162714804,51.01341705322265,49.07904186248779
2018-08-28,54.752498626708984,55.1349983215332,54.72999954223633,54.92499923706055,91107200,AAPL,1.4727795572220899,55.281173243090535,50.50182770295439,70.9847075468404,111.1663939176153,45.932457288648905,51.248833719889326,49.19516684214274
2018-08-29,55.037498474121094,55.872501373291016,54.852500915527344,55.744998931884766,109019200,AAPL,1.5365178473778869,55.565821437179935,50.75417940205347,72.84232611980165,123.060807115731,49.37288080589887,51.520333735148114,49.31879183451335
2018-08-30,55.8125,57.064998626708984,55.599998474121094,56.25749969482422,195175200,AAPL,1.6098283310406671,56.07131594971139,50.68968487426322,73.92179796662901,142.4299030491954,54.24310186317206,51.79658368428548,49.448166847229004
2018-08-31,56.627498626708984,57.217498779296875,56.5,56.907501220703125,173360400,AAPL,1.700771671233582,56.659635106869416,50.592365701846404,75.21439001412665,153.0705648323635,54.81809955369147,52.09816703796387,49.59054183959961
2018-09-04,57.102500915527344,57.29499816894531,56.657501220703125,57.09000015258789,109560400,AAPL,1.7671998819483719,57.198156899022116,50.53609374184702,75.5661488102769,148.03601585682762,55.1146274926496,52.40441703796387,49.7432918548584
2018-09-05,57.247501373291016,57.41749954223633,56.275001525878906,56.717498779296875,133332000,AAPL,1.7693905371239396,57.524414025918475,50.703836477621564,73.36757855293955,130.82665119939193,50.08546321333858,52.68666699727376,49.891791852315265
2018-09-06,56.557498931884766,56.837501525878906,55.32500076293945,55.775001525878906,137160000,AAPL,1.6757579015942525,57.61834646815766,51.006154187970274,68.17577096271239,98.29542693830201,38.5443425413172,52.9223336537679,50.020208549499515
2018-09-07,55.462501525878906,56.342498779296875,55.1775016784668,55.32500076293945,150479200,AAPL,1.54740454621151,57.64918792502886,51.2858126853227,65.87337132812169,81.88407255101028,36.854073995208275,53.14808362325032,50.147708574930824
2018-09-10,55.23749923706055,55.462501525878906,54.11750030517578,54.58250045776367,158066000,AAPL,1.3699777671231317,57.54229601103894,51.66270467560656,62.283098103106525,48.38829016733956,25.473617256062465,53.37600034077962,50.2624169031779
2018-09-11,54.502498626708984,56.07500076293945,54.13999938964844,55.962501525878906,142996000,AAPL,1.325441455412097,57.56222844032643,52.01727252097728,65.8605974934759,68.70528181118472,29.00273355598778,53.65883369445801,50.408291943868
2018-09-12,56.23500061035156,56.25,54.959999084472656,55.26750183105469,197114800,AAPL,1.2200020166734618,57.477919405099506,52.384581739309674,62.75925463092067,69.75757007103611,29.982708773735244,53.91533381144206,50.54300028483073
2018-09-13,55.880001068115234,57.087501525878906,55.64250183105469,56.602500915527344,166825600,AAPL,1.2299852663755146,57.524560897537135,52.742190201095674,65.94576176937314,105.15975449484726,34.461324822475106,54.12291717529297,50.71266695658366
2018-09-14,56.4375,56.709999084472656,55.630001068115234,55.959999084472656,127997200,AAPL,1.172536267324304,57.52411144629293,53.00563937768168,63.25123680463087,83.73545290309397,34.32865218787885,54.260000483194986,50.8682502746582
2018-09-17,55.537498474121094,55.73749923706055,54.317501068115234,54.470001220703125,148780400,AAPL,0.9953039026692565,57.52202343246233,53.01522746780623,57.60463355814497,23.4049357978425,21.32621766073082,54.34241714477539,51.00333360036214
2018-09-18,54.4474983215332,55.462501525878906,54.279998779296875,54.560001373291016,126286800,AAPL,0.8522836416482988,57.48595714508222,53.120793724668765,57.83981422858946,16.518125647926606,20.980077814190096,54.41883379618327,51.142166964213054
2018-09-19,54.625,54.904998779296875,53.82500076293945,54.592498779296875,108495200,AAPL,0.7331104821634256,57.43336817760519,53.25663273792216,57.92699395079525,-3.9214353273592963,16.797858493198973,54.51266708374023,51.29300028483073
2018-09-20,55.060001373291016,55.56999969482422,54.787498474121094,55.00749969482422,106435200,AAPL,0.6644921483963913,57.36728150491178,53.44721930380404,59.04575040312393,27.540854455073713,20.930592245473985,54.61916707356771,51.44133364359538
2018-09-21,55.19499969482422,55.34000015258789,54.3224983215332,54.415000915527344,384986800,AAPL,0.5558939256048419,57.31852356365012,53.55022719928934,56.81447751031709,-1.4554844885057705,16.73626020880924,54.69233373006185,51.58091697692871
2018-09-24,54.20500183105469,55.314998626708984,54.157501220703125,55.1974983215332,110773600,AAPL,0.5268963199013328,57.26380376846667,53.72069673507336,58.93459002377323,4.994931729816918,15.268738138365844,54.80283368428548,51.72795861562093
2018-09-25,54.9375,55.70500183105469,54.92499923706055,55.54750061035156,98217600,AAPL,0.5260932920917725,57.25229394662138,53.83845655691866,59.84671232845521,33.639390159729565,17.795642604391727,54.91383374532064,51.88245862325032
2018-09-26,55.25,55.9375,54.939998626708984,55.10499954223633,95938800,AAPL,0.48416954359256437,57.24937774533064,53.85937278872698,58.157253935884846,23.711124777825333,19.280209571565685,55.002750396728516,52.02095864613851
2018-09-27,55.95500183105469,56.61000061035156,55.8849983215332,56.23749923706055,120724800,AAPL,0.5361475562519047,57.299777451028405,53.858223113546785,61.06710604618386,88.26522323552756,23.4185385025466,55.12533365885417,52.19191697438558
2018-09-28,56.1974983215332,56.459999084472656,56.005001068115234,56.435001373291016,91717600,AAPL,0.5865162829492334,57.32513896641836,53.85061176600352,61.549508594623134,87.19046863144015,23.418538502546614,55.22883364359538,52.36000035603841
2018-10-01,56.98749923706055,57.35499954223633,56.587501525878906,56.814998626708984,94403200,AAPL,0.6496081855294946,57.306154403012066,53.8603460700104,62.474944128668284,128.79454217732814,28.629756579610653,55.309500249226886,52.5237086613973
2018-10-02,56.8125,57.5,56.657501220703125,57.31999969482422,99152800,AAPL,0.7319212065399796,57.36248754376991,53.82701288347618,63.67682969437814,136.735548107515,29.434536567100285,55.42466684977214,52.68495864868164
2018-10-03,57.51250076293945,58.36750030517578,57.44499969482422,58.01750183105469,114619200,AAPL,0.8437116788082832,57.67902137516916,53.640479357252715,65.26635916111434,179.30871857315918,34.03792695065286,55.56658363342285,52.858791987101235
2018-10-04,57.69499969482422,58.087501525878906,56.682498931884766,56.997501373291016,128168000,AAPL,0.840314300862893,57.826980909966736,53.61476980719635,61.213949704650446,117.22838212301701,26.5323988897953,55.67441698710124,53.025916989644365
2018-10-05,56.9900016784668,57.102500915527344,55.14500045776367,56.0724983215332,134322000,AAPL,0.7542868889322563,57.86130401624146,53.655196456781,57.84455071355217,26.735776958831398,13.298839252855796,55.74775021870931,53.16450030008952
2018-10-08,55.5525016784668,56.20000076293945,55.04999923706055,55.942501068115234,118655600,AAPL,0.6679204817175659,57.85590141391627,53.79659912014135,57.38533448824613,-7.803303574200874,12.546446724109952,55.81116689046224,53.29966697692871
2018-10-09,55.90999984741211,56.817501068115234,55.5625,56.717498779296875,107564000,AAPL,0.6544660429773259,57.932043008632185,53.79595725076722,59.374378051924765,41.53424089337856,16.284587750609685,55.88558349609375,53.449500274658206
2018-10-10,56.3650016784668,56.587501525878906,54.01250076293945,54.09000015258789,167962400,AAPL,0.426865483509161,58.007360589209334,53.602889502343395,51.02203502504676,-86.15512781764703,4.667250370281446,55.857750193277994,53.55329195658366
2018-10-11,53.630001068115234,54.875,53.08000183105469,53.61249923706055,212497600,AAPL,0.20559015182099216,58.02923162257363,53.282018301132425,49.707458787311275,-160.50550370750864,1.4596213376056077,55.78666687011719,53.65350030263265
2018-10-12,55.10499954223633,55.720001220703125,54.209999084472656,55.52750015258789,161351600,AAPL,0.18264698604673413,58.0038083729583,53.26419165755929,54.56419243705729,-51.855624921504386,3.8181819969341473,55.76233355204264,53.779458618164064
2018-10-15,55.290000915527344,55.45750045776367,54.317501068115234,54.34000015258789,123164000,AAPL,0.06786077940255097,58.011422328349326,53.243577595356726,51.38121910547081,-83.03102644716421,3.818181996934146,55.67675018310547,53.887458610534665
2018-10-16,54.73249816894531,55.747501373291016,54.189998626708984,55.537498474121094,116736000,AAPL,0.07268215563665592,58.00764642775603,53.34510320603303,54.17015304149717,-42.68255151888854,5.621293292915711,55.625000127156575,54.014708582560225
2018-10-17,55.57500076293945,55.65999984741211,54.834999084472656,55.29750061035156,91541600,AAPL,0.05648617175142334,57.994713158928555,53.42853665796597,53.533481598522464,-30.686059218727458,5.621293292915707,55.5776668548584,54.132166926066084
2018-10-18,54.46500015258789,54.935001373291016,53.25,54.005001068115234,130325200,AAPL,-0.059952083057872585,58.051208580737814,53.27179137348582,50.24358529665039,-127.31770202418465,4.81560533120219,55.51866683959961,54.220500246683756
2018-10-19,54.51499938964844,55.314998626708984,54.35749816894531,54.82749938964844,132314800,AAPL,-0.08488301963163991,58.03334624384076,53.330903557794976,52.17826864926075,-57.851003739746325,2.308309427378873,55.50208346048991,54.325083541870114
2018-10-22,54.9474983215332,55.84000015258789,54.73500061035156,55.162498474121094,115168400,AAPL,-0.07672490314738667,58.03316657708115,53.32758323981338,52.94910216170612,-24.94251683343518,1.0738503116935838,55.521416727701826,54.44870853424072
2018-10-23,53.95750045776367,55.8125,53.67499923706055,55.682498931884766,155071200,AAPL,-0.027977340574331322,58.03908587531166,53.33516377373619,54.13620579686623,-39.78004772117961,5.454355712837528,55.51208330790202,54.585458501180014
2018-10-24,55.650001525878906,56.057498931884766,53.6349983215332,53.772499084472656,163702000,AAPL,-0.14183063589527478,58.11317613685198,53.12782346641951,49.40029886225778,-82.5751384338345,3.850575069386683,55.46224988301595,54.688791847229005
2018-10-25,54.4275016784668,55.345001220703125,54.1875,54.95000076293945,119423200,AAPL,-0.13548387427877628,58.04820985469465,53.06403990116473,52.07414652068015,-52.0082627159328,3.8505750693866836,55.40716654459636,54.76504185994466
2018-10-26,53.974998474121094,55.04750061035156,53.16749954223633,54.07500076293945,189033600,AAPL,-0.19876793427406625,57.97802291333596,52.89822678148826,50.04137882355395,-108.92687354018675,9.952078068781038,55.344333267211915,54.80216687520345
2018-10-29,54.79750061035156,54.92250061035156,51.522499084472656,53.060001373291016,183742000,AAPL,-0.32705291339591014,57.9138641887935,52.58688578068893,47.80217201880548,-174.96871483415913,18.57288823548056,55.297333272298175,54.819875208536786
2018-10-30,52.787498474121094,53.79499816894531,52.317501068115234,53.32500076293945,146640000,AAPL,-0.40269443674282,57.65923622926782,52.44201384702613,48.425479707696724,-164.39820509653816,18.572888235480548,55.25616658528646,54.837500190734865
2018-10-31,54.220001220703125,55.11249923706055,54.154998779296875,54.71500015258789,153435600,AAPL,-0.34648548592593187,57.090184389850016,52.68081551859725,51.56390752707378,-47.558466622476345,9.581187274975438,55.26024996439616,54.886458524068196
2018-11-01,54.76250076293945,55.59000015258789,54.20249938964844,55.55500030517578,233292800,AAPL,-0.2314900224193508,56.81188219627614,52.8148676053596,53.3389922013231,-11.957126372189498,6.551739365086616,55.27849998474121,54.94883352915446
2018-11-02,52.38750076293945,53.412498474121094,51.35749816894531,51.869998931884766,365314800,AAPL,-0.43271602212922033,56.9050418853253,52.30145797734559,45.73291987253676,-214.86516031666235,20.15670487282982,55.19366658528646,54.943000157674156
2018-11-05,51.07500076293945,51.09749984741211,49.54249954223633,50.397499084472656,264654800,AAPL,-0.7029048584803164,57.2105891462039,51.44141051810274,43.187194788252704,-290.3380217899629,27.155747145754727,55.03366661071777,54.91825014750163
2018-11-06,50.47999954223633,51.18000030517578,50.42250061035156,50.942501068115234,127531600,AAPL,-0.8631050152342681,57.06641799009332,51.00808190309515,44.37278864905279,-221.34545048056071,26.633768172115403,54.880166625976564,54.8970001856486
2018-11-07,51.49250030517578,52.51499938964844,51.032501220703125,52.48749923706055,133697600,AAPL,-0.8555342867896272,57.064192383970166,50.85005741766558,47.5807815077691,-140.37651913151169,18.491382872578697,54.79291661580404,54.897833506266274
2018-11-08,52.494998931884766,52.529998779296875,51.6875,52.122501373291016,101450400,AAPL,-0.8689697646133112,57.09418133131681,50.671068683941975,46.91950193448709,-122.20923168988081,18.40289569982033,54.65575002034505,54.89054183959961
2018-11-09,51.38750076293945,51.502498626708984,50.5625,51.11750030517578,137463200,AAPL,-0.9497643721639832,57.001202796573715,50.32304723394386,45.13282705168098,-153.54418938242793,22.87187669181004,54.47849998474121,54.85366681416829
2018-11-12,49.75,49.962501525878906,48.4474983215332,48.54249954223633,204542000,AAPL,-1.2076546312810237,57.39927295872709,49.34522701075533,40.99513162345005,-213.22328723351896,30.29642850730146,54.202750015258786,54.756125132242836
2018-11-13,47.907501220703125,49.29499816894531,47.86249923706055,48.057498931884766,187531600,AAPL,-1.4346324655314717,57.5356060597415,48.46089395551729,40.27568741137828,-205.25169655049422,32.1648715226394,53.89399998982747,54.65933341979981
2018-11-14,48.474998474121094,48.619998931884766,46.48249816894531,46.70000076293945,243204000,AAPL,-1.7044054663497477,57.76911665802048,47.367633372497096,38.328076979171286,-213.1533024219095,36.32980886688185,53.516749954223634,54.54166679382324
2018-11-15,47.09749984741211,47.99250030517578,46.724998474121094,47.852500915527344,185915200,AAPL,-1.8044053212989368,57.81923429492404,46.70226572033476,40.84058799938422,-180.40821755561575,36.329808866881855,53.21191660563151,54.44316679636638
2018-11-16,47.625,48.74250030517578,47.3650016784668,48.38249969482422,147713200,AAPL,-1.8199106574970045,57.61644021672694,46.26055982904943,41.96536106031691,-142.67671592183277,31.62940585334694,52.955583318074545,54.35166676839193
2018-11-19,47.5,47.67499923706055,46.247501373291016,46.46500015258789,167701200,AAPL,-1.9642819167764785,57.46698664517433,45.54026356844872,39.17755808671012,-162.02050065634606,35.079536386547915,52.6396666208903,54.22541675567627
2018-11-20,44.592498779296875,45.36750030517578,43.877498626708984,44.244998931884766,271300800,AAPL,-2.232102437615339,57.38158619066533,44.48191402295771,36.290193670089856,-198.0727971302871,41.550533147669306,52.223916625976564,54.05475006103516
2018-11-21,44.932498931884766,45.067501068115234,44.13750076293945,44.19499969482422,124496800,AAPL,-2.4204848083216532,57.41637936402357,43.489370910634634,36.22798629836815,-174.34309630930056,41.5505331476693,51.89408327738444,53.87591673533122
2018-11-23,43.73500061035156,44.150001525878906,43.025001525878906,43.0724983215332,94496000,AAPL,-2.6300382304387497,57.2220861479172,42.49591388260037,34.84094542710666,-173.2516136388717,44.33760915397721,51.54274991353353,53.66470839182536
2018-11-26,43.560001373291016,43.73749923706055,42.564998626708984,43.654998779296875,179994000,AAPL,-2.7177790433819524,56.9164676767775,41.75953215537582,36.15319630165385,-156.53784726480123,45.45022521323715,51.14699986775716,53.454666709899904
2018-11-27,42.877498626708984,43.692501068115234,42.720001220703125,43.560001373291016,165549600,AAPL,-2.763128145245247,56.64728972126279,41.07871011089053,36.03077571922811,-140.85969350733941,45.45022521323716,50.78766657511393,53.2322083791097
2018-11-28,44.182498931884766,45.3224983215332,43.73249816894531,45.23500061035156,184250000,AAPL,-2.633551255768687,56.106101103653046,40.810898713241485,39.751924581703555,-104.19442155409558,35.20220310747907,50.44424997965495,53.03462505340576
2018-11-29,45.665000915527344,45.70000076293945,44.42499923706055,44.88750076293945,167080000,AAPL,-2.5297397061915206,55.17219364566008,40.76205623226961,39.261763279058606,-92.00444007337484,32.95782661270313,50.09724998474121,52.8374584197998
2018-11-30,45.0724983215332,45.08250045776367,44.25749969482422,44.64500045776367,158126000,AAPL,-2.438921682221242,53.81399005104525,41.02925984214322,38.915359329756654,-90.79677628292768,33.46479462933623,49.78524996439616,52.65195840199788
2018-12-03,46.1150016784668,46.23500061035156,45.3025016784668,46.20500183105469,163210000,AAPL,-2.2155294264581045,53.193970265404666,41.0827799177008,42.30303592975233,-64.03617998950901,26.647981733605587,49.4978333791097,52.4999584197998
2018-12-04,45.23749923706055,45.59749984741211,44.067501068115234,44.17250061035156,165377200,AAPL,-2.1773956547743367,52.816951599869796,40.837298735823566,39.3608918150438,-82.12178829862731,30.578570778347867,49.13150011698405,52.32645842234294
2018-12-06,42.939998626708984,43.69499969482422,42.60499954223633,43.68000030517578,172393600,AAPL,-2.161992916064328,52.28142365945325,40.64657659994616,38.686441235448804,-99.42298243269015,34.85497952238333,48.73141682942708,52.121750068664554
2018-12-07,43.372501373291016,43.622501373291016,42.07500076293945,42.122501373291016,169126400,AAPL,-2.2495320764154982,51.33474270969683,40.55675776332563,36.63291081216128,-106.41049844305633,36.32544017550723,48.3430835723877,51.90266672770182
2018-12-10,41.25,42.522499084472656,40.83250045776367,42.400001525878906,248104000,AAPL,-2.2703444311689154,50.21997946714672,40.69927102113453,37.24686576590661,-112.51951164745867,39.63017770298058,47.924750264485674,51.665958404541016
2018-12-11,42.915000915527344,42.9474983215332,41.75,42.157501220703125,189126800,AAPL,-2.280122289794086,49.1796239827274,40.843626597106585,36.92346021981038,-100.25363292809149,37.11214225138944,47.527500279744466,51.43591677347819
2018-12-12,42.599998474121094,42.97999954223633,42.255001068115234,42.275001525878906,142510800,AAPL,-2.252425461924645,48.68707615778642,40.70942462041182,37.19679161759424,-90.9066274582004,36.916809934859636,47.16800028483073,51.23266677856445
2018-12-13,42.622501373291016,43.14250183105469,42.38750076293945,42.73749923706055,127594400,AAPL,-2.168162597466285,48.1801156713248,40.68438513739102,38.28572458359849,-81.58553050718184,35.915312964013665,46.815083567301436,51.03562507629395
2018-12-14,42.25,42.27000045776367,41.31999969482422,41.369998931884766,162814800,AAPL,-2.186524621480551,47.99184061348976,40.33966001212059,36.35751343695995,-99.41961868219559,38.94997816496769,46.370250193278,50.815250078837074
2018-12-17,41.36249923706055,42.087501525878906,40.682498931884766,40.98500061035156,177151600,AAPL,-2.2067052799447495,47.48447144272773,40.16027915236504,35.83192891493438,-105.14896565339686,40.685200895508736,45.88458353678386,50.58154176076253
2018-12-18,41.345001220703125,41.88249969482422,41.09749984741211,41.51750183105469,135366000,AAPL,-2.1548899687714993,46.58644448011008,40.371806328605736,37.132281490484246,-95.90686574847102,40.68520089550875,45.53950030008952,50.36658344268799
2018-12-19,41.5,41.86249923706055,39.772499084472656,40.22249984741211,196189200,AAPL,-2.1930417781568607,46.26555770148153,40.06844307671672,35.331041184315936,-112.1526000785656,44.21208713407934,45.20033365885417,50.11700013478597
2018-12-20,40.099998474121094,40.52750015258789,38.82500076293945,39.20750045776367,259092000,AAPL,-2.278909480089922,46.43504657815208,39.39520435263405,33.9940115168647,-135.14900019010506,46.5625826439365,44.80916697184245,49.84466679890951
2018-12-21,39.21500015258789,39.540000915527344,37.407501220703125,37.682498931884766,382978400,AAPL,-2.4418668101065606,46.756373068167214,38.42262778632497,32.10561432378593,-163.2295315018994,49.83372115935444,44.31566696166992,49.55429178873698
2018-12-24,37.037498474121094,37.88750076293945,36.647499084472656,36.70750045776367,148676800,AAPL,-2.619490045974196,47.18765503781497,37.35484603030026,30.96783335578523,-183.04399700391173,51.48104893058046,43.80183359781901,49.22879180908203
2018-12-26,37.07500076293945,39.307498931884766,36.68000030517578,39.29249954223633,234330000,AAPL,-2.52259105826613,47.09649612847041,37.00975501593877,37.083219518248946,-142.07366732295162,42.44044032199693,43.40766690572103,48.94308344523112
2018-12-27,38.959999084472656,39.192501068115234,37.51750183105469,39.037498474121094,212468400,AAPL,-2.4382675370537186,46.990021099360604,36.66397975513158,36.75098388121577,-129.90349287947384,42.440440321996924,43.090833536783855,48.646791776021324
2018-12-28,39.375,39.630001068115234,38.63750076293945,39.057498931884766,169165600,AAPL,-2.3428200974553945,46.5604162517268,36.4758344349187,36.79692781369316,-107.99081104337928,39.69161905776088,42.79083353678386,48.342416763305664
2018-12-31,39.63249969482422,39.84000015258789,39.119998931884766,39.435001373291016,140014000,AAPL,-2.211226380535919,46.107112428339065,36.383888319341594,37.680819823583654,-91.66180992320518,38.365738626611204,42.548666890462236,48.032708422342935
2019-01-02,38.72249984741211,39.712501525878906,38.557498931884766,39.47999954223633,148158800,AAPL,-2.079337131517498,45.63243054762726,36.34207010850067,37.78810328946743,-91.50915317727758,39.94520392518245,42.269583511352536,47.740750058492026
2019-01-03,35.994998931884766,36.43000030517578,35.5,35.54750061035156,365248800,AAPL,-2.266012567661761,45.02385989013874,35.88489064391888,32.69898683947525,-178.0004073490097,47.50899957534645,41.84175020853679,47.39866676330566
2019-01-04,36.13249969482422,37.13750076293945,35.95000076293945,37.064998626708984,234428400,AAPL,-2.265390773391154,44.55506616690657,35.642934168786795,36.13258456023757,-139.62843673749052,43.19187930827724,41.52841682434082,47.08404172261556
2019-01-07,37.17499923706055,37.20750045776367,36.474998474121094,36.98249816894531,219111200,AAPL,-2.2456684266657945,44.09187361573262,35.4363765063377,36.029205168103076,-122.71587815502424,42.7642300573656,41.28633346557617,46.75512504577637
2019-01-08,37.38999938964844,37.95500183105469,37.130001068115234,37.6875,164101200,AAPL,-2.148385320324863,43.81546476146752,35.26928522327369,37.607274384589125,-94.9942869290769,38.204586562131055,41.06941680908203,46.481750043233234
2019-01-09,37.8224983215332,38.63249969482422,37.407501220703125,38.32749938964844,180396400,AAPL,-1.9966292564068837,43.422408886548325,35.25509088456984,39.019956995189304,-74.68693843700181,34.18631845701702,40.91125017801921,46.227000045776364
2019-01-10,38.125,38.49250030517578,37.71500015258789,38.45000076293945,143122800,AAPL,-1.8452062562495541,43.02960538115627,35.27714434418553,39.29212703209013,-67.27404878065514,34.18631845701702,40.73775024414063,45.942375055948894
2019-01-11,38.220001220703125,38.42499923706055,37.877498626708984,38.0724983215332,108092800,AAPL,-1.7356561659108465,42.553475349802405,35.33302405510482,38.74090769810245,-65.33323468069554,34.18631845701704,40.5548334757487,45.67125002543131
2019-01-14,37.712501525878906,37.817501068115234,37.30500030517578,37.5,129756800,AAPL,-1.675716147381337,41.86770356618419,35.49504591501699,37.90662783001231,-76.31664904619673,35.92898430778404,40.297000122070315,45.37062505086263
2019-01-15,37.567501068115234,38.34749984741211,37.51250076293945,38.26750183105469,114843600,AAPL,-1.548432896798225,41.45295453171887,35.59954523939929,39.70730205874119,-58.812175920362456,32.567289974346735,40.07633349100749,45.08679173787435
2019-01-16,38.27000045776367,38.970001220703125,38.25,38.73500061035156,122278800,AAPL,-1.393770243470989,41.10610151451557,35.7213982566026,40.78927059512187,-37.79843056593706,28.69994241239613,39.87933349609375,44.832291730244954
2019-01-17,38.54999923706055,39.415000915527344,38.314998626708984,38.96500015258789,119284800,AAPL,-1.2383648365721527,40.57000122114433,36.002248382127156,41.32515560350517,-25.725897221536208,25.982075166286332,39.638000106811525,44.56791674296061
2019-01-18,39.375,39.470001220703125,38.994998931884766,39.20500183105469,135004000,AAPL,-1.0833506108156286,40.378511369733815,36.091988431901925,41.892845764602164,-9.298357441356837,25.64282799647565,39.47241681416829,44.30195846557617
2019-01-22,39.102500915527344,39.182498931884766,38.154998779296875,38.32500076293945,121576000,AAPL,-1.0197543583396182,40.28589534569749,36.09635448645583,40.409853539003585,-31.623880144000992,28.677230558462657,39.29391682942708,44.01266682942708
2019-01-23,38.537498474121094,38.78499984741211,37.92499923706055,38.47999954223633,92522400,AAPL,-0.9459425273294357,40.31533994171747,36.14665995147101,40.791753440728506,-34.92919567557616,29.492231602545843,39.17250010172526,43.75779183705648
2019-01-24,38.52750015258789,38.619998931884766,37.935001373291016,38.17499923706055,101766000,AAPL,-0.9016632820525246,40.26238975170195,36.34636001941622,40.266445888041375,-38.69185692679814,29.492231602545843,39.03166669209798,43.478208478291826
2019-01-25,38.869998931884766,39.532501220703125,38.58000183105469,39.439998626708984,134142000,AAPL,-0.7557845684071722,40.28647533284468,36.337024346720746,43.3940832895435,13.094836747656414,23.500502157711484,38.94108327229818,43.23429177602132
2019-01-28,38.9474983215332,39.08250045776367,38.415000915527344,39.07500076293945,104768400,AAPL,-0.66199583809221,40.29132107487989,36.33592883356738,42.72632869805939,2.4415993088343795,24.156949538665387,38.8344165802002,43.00120843251546
2019-01-29,39.0625,39.532501220703125,38.52750015258789,38.66999816894531,166348800,AAPL,-0.6132784262484847,40.24871766019767,36.33978217195565,41.98473082285841,15.280767652693934,21.222182799236975,38.69883321126302,42.756958389282225
2019-01-30,40.8125,41.537498474121094,40.057498931884766,41.3125,244439200,AAPL,-0.35732271903609103,40.717660803038726,36.05858889178549,48.06864780704725,163.3546845889635,9.312599517385788,38.696916580200195,42.533583386739096
2019-01-31,41.52750015258789,42.25,41.13999938964844,41.61000061035156,162958400,AAPL,-0.1289833245933636,41.19894706535987,35.79030273627587,48.695253497948,208.36537323928567,5.50219371869102,38.71774991353353,42.301166725158694
2019-02-01,41.7400016784668,42.244998931884766,41.48249816894531,41.630001068115234,130672400,AAPL,0.052980434915191665,41.475497903185406,36.1220019442267,48.738269822066,213.5911292707919,5.502193718691021,38.721499888102215,42.130500094095865
2019-02-04,41.852500915527344,42.915000915527344,41.81999969482422,42.8125,125982000,AAPL,0.28927126744502374,42.18064515091007,35.99160483383115,51.23881157026386,241.66680357195736,1.9267814880108196,38.80783322652181,42.004083442687985
2019-02-05,43.21500015258789,43.77000045776367,43.087501525878906,43.54499816894531,144406400,AAPL,0.5295357762951411,42.93230104329061,35.896198941450606,52.71681887320568,256.97787071771955,2.437960268786564,38.9524164835612,41.880791727701826
2019-02-06,43.662498474121094,43.89250183105469,43.212501525878906,43.560001373291016,112958400,AAPL,0.7129394416805539,43.5814160914365,35.834334030633805,52.747166929984026,219.0878536173552,3.0532812010394057,39.14833323160807,41.732000096639
2019-02-07,43.099998474121094,43.48500061035156,42.584999084472656,42.73500061035156,126966800,AAPL,0.7826950794354275,43.969023088487454,35.887477155653166,50.889177600371745,164.90753157334154,0.2794716454700166,39.349249903361006,41.575541750590006
2019-02-08,42.247501373291016,42.665000915527344,42.10499954223633,42.602500915527344,95280000,AAPL,0.8178575541071353,44.282186173755456,35.989564085643956,50.59309078191255,126.20494694120019,2.7677573628833514,39.4595832824707,41.433625094095866
2019-02-11,42.76250076293945,42.8025016784668,42.3125,42.35749816894531,83973600,AAPL,0.8165418088478589,44.49033936629005,36.20991087785057,50.03621615205209,113.5511232100463,2.0134287833329783,39.57024993896484,41.33054173787435
2019-02-12,42.525001525878906,42.75,42.42499923706055,42.72249984741211,89134000,AAPL,0.8353225775526454,44.65216584797833,36.57033438090351,50.86963511155387,106.58494775546852,2.013428783332979,39.69241663614909,41.24162508646647
2019-02-13,42.84749984741211,43.119998931884766,42.47999954223633,42.54499816894531,89960800,AAPL,0.8263578313604398,44.795916357493894,36.85433350517701,50.44631552192193,99.02189814909376,0.0982061862526408,39.79608319600423,41.17237504323324
2019-02-14,42.4275016784668,42.814998626708984,42.345001220703125,42.70000076293945,87342800,AAPL,0.8222818658434505,44.95046318691159,37.09628669101809,50.81605249816331,87.64469709959292,0.6777890132145309,39.903416570027666,41.086500040690105
2019-02-15,42.8125,42.92499923706055,42.4375,42.60499954223633,98507200,AAPL,0.8021392670963436,45.06765552338986,37.34309429350468,50.57678614002125,81.97950018260161,0.024165511194206936,40.13866653442383,40.99020837148031
2019-02-19,42.4275016784668,42.86000061035156,42.372501373291016,42.73249816894531,75891200,AAPL,0.7873876711533683,45.181062858250016,37.58243659243358,50.89776876139737,76.1296852375979,0.4193512686694975,40.327583185831706,40.92800000508626
2019-02-20,42.79750061035156,43.33000183105469,42.747501373291016,43.00749969482422,104457600,AAPL,0.7887945177507305,45.19264961654278,38.03909972732929,51.599153556161994,82.41600806171472,2.4645913562226247,40.528416570027666,40.90737501780192
2019-02-21,42.95000076293945,43.092498779296875,42.57500076293945,42.76499938964844,68998800,AAPL,0.7615628829882013,45.11764424996496,38.542605078648315,50.93544763921481,70.76800217969063,1.3593731571724987,40.697666549682616,40.883541679382326
2019-02-22,42.89500045776367,43.25,42.845001220703125,43.24250030517578,75652800,AAPL,0.7696400184386789,44.93741166199504,39.229587773429756,52.18816669736202,76.18302051528666,2.354192818477573,40.86149991353353,40.88637504577637
2019-02-25,43.540000915527344,43.967498779296875,43.48749923706055,43.557498931884766,87493600,AAPL,0.7923255276209531,44.92614903060933,39.65260043533305,53.00696520939571,89.92045883898143,6.7845324236516795,41.03174985249837,40.884750048319496
2019-02-26,43.4275016784668,43.82500076293945,43.29249954223633,43.58250045776367,68280800,AAPL,0.8030641476757978,44.73185286585841,40.2976465695664,53.07295032932237,82.23873804923035,5.439530505490961,41.21541659037272,40.88512503306071
2019-02-27,43.3025016784668,43.75,43.182498931884766,43.717498779296875,111341600,AAPL,0.813094965132521,44.12354984601539,41.41069965044457,53.438147896268156,78.67133929533477,4.6701840430642285,41.42266654968262,40.859833335876466
2019-02-28,43.58000183105469,43.727500915527344,43.22999954223633,43.287498474121094,112861600,AAPL,0.7773858095631354,44.05346822954304,41.678281114329025,52.10209556955934,71.26917386045203,4.670184043064232,41.589999771118165,40.833166631062824
2019-03-01,43.56999969482422,43.787498474121094,43.22249984741211,43.74250030517578,103544800,AAPL,0.7768458957446072,44.06440024697618,41.88059906637831,53.37803563722723,75.45542682029273,5.074468025081387,41.7569164276123,40.81812496185303
2019-03-04,43.92250061035156,44.4375,43.49250030517578,43.962501525878906,109744800,AAPL,0.7851198965896558,44.069881218071934,42.108368141058925,53.99107874779074,88.41441890240206,9.381505752843625,41.923499806722006,40.78074995676676
2019-03-05,43.98500061035156,44.0,43.6349983215332,43.88249969482422,78949600,AAPL,0.7762732281466427,44.17521199475956,42.11003733385372,53.72532609913791,80.94835984983031,9.381505752843623,42.07941640218099,40.77591660817464
2019-03-06,43.66749954223633,43.872501373291016,43.48500061035156,43.630001068115234,83241600,AAPL,0.7403533185105644,44.1871069567781,42.10664266175217,52.8755724673988,72.20480913440625,8.169465371892905,42.25624974568685,40.77508328755697
2019-03-07,43.467498779296875,43.61000061035156,43.005001068115234,43.125,99185600,AAPL,0.6634888788205586,44.14701540454871,42.103234076652456,51.200084997993734,49.88107997353238,4.341995526967364,42.41108309427897,40.79179159800211
2019-03-08,42.58000183105469,43.26750183105469,42.375,43.227500915527344,95997600,AAPL,0.603883036098992,44.15566842262657,42.14383108909218,51.5226252341011,28.873157181776797,0.4411194293447368,42.57949981689453,40.805583254496256
2019-03-11,43.872501373291016,44.779998779296875,43.837501525878906,44.724998474121094,128044000,AAPL,0.6697599385143675,44.44910740911608,42.062641858462044,55.925292900762166,137.9169428885739,9.825169723698961,42.755666478474936,40.848374875386554
2019-03-12,45.0,45.66749954223633,44.842498779296875,45.227500915527344,129870400,AAPL,0.7538259691968392,44.80847715808438,41.99027238415194,57.272335336664334,204.10156403731102,15.093127402308305,42.960749816894534,40.897583198547366
2019-03-13,45.5625,45.82500076293945,45.22999954223633,45.4275016784668,124130000,AAPL,0.8270535359295863,45.171100063582905,41.898149661758886,57.803325893285106,222.39556577815128,15.994086855759754,43.185999933878584,40.9424165725708
2019-03-14,45.974998474121094,46.025001525878906,45.63999938964844,45.932498931884766,94318000,AAPL,0.915285130811327,45.591210241540985,41.816789560094755,59.12999599469052,234.76875167388292,17.148952313160805,43.33999989827474,41.01845823923747
2019-03-15,46.212501525878906,46.83250045776367,45.935001373291016,46.529998779296875,156171600,AAPL,1.0216456544488608,46.103725323354944,41.687274279916544,60.64447235545433,253.55053011268512,21.647848991858616,43.50399983723958,41.11087487538656
2019-03-18,46.45000076293945,47.09749984741211,46.4474983215332,47.005001068115234,104879200,AAPL,1.1312257839914182,46.63689637154224,41.59410338431713,61.80835019305915,246.46239069928023,23.066096268562053,43.68316650390625,41.20233319600423
2019-03-19,47.087501525878906,47.247501373291016,46.47999954223633,46.63249969482422,126585600,AAPL,1.1744724906469557,46.980407702545506,41.640592205901754,60.360219031975134,202.28726542279855,23.872985451138852,43.810499827067055,41.309166526794435
2019-03-20,46.557498931884766,47.372501373291016,46.182498931884766,47.040000915527344,124140800,AAPL,1.227478156024084,47.37014227400462,41.65410775651296,61.3841039752741,176.07614967565794,21.263577737133637,43.92699991861979,41.4397082010905
2019-03-21,47.505001068115234,49.08250045776367,47.45249938964844,48.772499084472656,204136800,AAPL,1.3932234383177615,48.124140846990734,41.500859153009266,65.32344014440953,220.39282343120757,30.027957048179623,44.10074984232585,41.62454153696696
2019-03-22,48.834999084472656,49.42250061035156,47.69499969482422,47.76250076293945,169630800,AAPL,1.4266339963649415,48.51198362160422,41.56501642417215,61.53754798388894,181.81241038133678,31.594149850507552,44.268333180745444,41.80879154205322
2019-03-25,47.877498626708984,47.994998931884766,46.650001525878906,47.185001373291016,175381200,AAPL,1.3904840948474444,48.7461773558697,41.69357293404729,59.497901169703574,122.00928485597578,22.851166927184174,44.42108319600423,41.94033323923747
2019-03-26,47.915000915527344,48.220001220703125,46.14500045776367,46.6974983215332,199202000,AAPL,1.3074264175086512,48.87246717427755,41.87878290201639,57.82421661730389,100.8113943383663,18.901940681720344,44.56574986775716,42.067999903361006
2019-03-27,47.1875,47.439998626708984,46.63750076293945,47.11750030517578,119393600,AAPL,1.2609577240721421,49.03362845312343,42.057621775758406,58.85573861000032,93.75330049712193,18.901940681720344,44.71224988301595,42.20233325958252
2019-03-28,47.23749923706055,47.38999938964844,46.88249969482422,47.18000030517578,83121600,AAPL,1.2151664944672191,49.13075591103984,42.349744500947466,59.01006652184429,89.427895170625,18.90194068172035,44.866749954223636,42.331416575113934
2019-03-29,47.45750045776367,47.52000045776367,47.1349983215332,47.48749923706055,94256000,AAPL,1.1899719530813186,49.266721180757926,42.58827912441785,59.77793427894998,91.11440668289265,19.638159640080914,45.026333236694335,42.464874903361
2019-04-01,47.90999984741211,47.91999816894531,47.095001220703125,47.810001373291016,111448000,AAPL,1.1823983722294855,49.4255899604134,42.8141603295036,60.57914635033935,93.08076583254287,21.895042296890825,45.19983329772949,42.66924991607666
2019-04-02,47.772499084472656,48.6150016784668,47.76250076293945,48.505001068115234,91062800,AAPL,1.218431600810412,49.6444199820467,43.05758044519939,62.255301989960245,111.16032583437799,25.648253696261946,45.392250061035156,42.85991662343343
2019-04-03,48.3125,49.125,48.287498474121094,48.837501525878906,93087200,AAPL,1.2593017554369084,49.82137162239454,43.40137885062792,63.03321474621811,119.42813013336409,28.26499368917828,45.58658345540365,43.05750001271566
2019-04-04,48.6974983215332,49.092498779296875,48.28499984741211,48.92250061035156,76457200,AAPL,1.283752068444798,49.819443735780986,43.98305679827663,63.23360254427678,112.4816083751571,28.242118959416185,45.79183349609375,43.244750022888184
2019-04-05,49.11249923706055,49.275001525878906,48.98249816894531,49.25,74106400,AAPL,1.3144039508195746,49.74286703333275,44.66188340917213,64.0111853259819,119.64336990960118,29.196222570870077,45.99208348592122,43.426791699727374
2019-04-08,49.10499954223633,50.057498931884766,49.084999084472656,50.025001525878906,103526800,AAPL,1.385263479521555,50.025429349046945,44.90932139863372,65.7827459984624,131.08274592478557,33.13928547928957,46.20766690572103,43.6197083791097
2019-04-09,50.08000183105469,50.712501525878906,49.807498931884766,49.875,143072800,AAPL,1.413027792200623,50.245415251225154,45.15408540490277,65.14071296829246,137.89861308934582,36.21522421461291,46.41741689046224,43.81641674041748
2019-04-10,49.66999816894531,50.185001373291016,49.54499816894531,50.154998779296875,86781200,AAPL,1.4410136629648704,50.471334781814306,45.40091558439663,65.78553350873742,125.27214294985873,33.66582494127804,46.63200022379557,44.027333386739095
2019-04-11,50.212501525878906,50.25,49.61000061035156,49.73749923706055,83603200,AAPL,1.413213300075114,50.59879764485776,45.653952751870754,63.96056335718102,117.1685798546354,33.982321740780044,46.84700024922689,44.21850001017253
2019-04-12,49.79999923706055,50.03499984741211,49.0525016784668,49.717498779296875,111042800,AAPL,1.3737319159942913,50.73572954723915,45.83577084948936,63.87275250630462,102.19235673151574,28.540610845705306,47.046166865030926,44.40154164632161
2019-04-15,49.64500045776367,49.962501525878906,49.502498626708984,49.807498931884766,70146400,AAPL,1.3343236424508618,50.887970711851786,45.96377947125368,64.10217217180835,102.19618183638073,28.540610845705295,47.24100011189778,44.5822499593099
2019-04-16,49.8650016784668,50.342498779296875,49.63999938964844,49.8125,102785600,AAPL,1.288641192630294,50.96881296950821,46.20093724411484,64.115271475589,102.56018344645302,30.59674173264343,47.43866678873698,44.75904159545898
2019-04-17,49.8849983215332,50.845001220703125,49.65250015258789,50.782501220703125,115627200,AAPL,1.3155437445063924,51.23167992902614,46.312320315114476,66.56340371389612,115.06204298524776,33.22510650012877,47.67708346048991,44.96666660308838
2019-04-18,50.779998779296875,51.037498474121094,50.630001068115234,50.96500015258789,96783200,AAPL,1.3361876102632948,51.52962395961267,46.23362639133948,67.00156086947145,126.06096402656661,34.21242947667192,47.93841679890951,45.17474994659424
2019-04-22,50.70750045776367,51.23500061035156,50.584999084472656,51.13249969482422,77758000,AAPL,1.3504961567724507,51.824165133348465,46.27608511079216,67.40707661063013,125.51272530315568,35.22890700616513,48.201916758219404,45.39070828755697
2019-04-23,51.10749816894531,51.9375,50.974998474121094,51.869998931884766,93292000,AAPL,1.4051481348369066,52.18367462590362,46.385075374096374,69.13472619924488,144.64569733700043,38.71322750164944,48.44008344014485,45.5978749593099
2019-04-24,51.84000015258789,52.119998931884766,51.76250076293945,51.790000915527344,70162400,AAPL,1.4255719438692935,52.37551979736913,46.70248046203029,68.72594214445023,147.15634650845067,39.58661639054499,48.65883344014485,45.8097916285197
2019-04-25,51.70750045776367,51.939998626708984,51.279998779296875,51.31999969482422,74172800,AAPL,1.3878346946634323,52.44972956032794,47.04852063803632,66.3418220962162,122.35597112885792,34.35011774036663,48.8552500406901,46.02062498728434
2019-04-26,51.224998474121094,51.25,50.529998779296875,51.07500076293945,74596400,AAPL,1.322908619441101,52.416546756437945,47.471203487702674,65.12357850252621,90.91979993496348,26.706789346129682,49.02666676839193,46.18333333333333
2019-04-29,51.099998474121094,51.49250030517578,50.96500015258789,51.15250015258789,88818800,AAPL,1.263147017578568,52.36542241514853,47.88882792054483,65.33190001946255,96.61165579284184,28.075450377025202,49.18075014750163,46.34237499237061
2019-04-30,50.76499938964844,50.849998474121094,49.77750015258789,50.16749954223633,186139600,AAPL,1.1233548646658704,52.199862124169115,48.29013802841878,60.57466398773429,49.06847167307558,17.006958949576184,49.286166763305665,46.484666633605954
2019-05-01,52.470001220703125,53.82749938964844,52.307498931884766,52.630001068115234,259309200,AAPL,1.1974682014606088,52.50125180451317,48.40124834807472,66.82258125997348,166.22103848278175,32.20426063727375,49.4860834757487,46.64829165140788
2019-05-02,52.459999084472656,53.162498474121094,52.032501220703125,52.287498474121094,127985200,AAPL,1.214565700551418,52.682590093085835,48.56490975432628,65.33286960780356,138.69636155226735,29.93105767882222,49.66100006103515,46.793999989827476
2019-05-03,52.72249984741211,52.959999084472656,52.557498931884766,52.9375,83569600,AAPL,1.2659719460567729,52.96619561529443,48.682804171082516,66.78654291921808,142.88015891786978,29.93105767882222,49.79983342488607,46.95029163360596
2019-05-06,51.0724983215332,52.209999084472656,50.875,52.119998931884766,129772400,AAPL,1.2266067033858832,53.04924495502021,48.88675472454522,63.33140599848555,86.22456752079289,16.783462050216926,49.94508336385091,47.10670827229818
2019-05-07,51.470001220703125,51.85499954223633,50.20750045776367,50.71500015258789,155054800,AAPL,1.0697068903706466,53.040350494308086,48.96464904792825,57.99692534797472,44.23235776649249,12.126928647435765,50.06274998982747,47.24191659291585
2019-05-08,50.474998474121094,51.334999084472656,50.4375,50.724998474121094,105358000,AAPL,0.9353868814312065,53.0182735079896,49.07172588165884,58.02295445636157,35.5017268568674,12.126928647435781,50.19699999491374,47.38137493133545
2019-05-09,50.099998474121094,50.41999816894531,49.165000915527344,50.18000030517578,139634400,AAPL,0.7760150902216907,53.017179895320965,49.07531964691536,56.06387294268573,-18.442187736133892,3.6920317039017716,50.29908332824707,47.50566660563151
2019-05-10,49.35499954223633,49.712501525878906,48.192501068115234,49.29499816894531,164834800,AAPL,0.5717092134183872,53.06558705415452,48.98266238127029,53.05468744054981,-74.13866360203781,2.1287373181835796,50.36958325703939,47.61816660563151
2019-05-13,46.9275016784668,47.369998931884766,45.712501525878906,46.43000030517578,229722400,AAPL,0.17657846367443142,53.712422620150015,48.00707696786268,44.971124055344,-219.58837679467948,14.752832375057165,50.33433329264323,47.68033326466878
2019-05-14,46.602500915527344,47.42499923706055,46.352500915527344,47.165000915527344,146118800,AAPL,-0.07637667291941597,53.9994849246723,47.45576486170465,47.10978090898709,-187.4506026453654,14.414251872542156,50.31283327738444,47.75633328755696
2019-05-15,46.567501068115234,47.9375,46.505001068115234,47.72999954223633,106178800,AAPL,-0.22861939179058055,54.14129035741634,47.10570938318425,48.69536761362125,-158.22465065516948,11.250140416897244,50.28699989318848,47.83962497711182
2019-05-16,47.477500915527344,48.11750030517578,47.209999084472656,47.52000045776367,132125600,AAPL,-0.36204458976106935,54.23995344111256,46.68079622319408,48.14046322400472,-139.1924480331004,10.14343446825853,50.24308319091797,47.914833323160806
2019-05-17,46.73249816894531,47.724998474121094,46.689998626708984,47.25,131516400,AAPL,-0.4839926350608579,54.30651264756138,46.242737001486475,47.42171281697467,-151.37883219945974,12.737686355929908,50.18733317057292,47.989583333333336
2019-05-20,45.880001068115234,46.087501525878906,45.06999969482422,45.772499084472656,154449200,AAPL,-0.6918837107074722,54.48612838004635,45.527121207966346,43.72603226392206,-207.02734064952375,20.165909905219838,50.07141647338867,48.03174997965495
2019-05-21,46.30500030517578,47.0,46.17499923706055,46.650001525878906,113459200,AAPL,-0.7768764246693394,54.37381342309416,45.117436424317944,46.29735560218305,-144.81376392096564,14.487123163724311,49.95891647338867,48.08329168955485
2019-05-22,46.165000915527344,46.4275016784668,45.63750076293945,45.69499969482422,118994400,AAPL,-0.9107953474908967,54.29921010467942,44.582539620662374,44.03219689379878,-152.73214155159653,16.88068462369505,49.819583129882815,48.118500010172525
2019-05-23,44.95000076293945,45.1349983215332,44.45249938964844,44.915000915527344,146118800,AAPL,-1.0675602711555072,54.29174870812055,43.949501139291556,42.28422748946508,-168.62499967842567,21.86843234776646,49.64491653442383,48.1384583791097
2019-05-24,45.04999923706055,45.53499984741211,44.654998779296875,44.74250030517578,94858800,AAPL,-1.1919765959788364,54.23995888409279,43.36804091754295,41.90365677445922,-143.46627472780892,19.367202578226873,49.47841657002767,48.16270840962728
2019-05-28,44.72999954223633,45.147499084472656,44.477500915527344,44.557498931884766,111792800,AAPL,-1.2906279389835404,54.106926175029,42.84157350453643,41.48936970762882,-134.33249055058323,20.119788877485327,49.306416575113936,48.17629172007243
2019-05-29,44.10499954223633,44.837501525878906,44.0,44.345001220703125,113924800,AAPL,-1.3701622509021831,54.04454163914099,42.32170820827112,41.00762535280867,-129.12071556238809,22.142116478317195,49.12433331807454,48.18266671498616
2019-05-30,44.48749923706055,44.807498931884766,44.16749954223633,44.57500076293945,84873600,AAPL,-1.3985135317893622,53.45936071675157,42.10138910014296,41.76474024001091,-113.93676401677502,22.1421164783172,48.94975001017253,48.19420839945475
2019-05-31,44.057498931884766,44.497501373291016,43.747501373291016,43.76750183105469,108174400,AAPL,-1.4692044668594235,52.886123623705366,41.82262652888253,39.904676021804896,-115.88693033655689,23.954318308030324,48.71591669718425,48.196500078837076
2019-06-03,43.900001525878906,44.47999954223633,42.567501068115234,43.32500076293945,161584400,AAPL,-1.5431452622555994,52.01994371697827,41.727556511903565,38.92200316325845,-118.7436972438585,28.77277515549226,48.46125005086263,48.199833424886066
2019-06-04,43.86000061035156,44.95750045776367,43.630001068115234,44.90999984741211,123872000,AAPL,-1.4570517104598437,51.09076269875201,41.935737621682556,44.029221973296174,-87.85512130662251,25.445387061983592,48.25383338928223,48.227875073750816
2019-06-05,46.06999969482422,46.247501373291016,45.28499984741211,45.6349983215332,119093600,AAPL,-1.315160283505243,50.39779805470715,42.120702082621946,46.159517977406715,-55.64218792811345,16.996648148833344,48.04600003560384,48.24304173787435
2019-06-06,45.77000045776367,46.36750030517578,45.537498474121094,46.30500030517578,90105200,AAPL,-1.1355567533384914,49.605303119802926,42.47119720063165,48.04980622178942,-44.30563704955771,16.243265499515548,47.863166681925456,48.261000061035155
2019-06-07,46.627498626708984,47.97999954223633,46.442501068115234,47.537498474121094,122737600,AAPL,-0.8835819768721791,48.99030807318239,42.82194206414671,51.30331472053059,-10.41259537877358,6.69283711511076,47.73708330790202,48.29616667429606
2019-06-10,47.95249938964844,48.842498779296875,47.904998779296875,48.14500045776367,104883600,AAPL,-0.6276348344855194,48.70095037334903,42.99629999286191,52.81025848765927,18.26909325933836,2.0534031170555322,47.63941663106282,48.333041699727374
2019-06-11,48.71500015258789,49.0,48.400001525878906,48.70249938964844,107731600,AAPL,-0.3754810635822565,49.08072626844213,42.84377400621607,54.157018152234556,32.95045096340007,1.2219212653907678,47.55774993896485,48.36925004323324
2019-06-12,48.48749923706055,48.99250030517578,48.34749984741211,48.54750061035156,73012800,AAPL,-0.18601027887451949,49.318818180933604,42.743932063207026,53.7161035321855,33.39679719497891,1.4986663489867649,47.503749974568684,48.394958368937175
2019-06-13,48.67499923706055,49.1974983215332,48.400001525878906,48.537498474121094,86698400,AAPL,-0.03624262333129735,49.46515901973379,42.67834111759531,53.68692549768965,43.0850046374391,0.3628915389866986,47.367333221435544,48.42670834859212
2019-06-14,47.88750076293945,48.397499084472656,47.57500076293945,48.185001373291016,75046000,AAPL,0.053390302436426396,49.570426526869,42.63957370201284,52.64439278121865,29.091030403631468,4.7980163145344825,47.230583318074544,48.44579168955485
2019-06-17,48.224998474121094,48.7400016784668,48.04249954223633,48.47249984741211,58676400,AAPL,0.14594144389446484,49.75742778788406,42.57482242573898,53.40776777298555,50.450801671880456,2.832183606380182,47.08174997965495,48.44079170227051
2019-06-18,49.01250076293945,50.0724983215332,48.8025016784668,49.61249923706055,106204000,AAPL,0.3077299938532576,50.25814357972023,42.4581066491616,56.297546998408734,97.16911575961088,4.386194293411212,46.99816665649414,48.471625010172524
2019-06-19,49.91999816894531,49.970001220703125,49.32749938964844,49.467498779296875,84496800,AAPL,0.4194135221890747,50.63953852204107,42.35846143218256,55.84182628220881,105.00626144287149,4.386194293411217,46.95658327738444,48.50966663360596
2019-06-20,50.092498779296875,50.15250015258789,49.50749969482422,49.8650016784668,86056000,AAPL,0.5338448537570244,51.09044279172686,42.324557360861036,56.83278935150146,118.52036269173529,5.3598972237313,46.9279167175293,48.56245835622152
2019-06-21,49.70000076293945,50.212501525878906,49.537498474121094,49.69499969482422,191202400,AAPL,0.6038539170737351,51.43785003701127,42.45514999350631,56.27407264432968,117.82444514373084,5.686562945443707,46.91175003051758,48.60541667938232
2019-06-24,49.6349983215332,50.040000915527344,49.54249954223633,49.64500045776367,72881600,AAPL,0.6478342535583721,51.711537303449504,42.67171274232686,56.10625538815805,112.54712004157774,5.686562945443711,46.92341677347819,48.64650001525879
2019-06-25,49.60749816894531,49.814998626708984,48.8224983215332,48.89250183105469,84281200,AAPL,0.6148806751287239,51.81065645468963,43.00609388100373,53.61685257172958,83.8224866372639,1.200853963528386,47.005500157674156,48.66991672515869
2019-06-26,49.442501068115234,50.247501373291016,49.337501525878906,49.95000076293945,104270000,AAPL,0.6664140464224602,51.982076271658954,43.39517401825803,56.427423902325486,101.26641645463789,3.7397060385655476,47.09833348592122,48.70558338165283
2019-06-27,50.0724983215332,50.39250183105469,49.89250183105469,49.935001373291016,83598800,AAPL,0.6979982002969152,52.09820512526263,43.81504522568952,56.377298766008245,102.0185526215631,4.5900247780723324,47.17183354695638,48.72941672007243
2019-06-28,49.66999816894531,49.875,49.26250076293945,49.47999954223633,124442400,AAPL,0.6784927821908013,51.93051123581986,44.55398888625046,54.84835413934727,78.36838454526794,0.596002712526445,47.23716684977214,48.740125020345054
2019-07-01,50.79249954223633,51.122501373291016,50.162498474121094,50.38750076293945,109012000,AAPL,0.7278719077513145,51.588150553192136,45.602599568878176,57.24096838817911,104.34435969474961,7.807705519847374,47.34175020853679,48.764541689554854
2019-07-02,50.352500915527344,50.782501220703125,50.34000015258789,50.682498931884766,67740800,AAPL,0.7817970377473387,51.4654054973347,46.302594533182884,57.98957140089712,99.01624428740607,7.80770551984736,47.50541687011719,48.78841667175293
2019-07-03,50.81999969482422,51.11000061035156,50.67250061035156,51.102500915527344,45448000,AAPL,0.8486411350120378,51.429559938992135,46.88519035092485,59.04560918702598,103.25251672105594,9.649247911592894,47.6538335164388,48.80637499491374
2019-07-05,50.837501525878906,51.27000045776367,50.724998474121094,51.057498931884766,69062000,AAPL,0.8877508406124761,51.38806852658299,47.4019316260049,58.88154826820268,99.32800793460159,10.552250191612838,47.83258349100749,48.82608331044515
2019-07-08,50.20249938964844,50.349998474121094,49.602500915527344,50.005001068115234,101354400,AAPL,0.824315585604289,51.3239740616694,47.7127763503179,55.172575762850684,64.1780591713055,3.075680610844554,48.00225016276042,48.82358334859212
2019-07-09,49.79999923706055,50.377498626708984,49.70249938964844,50.310001373291016,82312000,AAPL,0.7895521983542935,51.34292737660555,47.91032312693449,56.003374951675575,66.2170147034424,3.2415234674617253,48.18783353169759,48.83312505086263
2019-07-10,50.462501525878906,50.932498931884766,50.38999938964844,50.807498931884766,71588400,AAPL,0.7930045953726932,51.46762591182483,47.996124545938834,57.33754759732459,83.77138114690723,6.578789849807695,48.39616686503093,48.85129172007243
2019-07-11,50.82749938964844,51.09749984741211,50.4275016784668,50.4375,80767200,AAPL,0.7571567911157047,51.49512845213153,48.15762194459699,56.03032783251283,79.79303535685168,7.559365620482036,48.599250157674156,48.86179173787435
2019-07-12,50.61249923706055,51.0,50.54999923706055,50.82500076293945,70380800,AAPL,0.7513540789423985,51.55006001942604,48.331440606184316,57.090218679397196,82.82618283081182,7.559365620482039,48.807583491007485,48.87866675059001
2019-07-15,51.022499084472656,51.467498779296875,51.0,51.3025016784668,67789600,AAPL,0.7763365959547457,51.589604776704725,48.603645879423205,58.3694382321014,101.29539917742534,10.410600121828834,49.05875015258789,48.887333424886066
2019-07-16,51.147499084472656,51.52750015258789,50.875,51.125,67467200,AAPL,0.7729029742952278,51.57915671044334,48.87934396094337,57.707868942516846,98.88278146902844,9.476606019293047,49.31875012715658,48.890000089009604
2019-07-17,51.01250076293945,51.272499084472656,50.817501068115234,50.837501525878906,56430000,AAPL,0.7384704525603567,51.633727543065206,48.94727335720334,56.6323677907309,89.22609518942495,9.037688394416907,49.5163335164388,48.88508345286051
2019-07-18,51.0,51.470001220703125,50.92499923706055,51.415000915527344,74162400,AAPL,0.7491461153034464,51.76190242238909,49.01384869150251,58.24925352800426,106.88344025375349,10.31534781260638,49.70900026957194,48.87750015258789
2019-07-19,51.4474983215332,51.625,50.59000015258789,50.647499084472656,83717200,AAPL,0.6877477435758266,51.78277977987256,49.07122107461962,55.409074833414245,83.0966579120211,7.661898919331708,49.853750228881836,48.85845845540364
2019-07-22,50.912498474121094,51.807498931884766,50.90250015258789,51.80500030517578,89111600,AAPL,0.724142304773224,51.974108281966494,49.090892633560856,58.5613639834988,120.11827398830071,8.896845486887807,49.99600028991699,48.8665417989095
2019-07-23,52.1150016784668,52.227500915527344,51.8224983215332,52.209999084472656,73420800,AAPL,0.7767118230937626,52.221383985746264,49.10011679245198,59.595238022364484,155.2096892047523,11.708113781006293,50.131500244140625,48.88545843760173
2019-07-24,51.91749954223633,52.287498474121094,51.79249954223633,52.16749954223633,59966400,AAPL,0.8056570739859339,52.28818713764744,49.36081341166897,59.43426508457926,143.0310058920516,12.108905965229345,50.247000249226886,48.902375094095866
2019-07-25,52.22249984741211,52.310001373291016,51.682498931884766,51.755001068115234,55638400,AAPL,0.7862478387267089,52.373984579518606,49.455516000315384,57.864921520178406,122.29364993848193,11.15193174854427,50.35391693115234,48.928833452860516
2019-07-26,51.869998931884766,52.432498931884766,51.78499984741211,51.935001373291016,70475600,AAPL,0.776440082298592,52.46537532509499,49.56412525473899,58.361231673916926,126.20859531093757,12.0171264669006,50.46716702779134,48.917250124613446
2019-07-29,52.1150016784668,52.65999984741211,52.11000061035156,52.41999816894531,86693600,AAPL,0.7985968256928686,52.55213592033473,49.77136452217015,59.68486105473642,149.54998383565098,13.632946344386326,50.608333587646484,48.91945845286052
2019-07-30,52.189998626708984,52.540000915527344,51.82749938964844,52.19499969482422,135742800,AAPL,0.7889066828303726,52.66539748075143,49.838852854941926,58.788008127317255,126.03659263397253,11.01396234446458,50.73241691589355,48.90708344777425
2019-07-31,54.10499954223633,55.342498779296875,52.82500076293945,53.2599983215332,277125600,AAPL,0.8572814564182494,53.02655324491312,49.73544702974509,61.61249560590786,237.3994542124488,28.035383307597538,50.85400021870931,48.926083437601726
2019-08-01,53.474998474121094,54.50749969482422,51.685001373291016,52.10749816894531,216071600,AAPL,0.8091445123684764,53.102177916890334,49.76032208310966,57.222180876713274,140.82541820426863,18.497221287019197,50.942000198364255,48.94929173787435
2019-08-02,51.38249969482422,51.60749816894531,50.407501220703125,51.005001068115234,163448400,AAPL,0.6742608756550794,53.102188024100144,49.7550621895229,53.4529052951256,-2.3211900814147888,9.077272178253004,50.9800001780192,48.95395844777425
2019-08-05,49.497501373291016,49.662498474121094,48.14500045776367,48.334999084472656,209572000,AAPL,0.347907316849394,53.43309718995854,49.257152825300246,45.88132067575135,-181.90697566544952,4.789524692688399,50.93466682434082,48.9232084274292
2019-08-06,49.07749938964844,49.51750183105469,48.5099983215332,49.25,143299200,AAPL,0.16124397695140402,53.53853118830087,49.04571868962882,48.469038473088276,-146.5077261232591,4.7895246926884045,50.92150014241536,48.922458457946775
2019-08-07,48.852500915527344,49.88999938964844,48.45500183105469,49.7599983215332,133457600,AAPL,0.05384385906872069,53.58059126212582,48.89890855476871,49.85163969209125,-126.4325465774003,2.4937954250418892,50.95041669209798,48.97795842488607
2019-08-08,50.04999923706055,50.88249969482422,49.84749984741211,50.85749816894531,108038000,AAPL,0.05663470771123258,53.5787116352231,48.94278799856596,52.678142684761916,-38.26508493181045,3.3429000669773923,50.98066660563151,49.039500045776364
2019-08-09,50.32500076293945,50.689998626708984,49.8224983215332,50.247501373291016,98478800,AAPL,0.009515147219865128,53.58678542126582,48.87696427355839,51.02458800502808,-61.29226119698616,3.189768325737289,50.99108327229818,49.08145840962728
2019-08-12,49.904998779296875,50.51250076293945,49.787498474121094,50.119998931884766,89927600,AAPL,-0.03768145700629333,53.57901269463895,48.76648672552707,50.680599402686944,-73.53672890091933,2.9688085825618624,51.01241658528646,49.1247917175293
2019-08-13,50.255001068115234,53.03499984741211,50.119998931884766,52.24250030517578,188874000,AAPL,0.09508691370020728,53.68166272666927,48.77558672401432,55.810790205337085,58.78278017650798,16.32706153914031,51.074249903361,49.208000055948894
2019-08-14,50.790000915527344,51.61000061035156,50.647499084472656,50.6875,146189600,AAPL,0.0739784970180537,53.680107832531974,48.76214146556373,51.732440604333945,-8.529863064459239,16.32706153914031,51.07441660563151,49.28991673787435
2019-08-15,50.8650016784668,51.28499984741211,49.91749954223633,50.435001373291016,108909600,AAPL,0.03645516333281762,53.65379320029044,48.69045614358163,51.10513007618446,-42.519804869471706,11.570157090577798,51.0521666208903,49.35300006866455
2019-08-16,51.06999969482422,51.790000915527344,50.959999084472656,51.625,110481600,AAPL,0.10156976199687051,53.697661835020696,48.74433760040411,53.83441364808143,29.62985508135663,14.084408038507707,51.071083323160806,49.451833407084145
2019-08-19,52.654998779296875,53.182498931884766,52.50749969482422,52.587501525878906,97654400,AAPL,0.22820873153885657,53.79955975540828,48.72068980208684,55.89436819144742,123.07883575575033,20.52966666749759,51.15716667175293,49.579708417256676
2019-08-20,52.720001220703125,53.337501525878906,52.58000183105469,52.59000015258789,107537200,AAPL,0.3250259487631908,53.85392394648189,48.70432571782475,55.89965269870748,119.09014244463486,21.21028793189524,51.23316663106282,49.71050008138021
2019-08-21,53.247501373291016,53.412498474121094,52.900001525878906,53.15999984741211,86141600,AAPL,0.4426459555914377,54.01163059022218,48.64586910460204,57.11231413363174,129.97562801395665,21.546598210343134,51.31158332824707,49.853875096638994
2019-08-22,53.29750061035156,53.61000061035156,52.6875,53.1150016784668,89014800,AAPL,0.5261643867166086,54.191719364570694,48.60178039128868,56.98434753917524,117.95646510433555,20.044649325887633,51.40083338419596,50.000041770935056
2019-08-23,52.35749816894531,53.01250076293945,50.25,50.65999984741211,187272000,AAPL,0.38976227772238303,54.13443225623979,48.5315673470317,50.58718215463114,-10.090430535011544,4.693592631498817,51.39533335367839,50.10145842234294
2019-08-26,51.46500015258789,51.79750061035156,51.26499938964844,51.622501373291016,104174400,AAPL,0.35523354165487575,54.05178820379582,48.534461719910226,52.73901072656141,7.131526869157188,4.693592631498821,51.40600001017253,50.232375081380205
2019-08-27,51.96500015258789,52.13750076293945,50.88249969482422,51.040000915527344,103493200,AAPL,0.27766559463901785,53.96272389299196,48.50802615278441,51.33930689589849,-8.072085231292167,2.4925882300135314,51.40316670735677,50.360958417256676
2019-08-28,51.025001525878906,51.43000030517578,50.83000183105469,51.38249969482422,63755200,AAPL,0.24105054624128286,53.69941237532425,48.58358780778122,52.112367518807766,-18.700914748453187,2.1875651833496548,51.42133331298828,50.468833414713544
2019-08-29,52.125,52.33000183105469,51.665000915527344,52.252498626708984,83962000,AAPL,0.27901815193482093,53.71898302002234,48.57851720885949,54.03138796114139,41.1692987985741,7.091240712845874,51.449249903361,50.57912508646647
2019-08-30,52.540000915527344,52.61249923706055,51.79999923706055,52.185001373291016,84573600,AAPL,0.3002007612290569,53.817952561638556,48.59754769776085,53.85816779611205,46.398839390349075,8.579456577155993,51.50049997965495,50.67712510426839
2019-09-03,51.60749816894531,51.744998931884766,51.05500030517578,51.42499923706055,80092000,AAPL,0.25274878030754167,53.59500100396586,49.129499270692335,51.91936488033878,-9.284453937537407,4.033282977692813,51.48783327738444,50.741916783650716
2019-09-04,52.09749984741211,52.369998931884766,51.83000183105469,52.29750061035156,76752400,AAPL,0.2822922235482892,53.54742556244662,49.48182477324674,53.89063349618165,43.80780799092555,7.398133052997985,51.490749994913735,50.81112511952718
2019-09-05,53.0,53.49250030517578,52.877498626708984,53.31999969482422,95654800,AAPL,0.38378866902476716,53.70183032595233,49.68342014707014,56.07395541761229,111.57969924744117,13.06165477515091,51.52916666666667,50.88808345794678
2019-09-06,53.51250076293945,53.60499954223633,53.127498626708984,53.314998626708984,77449200,AAPL,0.45853607051396494,53.90849569317452,49.722504825624306,56.06052440136533,111.02619326921003,13.609450974815399,51.58116658528646,50.967541758219404
2019-09-09,53.709999084472656,54.11000061035156,52.76750183105469,53.54249954223633,109237600,AAPL,0.5300215883551047,54.07229260109759,49.88820773459577,56.550278763338376,110.88948114640466,16.065374167727022,51.63474985758464,51.050958442687985
2019-09-10,53.46500015258789,54.19499969482422,52.9275016784668,54.17499923706055,127111600,AAPL,0.6304444445031692,54.30175278380689,50.06424758240405,57.89988523271607,121.00970771077408,16.478793246697734,51.69324989318848,51.15079174041748
2019-09-11,54.51750183105469,55.9275016784668,54.432498931884766,55.897499084472656,177158400,AAPL,0.8393461635636896,55.05879362784782,49.6727066162928,61.287496317169015,193.64001554866172,24.336872333553604,51.81666653951009,51.27454172770182
2019-09-12,56.20000076293945,56.60499954223633,55.71500015258789,55.772499084472656,128906800,AAPL,0.9834788931573968,55.59165033641245,49.64834981617545,60.91950235744477,209.26508168842932,27.11107771713413,51.90041656494141,51.377208391825356
2019-09-13,55.0,55.1974983215332,54.255001068115234,54.6875,159053200,AAPL,0.9986430262069774,55.75412424059681,49.91112577466198,57.80303850479105,132.2140475375614,17.506380475293202,51.98641662597656,51.46420841217041
2019-09-16,54.432498931884766,55.032501220703125,54.38999938964844,54.974998474121094,84632400,AAPL,1.0220775611334716,56.012809721776456,49.98744014089444,58.38657581545791,124.57770588384183,17.50638047529319,52.11874987284342,51.54937502543132
2019-09-17,54.9900016784668,55.20500183105469,54.779998779296875,55.17499923706055,73274800,AAPL,1.0447448210267964,56.28635847441231,49.97264115937675,58.79662841550499,126.34136277953539,18.28706515021434,52.34674987792969,51.64070835113525
2019-09-18,55.26499938964844,55.712501525878906,54.86000061035156,55.692501068115234,101360000,AAPL,1.0918803436937097,56.629187888216386,49.940061837125405,59.85548187771415,132.5912280467325,20.574678808037767,52.56149991353353,51.741500027974446
2019-09-19,55.502498626708984,55.939998626708984,55.092498779296875,55.2400016784668,88242400,AAPL,1.0802699859970417,56.84437928326391,49.93287062518335,58.49573927786419,124.17563779099576,21.59259561843321,52.744166692097984,51.84729169209798
2019-09-20,55.345001220703125,55.63999938964844,54.36750030517578,54.432498931884766,221652400,AAPL,0.9944466093165047,56.93840698984659,49.970592643942474,56.14131555572276,89.83668940666001,16.66343958275169,52.86333338419596,51.92199999491374
2019-09-23,54.73749923706055,54.959999084472656,54.412498474121094,54.68000030517578,76662000,AAPL,0.9356170464325686,56.91734448530131,50.39365519426412,56.693985025514145,78.51223971077344,16.66343958275169,53.01108334859212,52.001083310445146
2019-09-24,55.25749969482422,55.622501373291016,54.29750061035156,54.41999816894531,124763200,AAPL,0.8581222948847866,56.92749420235934,50.66325515677151,55.928101877379156,78.21387856581526,19.84114578614989,53.15441665649414,52.0834166208903
2019-09-25,54.63750076293945,55.375,54.28499984741211,55.25749969482422,87613600,AAPL,0.8544371007806006,56.917378194478836,51.09512104258172,57.82654110092796,81.38108319409122,19.752013840063633,53.25491663614909,52.16458326975505
2019-09-26,55.0,55.23500061035156,54.70750045776367,54.97249984741211,75334000,AAPL,0.8190776349421043,56.847757231035644,51.523742021283695,56.96275109268753,75.85230370910858,19.752013840063636,53.39774996439616,52.236083285013834
2019-09-27,55.1349983215332,55.2400016784668,54.31999969482422,54.70500183105469,101408000,AAPL,0.7607012585792461,56.81694016154255,51.799809411211356,56.14838917390841,60.5915920478326,16.868594458268056,53.54008331298828,52.29612496693929
2019-09-30,55.224998474121094,56.14500045776367,55.1974983215332,55.99250030517578,103909600,AAPL,0.8090022521441753,56.90461921592907,52.092880250013316,59.06244467606795,104.17002868712981,21.43876073904475,53.68566665649414,52.37837498982747
2019-10-01,56.26750183105469,57.05500030517578,56.04999923706055,56.147499084472656,139223200,AAPL,0.8499900870219292,56.76876236522384,52.70098708545975,59.39846038556893,124.82169223905805,25.688289002999827,53.8043332417806,52.480749956766765
2019-10-02,55.76499938964844,55.89500045776367,54.48249816894531,54.7400016784668,138449200,AAPL,0.7601375709966547,56.537241807757574,53.17675774973754,55.14641815198349,55.201269095008236,14.63853042489962,53.875999959309894,52.55458329518636
2019-10-03,54.60749816894531,55.2400016784668,53.782501220703125,55.20500183105469,114426000,AAPL,0.7181717934511482,56.472422395863006,53.43007737525515,56.217569882118916,38.59019736283764,10.164378550310522,53.94416669209798,52.627875010172524
2019-10-04,56.40999984741211,56.872501373291016,55.97249984741211,56.752498626708984,138478800,AAPL,0.8005553668970222,56.64266055645897,53.60358921465919,59.5437050231236,115.67458380674692,17.895252638337475,54.06541659037272,52.73312498728434
2019-10-07,56.567501068115234,57.48249816894531,56.459999084472656,56.76499938964844,122306000,AAPL,0.856974975422176,56.78132395476637,53.78717580109301,59.569372343344554,128.3421609992009,20.538480425769503,54.268916575113934,52.83212496439616
2019-10-08,56.45500183105469,57.01499938964844,56.08250045776367,56.099998474121094,111820000,AAPL,0.8383637697468629,56.82385659581203,53.9371430837534,57.55971489804431,101.54927220086206,18.104353018959486,54.41816647847494,52.91208324432373
2019-10-09,56.75749969482422,56.9474983215332,56.40999984741211,56.75749969482422,74770400,AAPL,0.8666785775530954,56.978622764335064,53.868376976265516,58.975318967362604,116.50317075946998,18.104353018959486,54.60874977111816,53.005958239237465
2019-10-10,56.98249816894531,57.61000061035156,56.82500076293945,57.522499084472656,113013600,AAPL,0.9400114571732061,57.32430197730207,53.69769776329852,60.558759849851725,151.51247358133838,21.096828326958068,54.813416417439775,53.11737486521403
2019-10-11,58.23749923706055,59.40999984741211,58.07749938964844,59.0525016784668,166795600,AAPL,1.1088051001893646,58.09255395550225,53.36594595294502,63.4754845471788,222.9501472999994,28.4455929807513,55.040083185831705,53.244666544596356
2019-10-14,58.724998474121094,59.532501220703125,58.66749954223633,58.967498779296875,96427600,AAPL,1.221634018286025,58.66845176296879,53.18929817599605,63.20684261555388,209.7091584624223,28.91172586492672,55.26616643269857,53.38333320617676
2019-10-15,59.09749984741211,59.412498474121094,58.720001220703125,58.83000183105469,87360000,AAPL,1.2851425705727948,59.11444275963266,53.108807438731596,62.762365243619186,187.8992340512665,28.911725864926712,55.512999852498375,53.5004165649414
2019-10-16,58.342498779296875,58.810001373291016,58.29999923706055,58.592498779296875,73903200,AAPL,1.3013083715624134,59.44835478998922,53.0648951794932,61.98350226088943,149.7282121464611,25.902433539970378,55.72283312479655,53.60679155985515
2019-10-17,58.772499084472656,59.037498474121094,58.380001068115234,58.81999969482422,67585200,AAPL,1.3172923813078796,59.78495187620228,53.08629789491588,62.445312045643554,143.7305225189381,26.85914237563801,55.90616645812988,53.71766656239827
2019-10-18,58.647499084472656,59.39500045776367,58.5724983215332,59.102500915527344,97433600,AAPL,1.3373392967906668,60.081015242594646,53.25723472688777,63.02233219493578,142.97824143898308,28.362770593072224,56.099083201090494,53.840124893188474
2019-10-21,59.380001068115234,60.247501373291016,59.33000183105469,60.127498626708984,87247200,AAPL,1.4195714349208401,60.54893947199979,53.33406032963596,65.03857034686357,166.70598098624342,31.820370293885457,56.318583170572914,53.97666651407878
2019-10-22,60.290000915527344,60.54999923706055,59.904998779296875,59.9900016784668,82293600,AAPL,1.4568524539958574,60.867604665419655,53.57239548716823,64.55015084814164,160.39956363033562,33.007270803894436,56.51241658528646,54.10283323923747
2019-10-23,60.525001525878906,60.810001373291016,60.30500030517578,60.79499816894531,75828800,AAPL,1.5336751667110917,61.352011028211,53.641738971789,66.09236162924024,160.03077272032527,34.0284320981515,56.67566655476888,54.24616654713949
2019-10-24,61.127498626708984,61.20000076293945,60.45249938964844,60.89500045776367,69275200,AAPL,1.5843635126277817,61.74043988233807,53.84556017869708,66.28087616139229,148.80890729768672,35.55276982770618,56.84641660054525,54.373416582743324
2019-10-25,60.790000915527344,61.682498931884766,60.720001220703125,61.64500045776367,73477200,AAPL,1.6658502393416796,62.163871675237914,54.116128248468144,67.675181736453,149.22897102273666,37.403857394086245,57.0783332824707,54.532374954223634
2019-10-28,61.85499954223633,62.3125,61.68000030517578,62.26250076293945,96572800,AAPL,1.7599683516889115,62.74124125565622,54.16575871382621,68.77490795646976,156.18884148883097,39.74166468955468,57.32125002543132,54.71999994913737
2019-10-29,62.24250030517578,62.4375,60.64250183105469,60.8224983215332,142839600,AAPL,1.698779004479107,62.9553489146255,54.41915097856297,63.55850125355121,118.8738519972761,31.382405610844238,57.50949999491374,54.92812493642171
2019-10-30,61.189998626708984,61.32500076293945,60.3025016784668,60.814998626708984,124522000,AAPL,1.6308810615853915,62.928149256130816,55.05385033188188,63.53253906745471,95.62923759935454,28.77099699116715,57.68024991353353,55.12087491353353
2019-10-31,61.810001373291016,62.29249954223633,59.314998626708984,62.189998626708984,139162000,AAPL,1.668785738103601,63.09848961683131,55.58200965074682,66.15463835939093,101.43534848709297,21.514164156450814,57.911916478474936,55.328041585286456
2019-11-01,62.3849983215332,63.98249816894531,62.290000915527344,63.95500183105469,151125200,AAPL,1.8202636093622004,63.7810462262521,55.6197033617606,69.10452012204095,152.73363635391334,28.634321963934074,58.2293332417806,55.54633331298828
2019-11-04,64.3324966430664,64.4625015258789,63.845001220703125,64.375,103272000,AAPL,1.951703235826976,64.42008439219433,55.74166525685352,69.7534626979887,164.18054709270476,30.48718944655045,58.55249989827474,55.78179162343343
2019-11-05,64.26249694824219,64.54750061035156,64.08000183105469,64.28250122070312,79897600,AAPL,2.0250625478332296,64.7916553039095,56.188344619796574,69.42125046785212,155.516684397269,30.816232255056235,58.88125,56.01783332824707
2019-11-06,64.19249725341797,64.37249755859375,63.842498779296875,64.30999755859375,75864400,AAPL,2.061653596469476,65.11532258279887,56.61992712728414,69.46596988000506,140.52006709502464,29.05049759582171,59.18299992879232,56.2189582824707
2019-11-07,64.68499755859375,65.0875015258789,64.52749633789062,64.85749816894531,94940400,AAPL,2.11050243145219,65.53230718846903,56.936442430061234,70.35887248998007,144.9230504973775,31.912649970583264,59.51249987284343,56.455124918619795
2019-11-08,64.67250061035156,65.11000061035156,64.2125015258789,65.03500366210938,69986400,AAPL,2.1388829833126692,66.0206218512603,57.046377965634235,70.64676238385309,133.69775918299396,29.531229453614856,59.85683326721191,56.6984582901001
2019-11-11,64.57499694824219,65.61750030517578,64.56999969482422,65.55000305175781,81821200,AAPL,2.177826295958077,66.51969034649352,57.205559897647106,71.47819467007326,135.34542981092358,31.58961775238156,60.17541669209798,56.93054167429606
2019-11-12,65.38749694824219,65.69750213623047,65.2300033569336,65.48999786376953,87388800,AAPL,2.178732166413866,66.89192738910091,57.4993224583112,71.2349912972658,130.64293105674307,31.913939606399566,60.486833318074545,57.14558327992757
2019-11-13,65.28250122070312,66.19499969482422,65.26750183105469,66.11750030517578,102734400,AAPL,2.204670212194678,67.25846900772213,57.88528099227788,72.2561939501584,131.96620758909648,33.928960799472094,60.86608327229818,57.37104161580404
2019-11-14,65.9375,66.22000122070312,65.5250015258789,65.66000366210938,89182800,AAPL,2.1633721373658616,67.44332186451886,58.384428532209654,70.37192621367669,121.80028422275834,34.03046024849751,61.21458333333333,57.57937501271566
2019-11-15,65.91999816894531,66.44499969482422,65.75250244140625,66.44000244140625,100206400,AAPL,2.1685844071462697,67.69759641571619,58.863904133600215,71.67470661136099,121.99687809235164,34.960636282133294,61.53750012715658,57.80145835876465
2019-11-18,66.44999694824219,66.85749816894531,66.05750274658203,66.7750015258789,86703200,AAPL,2.1746784553692393,68.03133767589101,59.1949131633424,72.21747244973159,119.86411401880093,36.65459506315461,61.87116686503092,58.07004172007243
2019-11-19,66.9749984741211,67.0,66.34750366210938,66.57250213623047,76167200,AAPL,2.1385165366503855,68.20190862289593,59.68259226211385,71.36238447935555,112.9243637247453,37.23876525004901,62.22025032043457,58.31920839945475
2019-11-20,66.38500213623047,66.5199966430664,65.0999984741211,65.79750061035156,106234400,AAPL,2.0239905066820256,68.25692763786948,60.127823491280914,68.16684770945014,85.76923574596778,26.660585646929203,62.52158368428548,58.56516672770182
2019-11-21,65.92250061035156,66.00250244140625,65.29499816894531,65.50250244140625,121395200,AAPL,1.8876640992788936,68.21346141520407,60.632039912310596,66.98572038140398,75.41201101097282,26.660585646929196,62.78758379618327,58.800500106811526
2019-11-22,65.64749908447266,65.79499816894531,65.20999908447266,65.44499969482422,65325200,AAPL,1.7547567051556072,68.19228794266603,61.03321330855466,66.75249086678507,67.97534879045016,25.952705007272996,63.000667063395184,59.020375124613444
2019-11-25,65.67749786376953,66.61000061035156,65.62999725341797,66.59249877929688,84020400,AAPL,1.7221681415109131,68.33324672216878,61.32525433068766,68.98196564895576,84.16086583570785,29.841938713393834,63.25483373006185,59.26050008138021
2019-11-26,66.73500061035156,66.79000091552734,65.625,66.07250213623047,105207600,AAPL,1.6355287296186134,68.08064009706075,62.102861337265416,66.87959852382377,77.32007872170134,30.67387365596958,63.49625040690104,59.504625129699704
2019-11-27,66.3949966430664,66.99500274658203,66.32749938964844,66.95999908447266,65235600,AAPL,1.6198078218178296,67.72711837509985,63.07088310500267,68.57080204768913,90.30421232354472,31.629066480886365,63.775167083740236,59.74900010426839
2019-11-29,66.6500015258789,67.0,66.4749984741211,66.8125,46617600,AAPL,1.5772652141320123,67.48697856934416,63.77327304808748,67.97405650518172,87.60471129173597,31.652813639243334,64.04158376057943,59.97387510935466
2019-12-02,66.81749725341797,67.0625,65.86250305175781,66.04000091552734,94487200,AAPL,1.4643357202990757,67.42161152989446,64.04713999598444,64.91338906310872,71.96968810561356,26.099548606105166,64.27283376057943,60.18595848083496
2019-12-03,64.57749938964844,64.88249969482422,64.07250213623047,64.86250305175781,114430400,AAPL,1.2652391565646042,67.37592897306757,64.14157285798711,60.610073653876256,10.273494598562744,11.837574076394846,64.43066724141438,60.37462520599365
2019-12-04,65.26750183105469,65.82749938964844,65.16999816894531,65.43499755859375,67181600,AAPL,1.1405022179269082,67.28761572613396,64.34513573870979,61.88106928375086,38.81859918918076,16.966441210224204,64.61216710408529,60.56229184468587
2019-12-05,65.94750213623047,66.47250366210938,65.68250274658203,66.3949966430664,74424400,AAPL,1.1063577944743628,67.2288880707785,64.61236330251252,63.901618223931294,64.5361391484499,20.24258653327905,64.79883371988932,60.7372501373291
2019-12-06,66.87000274658203,67.75,66.82499694824219,67.67749786376953,106075600,AAPL,1.1693061892103742,67.48980850843402,64.63344283433942,66.36552114530365,115.54596354372401,26.207981778205188,65.02491696675618,60.93566678365072
2019-12-09,67.5,67.69999694824219,66.22750091552734,66.7300033569336,128042400,AAPL,1.1297156980541132,67.51809983497847,64.77465147727739,63.075211686547426,88.83136046542833,21.80025193658854,65.19441706339518,61.136375172932944
2019-12-10,67.1500015258789,67.51750183105469,66.46499633789062,67.12000274658203,90420400,AAPL,1.116934316430104,67.63213305452996,64.81761822720833,63.838607658753325,94.2899291906536,21.800251936588538,65.35633379618326,61.338791910807295
2019-12-11,67.20249938964844,67.7750015258789,67.125,67.69249725341797,78756800,AAPL,1.1398608947180975,67.84134449062078,64.82865673008233,64.93934212239267,121.7412233381191,23.039853844917687,65.58533376057943,61.547416877746585
2019-12-12,66.94499969482422,68.13999938964844,66.83000183105469,67.86499786376953,137310400,AAPL,1.1585941783083342,68.07155322812407,64.77319774843842,65.26887506730787,127.2678600412181,24.78809103529203,65.82033373514811,61.75029182434082
2019-12-13,67.86499786376953,68.82499694824219,67.73249816894531,68.7874984741211,133587600,AAPL,1.2336576921656501,68.49502534540164,64.66247511236202,66.98552769084927,181.62354223812915,27.964966504640188,66.04025039672851,61.97608343760172
2019-12-16,69.25,70.19750213623047,69.24500274658203,69.96499633789062,128186000,AAPL,1.3723408138968267,69.19452777682382,64.31547207058829,69.00820684541438,255.37897634631477,33.76400353173076,66.24058354695639,62.23495839436849
2019-12-17,69.89250183105469,70.44249725341797,69.69999694824219,70.10250091552734,114158400,AAPL,1.4763254959319312,69.78385107229974,64.0588987140772,69.23589852420196,241.7791885991115,34.73421053661189,66.43150024414062,62.492000071207684
2019-12-18,69.94999694824219,70.4749984741211,69.77999877929688,69.93499755859375,116028400,AAPL,1.5276086628315966,70.24562311951755,63.93337620909574,68.60077370570428,211.40983614672487,34.86514358897814,66.61991678873697,62.75058339436849
2019-12-19,69.875,70.29499816894531,69.73750305175781,70.00499725341797,98369200,AAPL,1.5559631577066995,70.64843304708728,63.95131594583264,68.72480283521095,185.5775402196829,34.50017507494621,66.80975011189778,62.99637502034505
2019-12-20,70.55750274658203,70.6624984741211,69.63999938964844,69.86000061035156,275978000,AAPL,1.5488797601396556,70.94013148217371,64.09536732764073,68.14797954023723,165.47509525911633,36.048430392718764,66.976500193278,63.24450003306071
2019-12-23,70.13249969482422,71.0625,70.09249877929688,71.0,98572000,AAPL,1.6166191605346967,71.40607444566588,64.18492439466614,70.18341403883973,174.3321874376711,37.706387009737355,67.17533340454102,63.516083335876466
2019-12-24,71.17250061035156,71.22250366210938,70.7300033569336,71.06749725341797,48478800,AAPL,1.656652726238974,71.86303245243175,64.1754662353124,70.29966224827776,164.714254988215,38.367571663876696,67.35924987792968,63.767333285013834
2019-12-26,71.20500183105469,72.49500274658203,71.17500305175781,72.47750091552734,93121200,AAPL,1.7816177467597214,72.55012888194985,64.12886968372398,72.60755955384012,183.17010164660437,43.317291855188735,67.59216664632162,64.03949998219808
2019-12-27,72.77999877929688,73.49250030517578,72.02999877929688,72.44999694824219,146266000,AAPL,1.8570274293015387,73.14926042033628,64.0787379317145,72.49388720377759,178.69628995359494,46.78305537207731,67.80324986775716,64.33466657002766
2019-12-30,72.36499786376953,73.17250061035156,71.30500030517578,72.87999725341797,144114400,AAPL,1.9292484023121403,73.7473993911696,64.087348686223,73.17315233268285,150.73659766354578,40.33167638331172,68.04391632080078,64.62924982706706
2019-12-31,72.48249816894531,73.41999816894531,72.37999725341797,73.4124984741211,100805600,AAPL,2.006324778803176,74.31271951524452,64.25927831800742,73.99582722677094,151.73861871970942,41.243662924276194,68.27633285522461,64.90691649119059
