date,open,high,low,close,volume,tic,macd,boll_ub,boll_lb,rsi_30,cci_30,dx_30,close_30_sma,close_60_sma
2016-01-04,54.31999969482422,54.79999923706055,53.38999938964844,54.79999923706055,53778000,MSFT,0.0,55.27855262765382,54.57144584646727,100.0,66.66666666666667,100.0,54.79999923706055,54.79999923706055
2016-01-05,54.93000030517578,55.38999938964844,54.540000915527344,55.04999923706055,34079700,MSFT,0.005608974358970897,55.27855262765382,54.57144584646727,100.0,66.66666666666667,100.0,54.92499923706055,54.92499923706055
2016-01-06,54.31999969482422,54.400001525878906,53.63999938964844,54.04999923706055,39518900,MSFT,-0.023862993522335785,55.67416557012695,53.59249957066081,19.463087248322154,-77.6638580182493,22.421287906402963,54.63333257039388,54.63333257039388
2016-01-07,52.70000076293945,53.4900016784668,52.06999969482422,52.16999816894531,56564900,MSFT,-0.10455932339569074,56.62330759607898,51.411690343984496,7.5840897139097905,-133.33333333333334,63.13856669655934,54.01749897003174,54.01749897003174
2016-01-08,52.369998931884766,53.279998779296875,52.150001525878906,52.33000183105469,48754000,MSFT,-0.139840351118508,56.39492057643442,50.96507850803824,12.296880774206912,-82.9618300787849,63.13856669655934,53.67999954223633,53.67999954223633
2016-01-11,52.5099983215332,52.849998474121094,51.459999084472656,52.29999923706055,36943800,MSFT,-0.15970342824012818,56.12698240859011,50.77301657415728,12.176431658765367,-83.51899185504072,70.43636134417045,53.449999491373696,53.449999491373696
2016-01-12,52.7599983215332,53.099998474121094,52.060001373291016,52.779998779296875,36095500,MSFT,-0.1479461890177447,55.84995724723591,50.85861296063239,24.427591134871435,-48.317185517910346,58.66281711444754,53.35428510393415,53.35428510393415
2016-01-13,53.79999923706055,54.06999969482422,51.29999923706055,51.63999938964844,66883600,MSFT,-0.19190197380102347,55.749213583528835,50.53078519576804,18.192470653044452,-62.90523402129669,24.22041265483019,53.13999938964844,53.13999938964844
2016-01-14,52.0,53.41999816894531,51.56999969482422,53.11000061035156,52381900,MSFT,-0.14648854641156106,55.57744451828286,50.69588786561471,38.9717848376439,-35.20161497935686,24.2204126548302,53.136666191948784,53.136666191948784
2016-01-15,51.310001373291016,51.970001220703125,50.34000015258789,50.9900016784668,71820700,MSFT,-0.2213419917337518,55.593840500717754,50.25015898048341,28.261977061916312,-136.99061536028935,41.46378238920613,52.92199974060058,52.92199974060058
2016-01-19,51.47999954223633,51.68000030517578,50.060001373291016,50.560001373291016,43564500,MSFT,-0.29523665153644885,55.61478017617709,49.799765056422345,26.721186878989187,-142.78263637946716,44.44092316101707,52.70727261629972,52.70727261629972
2016-01-20,49.97999954223633,51.380001068115234,49.099998474121094,50.790000915527344,63273000,MSFT,-0.3327617814388262,55.53252951527187,49.562470433865506,28.867007944955475,-143.27802217130414,52.93162486449127,52.54749997456869,52.54749997456869
2016-01-21,51.0,51.58000183105469,50.29999923706055,50.47999954223633,40191200,MSFT,-0.3736886228145053,55.46792840430498,49.3089945552428,27.734615081411548,-102.48649131584261,48.05527549017453,52.38846147977389,52.38846147977389
2016-01-22,51.40999984741211,52.33000183105469,51.2599983215332,52.290000915527344,37555800,MSFT,-0.29456872445550175,55.340552758239006,49.42230440641641,41.57717594232849,-27.998114308618067,31.757587037446516,52.38142858232771,52.38142858232771
2016-01-25,51.939998626708984,52.650001525878906,51.650001525878906,51.790000915527344,34707700,MSFT,-0.26081282295034924,55.20979261253,49.47420752988537,39.419380493051996,-22.888850144350425,25.652594427600135,52.342000071207686,52.342000071207686
2016-01-26,51.790000915527344,52.439998626708984,51.54999923706055,52.16999816894531,28900800,MSFT,-0.20887421201381073,55.1031352228476,49.55936468178497,41.79432951498209,-20.90372044084054,26.74983473088987,52.331249952316284,52.331249952316284
2016-01-27,52.0099983215332,52.20000076293945,51.02000045776367,51.220001220703125,36775200,MSFT,-0.22546180398705218,55.003344203129515,49.52842055660739,37.94697060761909,-58.816481814000355,32.23312899349452,52.26588237986845,52.26588237986845
2016-01-28,51.86000061035156,52.209999084472656,51.25,52.060001373291016,62513800,MSFT,-0.18243550562334576,54.911945410710615,49.5969436816288,42.76620751084477,-31.990980190834094,32.040236767438536,52.25444454616971,52.25444454616971
2016-01-29,54.72999954223633,55.09000015258789,54.0,55.09000015258789,83611700,MSFT,0.04722043336317938,55.295512611102545,49.511856018754564,55.625913936786624,156.8237375549353,7.964963314727029,52.403684314928554,52.403684314928554
2016-02-01,54.880001068115234,55.09000015258789,54.5,54.709999084472656,44208500,MSFT,0.19888716834956455,55.51672383727887,49.521276269532656,54.05032663129492,140.10888196511593,7.964963314727032,52.51900005340576,52.51900005340576
2016-02-02,54.16999816894531,54.2599983215332,52.650001525878906,53.0,56313800,MSFT,0.20055296274768608,55.24068833739223,49.617311845713246,47.753716450636425,47.16439866308378,10.645309594162002,52.54190481276739,52.54190481276739
2016-02-03,53.25,53.38999938964844,51.2599983215332,52.15999984741211,57559800,MSFT,0.14310888999772686,54.81168603562789,49.75731420851273,45.084739675324904,-17.694663102581792,21.202535860750338,52.524545496160336,52.524545496160336
2016-02-04,52.099998474121094,52.810001373291016,51.369998931884766,52.0,46987100,MSFT,0.08599165243050066,54.570150926807145,49.793849393627426,44.59363512878724,-30.8144798881193,21.202535860750345,52.50173917024032,52.50173917024032
2016-02-05,51.939998626708984,52.0,49.560001373291016,50.15999984741211,62009000,MSFT,-0.0858793345732849,54.63521130859438,49.52778917968688,39.47777561310888,-121.69107492457404,32.34191262125897,52.40416669845581,52.40416669845581
2016-02-08,49.54999923706055,49.56999969482422,48.189998626708984,49.40999984741211,59290500,MSFT,-0.2706518079610518,54.749962109253,49.121038180663994,37.65619326402277,-198.21123948394683,39.084731865300476,52.28440002441406,52.28440002441406
2016-02-09,49.02000045776367,50.2400016784668,48.66999816894531,49.279998779296875,46740500,MSFT,-0.42044422187262853,54.831102698602514,48.73789754553811,37.34719006118549,-161.82424927280948,32.40873176761935,52.168846130371094,52.168846130371094
2016-02-10,49.88999938964844,50.38999938964844,49.52000045776367,49.709999084472656,38237000,MSFT,-0.5017613554792746,54.77423955095364,48.48776072370457,39.058331877210655,-124.91601591557564,30.95299081737362,52.07777772126374,52.07777772126374
2016-02-11,48.68000030517578,50.11000061035156,48.5099983215332,49.689998626708984,48878600,MSFT,-0.560748659292365,54.794338295684014,48.27266190268024,39.00707133163079,-137.7826936429483,35.8646251608022,51.99249989645822,51.99249989645822
2016-02-12,50.25,50.68000030517578,49.75,50.5,34243300,MSFT,-0.5418611391502282,54.60659100506134,48.19940913226777,42.185936476288084,-86.3540995090285,30.44721695211087,51.941034382787244,51.941034382787244
2016-02-16,50.900001525878906,51.09000015258789,50.130001068115234,51.09000015258789,37291200,MSFT,-0.47797560189223987,54.609188160249396,48.206811824491815,44.370609976623456,-59.98085532799546,26.688373356310752,51.91266657511393,51.91266657511393
2016-02-17,51.4900016784668,52.77000045776367,51.45000076293945,52.41999816894531,40789000,MSFT,-0.3252688514048856,54.706527500571745,48.29547216373489,48.87569115796053,20.455415644639867,12.898606006051693,51.83333320617676,51.929032110398815
2016-02-18,52.33000183105469,52.95000076293945,52.099998474121094,52.189998626708984,27176000,MSFT,-0.2191198489182966,54.77229506266334,48.36970437276147,48.177709979724696,38.41502859491789,11.552783678964897,51.73799985249837,51.93718731403351
2016-02-19,51.970001220703125,52.279998779296875,51.529998779296875,51.81999969482422,33559100,MSFT,-0.1610197672517586,54.79898977817044,48.47700967251316,47.05932016273513,11.828481292890734,14.876863216385056,51.663666534423825,51.93363617405747
2016-02-22,52.279998779296875,53.0,52.279998779296875,52.650001525878906,25008300,MSFT,-0.05193293321034531,54.836661325976735,48.47533818574202,49.76546640517283,58.799845677893416,9.499359925744127,51.679666646321614,51.954705743228686
2016-02-23,52.34000015258789,52.369998931884766,50.97999954223633,51.18000030517578,28895300,MSFT,-0.07604466041331648,54.81244355888413,48.43855589179947,45.503872989249565,-8.817577620159842,16.775983506702037,51.64133326212565,51.93257130214146
2016-02-24,50.689998626708984,51.5,50.20000076293945,51.36000061035156,33014500,MSFT,-0.08049369490964864,54.76338436470707,48.40661533011714,46.08866685498011,-36.83428569147895,20.731931878023882,51.60999997456869,51.91666656070285
2016-02-25,51.72999954223633,52.099998474121094,50.61000061035156,52.099998474121094,26939500,MSFT,-0.0271554893409629,54.810472010554435,48.44752740961158,48.441638836350336,1.712647765237894,16.33166158538298,51.587333297729494,51.921621477281725
2016-02-26,52.599998474121094,52.68000030517578,51.099998474121094,51.29999923706055,35975900,MSFT,-0.04577744532706163,54.76894952864543,48.41304967789754,46.187188984590826,9.044699279368261,12.24083955133674,51.5759999593099,51.905262997275905
2016-02-29,51.349998474121094,51.650001525878906,50.65999984741211,50.880001068115234,31654000,MSFT,-0.09179780359665557,54.10845614920999,48.652543148885705,45.04855613590583,-29.247799538463457,14.597666026848724,51.50166664123535,51.87897422986153
2016-03-01,50.970001220703125,52.59000015258789,50.91999816894531,52.58000183105469,33024500,MSFT,0.003099917022652221,53.58983503396472,48.95816453878919,50.19019956524316,33.27399490846082,8.177151335271589,51.554666646321614,51.896499919891355
2016-03-02,52.40999984741211,52.959999084472656,52.15999984741211,52.95000076293945,29289900,MSFT,0.10570562839771469,53.57958487203948,48.963414777008374,51.21788009220826,72.72943057140347,5.7643048090278075,51.63433329264323,51.922195062404725
2016-03-03,52.970001220703125,52.970001220703125,51.779998779296875,52.349998474121094,24427800,MSFT,0.13870012818727417,53.605984910708926,48.95601460100983,49.50446193924201,48.011159061884676,7.945756378017696,51.68633321126302,51.932380857921785
2016-03-04,52.400001525878906,52.45000076293945,51.709999084472656,52.029998779296875,33034200,MSFT,0.13827764542562448,53.60947577858996,48.955523611058474,48.607315546229906,25.095966362272495,8.35005006040563,51.73799985249837,51.934651042139805
2016-03-07,51.560001373291016,51.79999923706055,50.58000183105469,51.029998779296875,38407800,MSFT,0.05908587148483946,53.596464001356736,49.055535281480175,45.91721681434486,-37.03533729692645,14.612603046577597,51.69599978129069,51.91409076343883
2016-03-08,50.79999923706055,52.130001068115234,50.599998474121094,51.650001525878906,33835100,MSFT,0.044424385914048514,53.524009846972234,49.35198960371136,47.7711493328545,-13.560066064617414,12.294462618755391,51.69133313496908,51.908222113715276
2016-03-09,51.88999938964844,52.849998474121094,51.86000061035156,52.84000015258789,28251600,MSFT,0.12481427984428706,53.52687108642013,49.70512850159257,51.09946567484349,57.376431259630365,7.391969303910684,51.71366653442383,51.928478158038594
2016-03-10,52.93000030517578,52.939998626708984,51.15999984741211,52.04999923706055,38387800,MSFT,0.12488913778096133,53.42670486406921,50.039294739202276,48.956908098180925,24.2911584768472,11.287222427110388,51.741333134969075,51.9310637129114
2016-03-11,53.0,53.06999969482422,52.380001068115234,53.06999969482422,32275700,MSFT,0.20301150367840393,53.40066730072337,50.403332409359635,51.66388123791462,73.20455007003525,10.395132522665767,51.77499974568685,51.95479154586792
2016-03-14,52.709999084472656,53.59000015258789,52.630001068115234,53.16999816894531,24083600,MSFT,0.26968132780286425,53.48313239753319,50.587867129444355,51.922467475044755,100.49525634948145,6.850905041527631,51.71099967956543,51.979591681032765
2016-03-15,52.75,53.59000015258789,52.7400016784668,53.59000015258789,21104800,MSFT,0.35165696545954006,53.69359385545888,50.627405671518666,53.01460600666001,121.30556625599439,6.8509050415276285,51.673666381835936,52.011799850463866
2016-03-16,53.45000076293945,54.599998474121094,53.400001525878906,54.349998474121094,31691700,MSFT,0.47136045003432514,54.0753051333935,50.43869442410161,54.931055993836324,173.29711602082403,0.16657439085182799,51.718666330973306,52.05764688230028
2016-03-17,54.209999084472656,55.0,54.0,54.65999984741211,28223900,MSFT,0.5840432583522741,54.49159773808864,50.26940194147679,55.69361797057129,185.32168038326748,2.336514047639043,51.80199966430664,52.107692131629356
2016-03-18,54.91999816894531,54.970001220703125,53.45000076293945,53.4900016784668,67625500,MSFT,0.5737662283373908,54.61351036955997,50.314489508369725,52.24244982295804,135.02829639810975,1.1761673558176,51.8516663869222,52.13377344383384
2016-03-21,53.25,53.93000030517578,52.93000030517578,53.86000061035156,23925700,MSFT,0.5882483781659076,54.76235098076678,50.28664880561017,53.19136032501837,103.65230797936802,4.386086781622265,51.97499974568685,52.16574061358416
2016-03-22,53.61000061035156,54.25,53.459999084472656,54.06999969482422,23124100,MSFT,0.6094005578026227,54.91451838206222,50.42348134327958,53.73113468300146,120.5974581064235,2.2713538030841476,52.13033307393392,52.20036350597035
2016-03-23,54.11000061035156,54.2400016784668,53.7400016784668,53.970001220703125,20129000,MSFT,0.6111334578178003,55.028008910028014,50.57099087634894,53.427639748414194,117.22328737721581,2.27135380308414,52.28666648864746,52.23196417944772
2016-03-24,53.84000015258789,54.33000183105469,53.72999954223633,54.209999084472656,19950000,MSFT,0.6244373731657262,55.19306045316367,50.61693939424845,54.07172423108232,116.77263070066476,1.6515317227986377,52.43666648864746,52.26666654620254
2016-03-28,54.209999084472656,54.290000915527344,53.33000183105469,53.540000915527344,17025100,MSFT,0.5748555240381066,55.190700145047195,50.84329987021159,51.99506052550393,86.58988517422094,4.317667779341223,52.56499989827474,52.28862058705297
2016-03-29,53.65999984741211,54.86000061035156,53.45000076293945,54.709999084472656,23924300,MSFT,0.621861730299301,55.26095187117204,51.15604794572249,55.10953570744025,121.21280897787368,0.3090451135103871,52.7053332010905,52.329660900568555
2016-03-30,54.93000030517578,55.63999938964844,54.900001525878906,55.04999923706055,23008300,MSFT,0.6784615444474937,55.518114867755976,51.14588468973914,55.96831475976985,164.65998265951458,4.866016757238998,52.83733317057292,52.374999872843425
2016-03-31,54.95000076293945,55.59000015258789,54.86000061035156,55.22999954223633,26360500,MSFT,0.7292954449564206,55.78096421643043,51.11103521899438,56.42485969124533,148.95586384258456,4.579781948076334,52.93099988301595,52.38216654459635
2016-04-01,55.04999923706055,55.61000061035156,54.56999969482422,55.56999969482422,24399200,MSFT,0.7877057061750676,56.064598865256684,51.14940069223843,57.29017646494369,135.41485103712682,2.481869267192789,53.04366658528646,52.39083321889242
2016-04-04,55.43000030517578,55.65999984741211,55.0,55.43000030517578,18928800,MSFT,0.8133901725258639,56.24564176938012,51.308357940702884,56.80963747276339,130.18949094739716,2.829534469772481,53.16399993896484,52.41383323669434
2016-04-05,55.189998626708984,55.29999923706055,54.459999084472656,54.560001373291016,19272300,MSFT,0.7552985481810026,56.07563628834505,51.831363681137375,53.9030865177418,89.52904244516105,1.1094565952574431,53.22766660054525,52.45366662343343
2016-04-06,54.36000061035156,55.20000076293945,54.209999084472656,55.119998931884766,21188700,MSFT,0.7455661992319449,56.010111355020086,52.24388835506292,55.42177725496867,87.67783039690734,2.890995848903462,53.35899988810221,52.50016657511393
2016-04-07,54.869998931884766,54.90999984741211,54.22999954223633,54.459999084472656,19225100,MSFT,0.6770923149753472,55.99493000097,52.421069602301486,53.28157172169944,66.36094512812983,2.890995848903457,53.46233317057292,52.5361665725708
2016-04-08,54.66999816894531,55.279998779296875,54.31999969482422,54.41999816894531,22167200,MSFT,0.6125519501511931,55.79722816971076,52.85577132674919,53.152879829429715,70.33704086630871,0.03664901594114528,53.539666493733726,52.56349989573161
2016-04-11,54.4900016784668,55.150001525878906,54.29999923706055,54.310001373291016,21414200,MSFT,0.5462721699460147,55.735547248999815,53.04145241530683,52.790168959819084,61.80651927506427,0.19148065375791704,53.63999989827474,52.60799992879232
2016-04-12,54.369998931884766,54.779998779296875,53.7599983215332,54.650001525878906,24944300,MSFT,0.5151148678395074,55.68450575983738,53.24049424016262,53.798293355021414,46.72454070598522,4.330251224768043,53.7656665802002,52.633666610717775
2016-04-13,55.119998931884766,55.439998626708984,54.88999938964844,55.349998474121094,20818000,MSFT,0.5404338334728891,55.76138769125414,53.33961214089918,55.808145884668065,97.21836997494134,0.8672373645978566,53.85799980163574,52.70633322397868
2016-04-14,55.220001220703125,55.58000183105469,55.06999969482422,55.36000061035156,20877100,MSFT,0.5549016340994726,55.859969446821786,53.34203059895459,55.83654397275927,99.6226054407718,1.9392402213789355,53.938333129882814,52.78633321126302
2016-04-15,55.29999923706055,55.91999816894531,55.11000061035156,55.650001525878906,28793800,MSFT,0.5829585352107145,55.99423308915375,53.30676712446929,56.67166371885578,110.36755414536637,4.532777770110069,54.048333231608076,52.867333221435544
2016-04-18,55.4900016784668,56.59000015258789,55.209999084472656,56.459999084472656,23786000,MSFT,0.6626895750684199,56.25452829686344,53.3434716573602,58.91638267287976,140.70470744997016,9.416719107110277,54.19599990844726,52.96699988047282
2016-04-19,56.630001068115234,56.77000045776367,55.68000030517578,56.38999938964844,29596800,MSFT,0.7120319113175668,56.474196305359804,53.376803526793516,58.644766942169305,150.48191205091015,10.686571735489913,54.37466659545898,53.035333188374835
2016-04-20,56.290000915527344,56.5,55.4900016784668,55.59000015258789,36195700,MSFT,0.6789378539461097,56.52236169402547,53.48063818390421,55.613555784214725,115.6065319951176,9.01777641747381,54.50599988301595,53.098666508992515
2016-04-21,55.79999923706055,56.22999954223633,55.41999816894531,55.779998779296875,38909100,MSFT,0.6603858408467502,56.56920297443287,53.61479665935619,56.170152996454554,106.7439860895755,8.394889012388623,54.603999837239584,53.1588331858317
2016-04-22,51.90999984741211,52.43000030517578,50.77000045776367,51.779998779296875,126834100,MSFT,0.3200255435857926,57.03581711167456,52.90518249159692,44.1207322523566,-240.446757989537,22.164574026197688,54.59499982198079,53.16816647847494
2016-04-25,51.779998779296875,52.130001068115234,51.630001068115234,52.11000061035156,33226900,MSFT,0.07598570880126942,57.251833579441396,52.54616599331251,45.12537520362603,-204.7890037187063,22.164574026197677,54.56299985249837,53.16899979909261
2016-04-26,52.2599983215332,52.349998474121094,51.09000015258789,51.439998626708984,33532600,MSFT,-0.16940826459872937,57.552347579270716,51.91865194770682,43.48339660797187,-212.70150219917446,24.799368079860475,54.505333201090494,53.10816644032796
2016-04-27,51.47999954223633,51.5,50.54999923706055,50.939998626708984,43369300,MSFT,-0.39953983142235217,57.81158516147255,51.24841430446983,42.295288845327846,-231.26242283679326,27.34365548897399,54.41699981689453,53.04533309936524
2016-04-28,50.619998931884766,50.77000045776367,49.560001373291016,49.900001525878906,43134800,MSFT,-0.6580950158477847,58.120912480510746,50.4060871837959,39.94674255557526,-243.13544451067966,31.724639790376635,54.26866658528646,52.99366645812988
2016-04-29,49.349998474121094,50.25,49.349998474121094,49.869998931884766,48411700,MSFT,-0.8555498641954244,58.249569213847565,49.70743037416513,39.880655052193696,-216.71244377319226,32.61623497872799,54.10899988810221,52.95549977620443
2016-05-02,50.0,50.75,49.779998779296875,50.61000061035156,33114500,MSFT,-0.9415562273971005,58.20322836093486,49.27177125759542,42.31562348017503,-163.42451136977928,28.48367065384705,54.012999852498375,52.932333119710286
2016-05-03,50.34000015258789,50.40999984741211,49.599998474121094,49.779998779296875,26460200,MSFT,-1.0643215219480737,58.27940157534632,48.717597783784534,40.416273632545945,-160.1227476782099,29.304104600395103,53.87699979146321,52.92599976857503
2016-05-04,49.84000015258789,50.060001373291016,49.459999084472656,49.869998931884766,24257600,MSFT,-1.1412019310934767,58.21446893916687,48.25753041996399,40.71476940702441,-144.14248385234842,29.950678982756042,53.7369997660319,52.93366641998291
2016-05-05,49.869998931884766,50.29999923706055,49.72999954223633,49.939998626708984,25390700,MSFT,-1.1828500295809405,58.1618704460036,47.85812886735089,40.952774461921884,-121.43664469086262,27.876625495774316,53.6026663462321,52.94466641743978
2016-05-06,49.91999816894531,50.38999938964844,49.65999984741211,50.38999938964844,24787300,MSFT,-1.1661412632867894,58.04275291591341,47.57424651951139,42.48822833480757,-104.65477111592399,27.089740942647783,53.475333023071286,52.955999755859374
2016-05-09,50.4900016784668,50.59000015258789,50.0,50.06999969482422,17951600,MSFT,-1.1652587759290967,57.91743495957435,47.27556430800378,41.69071817331108,-93.22919077220054,25.317015171280865,53.35966631571452,52.96233310699463
2016-05-10,50.33000183105469,51.099998474121094,50.189998626708984,51.02000045776367,22891000,MSFT,-1.0755770340749677,57.68843468902714,47.141564471739464,44.8687835357303,-71.02541280179601,20.869591833180674,53.23666636149088,52.97099978129069
2016-05-11,51.130001068115234,51.779998779296875,51.0,51.04999923706055,24039100,MSFT,-0.9906644141886858,57.31793130444878,47.082067932611764,44.9667670573843,-52.33068475551075,15.229010340943816,53.10333302815755,52.970333099365234
2016-05-12,51.20000076293945,51.810001373291016,50.91999816894531,51.5099983215332,24102800,MSFT,-0.876182888397885,56.91006998268443,47.10492902549427,46.47574449333464,-44.99474030808196,15.70776001772268,52.97933298746745,52.9551664352417
2016-05-13,51.439998626708984,51.900001525878906,51.040000915527344,51.08000183105469,22592300,MSFT,-0.8107789496024367,56.38369673798482,47.174302300711474,45.27527799255007,-43.934311869349386,14.952241246425741,52.82966639200846,52.93666648864746
2016-05-16,50.79999923706055,51.959999084472656,50.75,51.83000183105469,20032000,MSFT,-0.6905105362786799,55.592883610520055,47.50211570283444,47.71221092971883,-35.93186676499449,16.763889709681177,52.7096664428711,52.936833190917966
2016-05-17,51.720001220703125,51.72999954223633,50.36000061035156,50.5099983215332,27803500,MSFT,-0.6936429189846081,54.61370819845972,47.89329100808325,44.13396611750965,-52.44082246508142,19.159562644033475,52.574666341145836,52.90116647084554
2016-05-18,50.47999954223633,51.13999938964844,50.29999923706055,50.810001373291016,24907500,MSFT,-0.6642744655828565,53.68524932505579,48.34375000355749,45.10195688701182,-53.10308975671061,19.528183644392712,52.430999755859375,52.8949998219808
2016-05-19,50.470001220703125,50.619998931884766,49.81999969482422,50.31999969482422,23842400,MSFT,-0.6727603789678511,52.20423411464519,49.27876530552082,43.81908917820143,-65.70332025474958,22.454432696259328,52.292999776204425,52.87766647338867
2016-05-20,50.47999954223633,51.220001220703125,50.400001525878906,50.619998931884766,23905800,MSFT,-0.6478225582144006,52.0624439245851,49.304555510839705,44.81327361538064,-47.38418501159042,16.954954954394104,52.16633313496907,52.8529998143514
2016-05-23,50.599998474121094,50.68000030517578,49.97999954223633,50.029998779296875,26118700,MSFT,-0.6679436813176807,51.81134908260371,49.34765016971562,43.25594861409112,-62.54244885748516,19.570627124855314,52.02366638183594,52.83183314005534
2016-05-24,50.70000076293945,51.709999084472656,50.400001525878906,51.59000015258789,34757900,MSFT,-0.5517077334346538,51.84250797922518,49.33149142568204,48.18148634964789,-25.000602310635927,10.7232028922207,51.92166633605957,52.84366645812988
2016-05-25,51.91999816894531,52.4900016784668,51.790000915527344,52.119998931884766,24040200,MSFT,-0.412091231333541,52.070838638828114,49.221160796596685,49.71553896552283,13.46081685748982,4.656652910244883,51.81399968465169,52.83599974314372
2016-05-26,51.93000030517578,51.97999954223633,51.36000061035156,51.88999938964844,24335200,MSFT,-0.3163495153408604,52.227767118153274,49.263232103648484,49.06347682722241,2.776345571458553,7.545516855299448,51.698332977294925,52.818333053588866
2016-05-27,51.91999816894531,52.31999969482422,51.77000045776367,52.31999969482422,17721400,MSFT,-0.2034436163244706,52.44738856904616,49.288610729049545,50.32359716527288,28.985840838560936,4.94457705057934,51.58733291625977,52.81783307393392
2016-05-31,52.2599983215332,53.0,52.08000183105469,53.0,37653100,MSFT,-0.05843953503953969,52.8252320084912,49.149767228569345,52.25586084816205,71.13316016344196,0.056305357992732195,51.47199961344401,52.83399976094564
2016-06-01,52.439998626708984,52.95000076293945,52.439998626708984,52.849998474121094,25324800,MSFT,0.043870981946305676,53.06489835349588,49.217100853047086,51.79610928368266,92.42737024135685,0.0563053579927337,51.353999582926434,52.864333089192705
2016-06-02,52.63999938964844,52.7400016784668,51.84000015258789,52.47999954223633,22840800,MSFT,0.09402141275547393,53.186452340412814,49.35654692716531,50.65881902157478,84.98794484979629,4.25197557490457,51.25033289591472,52.878166389465335
2016-06-03,52.380001068115234,52.41999816894531,51.599998474121094,51.790000915527344,23368300,MSFT,0.07721342733598391,53.18454227001639,49.54345722644357,48.60016693897112,74.19536096611029,5.92810228799171,51.117332967122394,52.86066640218099
2016-06-06,51.9900016784668,52.349998474121094,51.88999938964844,52.130001068115234,18243300,MSFT,0.09028069773533787,53.241617639753436,49.66038202455321,49.64329903299062,87.44560343156083,5.9281022879916945,51.12899971008301,52.8619997660319
2016-06-07,52.2400016784668,52.72999954223633,52.099998474121094,52.099998474121094,20866800,MSFT,0.09709685569096393,53.24072373587023,49.864275806366095,49.5515001585865,100.95551662743975,2.8766206047455882,51.12866630554199,52.84583307902018
2016-06-08,52.02000045776367,52.439998626708984,51.869998931884766,52.040000915527344,21149400,MSFT,0.09654546150144228,53.285607340315316,49.921392247697376,49.36266911800005,81.49784302684783,4.597400000556729,51.14866638183594,52.826999791463216
2016-06-09,52.0,52.0,51.4900016784668,51.619998931884766,20305700,MSFT,0.061515310304031345,53.293813747043835,49.97018581045128,48.03700494049107,44.52355887296147,7.401428615330359,51.17133305867513,52.79416643778483
2016-06-10,51.04999923706055,52.04999923706055,51.040000915527344,51.47999954223633,25833200,MSFT,0.022203029729496393,53.29283153319069,49.96816814637474,47.596241461021805,26.874121264161303,10.619681575802996,51.223999659220375,52.74633312225342
2016-06-13,49.58000183105469,50.720001220703125,49.060001373291016,50.13999938964844,83217800,MSFT,-0.11572683413561435,53.3605617481175,49.8064376873073,43.63219526018202,-105.85544919948376,22.827876095725756,51.23299967447917,52.67099978129069
2016-06-14,49.900001525878906,50.099998474121094,49.56999969482422,49.83000183105469,42577100,MSFT,-0.24719777712423507,53.420086594896695,49.546912840528115,42.77952967122572,-113.26600533889544,22.827876095725752,51.20699971516927,52.60999978383382
2016-06-15,49.779998779296875,50.119998931884766,49.689998626708984,49.689998626708984,33757600,MSFT,-0.3585514909937757,53.496997889201666,49.38800157674072,42.392482868024615,-112.48464696642783,22.646789174267422,51.20399971008301,52.540499750773115
2016-06-16,49.52000045776367,50.470001220703125,49.5099983215332,50.38999938964844,31188600,MSFT,-0.38587504691749075,53.51149864742099,49.33150062015713,44.96778544989031,-90.73900974098713,19.45847353246421,51.22133305867513,52.479166412353514
2016-06-17,50.40999984741211,50.43000030517578,49.81999969482422,50.130001068115234,45710500,MSFT,-0.4236228833036222,53.52468404489856,49.29931536000867,44.208422486472166,-91.43804466370948,19.45847353246421,51.22766647338867,52.41516640981038
2016-06-20,50.63999938964844,50.83000183105469,50.029998779296875,50.06999969482422,35607900,MSFT,-0.45315554225128096,53.55414151133333,49.21485796986785,44.030913839654325,-76.9668545546459,15.777468153541927,51.21699981689453,52.34616641998291
2016-06-21,50.20000076293945,51.43000030517578,50.15999984741211,51.189998626708984,34097800,MSFT,-0.3817941733286645,53.51973314407848,49.365266321863906,48.05818860687689,-27.235770888973217,10.494222363797508,51.254333114624025,52.30699971516927
2016-06-22,51.08000183105469,51.459999084472656,50.95000076293945,50.9900016784668,28816800,MSFT,-0.33748595205594967,53.498077692939624,49.326921925590646,47.42777609637708,-10.206475670098854,10.234045181490478,51.25333315531413,52.24499975840251
2016-06-23,51.279998779296875,52.060001373291016,51.150001525878906,51.90999984741211,29028800,MSFT,-0.22554200386225176,53.474654550725404,49.3293451593576,50.516671359179405,39.375573791835386,5.112999537866122,51.281999842325845,52.1926664352417
2016-06-24,49.810001373291016,50.939998626708984,49.52000045776367,49.83000183105469,133503000,MSFT,-0.3011782657870796,53.471864582111586,49.12613537211205,44.413432248535436,-94.65924881047647,16.070595493313284,51.225999959309895,52.10266647338867
2016-06-27,49.099998474121094,49.150001525878906,48.040000915527344,48.43000030517578,50216300,MSFT,-0.46867747238588464,53.569346826476824,48.63965318878197,40.967154299105275,-196.87598197287542,24.283487554901935,51.13766657511393,51.9836664835612
2016-06-28,48.91999816894531,49.470001220703125,48.66999816894531,49.439998626708984,38140700,MSFT,-0.5140039311025788,53.32836087884297,48.52463899908672,44.198597165144214,-133.37335478507606,21.621514707845364,51.057999801635745,51.88383312225342
2016-06-29,49.90999984741211,50.720001220703125,49.79999923706055,50.540000915527344,31304000,MSFT,-0.4559147960822969,53.039295436110606,48.58270468595971,47.44014978000316,-47.776042571979104,11.933516638533437,51.058999888102214,51.816833114624025
2016-06-30,50.720001220703125,51.29999923706055,50.5,51.16999816894531,28527800,MSFT,-0.3549546463302562,52.840239846416026,48.65076013832518,49.188927626404116,-3.3812985019475446,7.81132871886008,51.07099978129069,51.750999768575035
2016-07-01,51.130001068115234,51.720001220703125,51.06999969482422,51.15999984741211,21400400,MSFT,-0.2726073093469097,52.76100927999012,48.666990597939574,49.16207279629108,17.737339628688485,4.9169109003470055,51.09899978637695,51.69599978129069
2016-07-05,50.83000183105469,51.279998779296875,50.7400016784668,51.16999816894531,24806400,MSFT,-0.204186001941963,52.61592391184607,48.716075676166625,49.19076876799724,-1.4815227427273467,6.947436234466281,51.11733309427897,51.64183311462402
2016-07-06,50.779998779296875,51.540000915527344,50.38999938964844,51.380001068115234,28167500,MSFT,-0.13150112586065177,52.49310401730092,48.76689583011118,49.80637514388566,-0.7034598781452424,9.07781970095908,51.162333170572914,51.59299977620443
2016-07-07,51.41999816894531,51.61000061035156,51.06999969482422,51.380001068115234,19585200,MSFT,-0.07305571988454318,52.3764507059585,48.817549156712396,49.80637514388566,17.985283187802324,8.563584110025642,51.15533320109049,51.53849976857503
2016-07-08,51.72999954223633,52.36000061035156,51.54999923706055,52.29999923706055,28391000,MSFT,0.046954453358907244,52.51562883320236,48.74637105998611,52.50425952831464,72.74570866081235,3.172477548897121,51.16133321126302,51.48766644795736
2016-07-11,52.5,52.83000183105469,52.470001220703125,52.59000015258789,22269200,MSFT,0.16357745092042109,52.73468017668119,48.63831977754244,53.322383482009215,109.58709934660672,0.04531382314517453,51.184666570027666,51.4414997736613
2016-07-12,52.939998626708984,53.400001525878906,52.790000915527344,53.209999084472656,27317600,MSFT,0.30254138644590256,53.158102183090556,48.52189774061549,55.035356146980426,139.14249376514493,3.809116367881251,51.21433321634928,51.40083306630452
2016-07-13,53.560001373291016,53.86000061035156,53.18000030517578,53.5099983215332,25356800,MSFT,0.43189919971375446,53.57686263223977,48.47113694051414,55.84642935727314,159.77883719133897,6.740825235898932,51.23133316040039,51.3516663869222
2016-07-14,53.84000015258789,53.9900016784668,53.58000183105469,53.7400016784668,24545500,MSFT,0.5466732004863957,53.96927023728367,48.48372964064601,56.4691925029275,168.95474643673748,7.564468365011915,51.26099993387858,51.30749975840251
2016-07-15,53.95000076293945,54.0,53.209999084472656,53.70000076293945,32024400,MSFT,0.6271750290316334,54.315729242050885,48.4682707732079,56.326261311878085,150.74317547416524,4.838323909050529,51.30166664123535,51.27599976857503
2016-07-18,53.70000076293945,54.34000015258789,53.54999923706055,53.959999084472656,31433900,MSFT,0.7038389744396412,54.65706970737111,48.509930109523424,57.05711513241847,156.12367272413462,7.077047376648299,51.37399991353353,51.24566644032796
2016-07-19,53.709999084472656,53.900001525878906,52.93000030517578,53.09000015258789,53336500,MSFT,0.6864823855563387,54.791684348677435,48.67731551399346,53.9329379172657,110.72070150329212,2.527042268858882,51.40599988301595,51.26749979654948
2016-07-20,56.150001525878906,56.84000015258789,55.529998779296875,55.90999984741211,89893300,MSFT,0.8900128745987388,55.53700162400165,48.403998360739564,61.07895350023501,235.16652133155705,19.3402894980135,51.532999928792314,51.33083311716715
2016-07-21,55.97999954223633,56.22999954223633,55.7599983215332,55.79999923706055,32776700,MSFT,1.0305566154266472,56.13035990575872,48.29163983484186,60.69900537326646,197.17397121047676,19.340289498013504,51.658333206176756,51.40349979400635
2016-07-22,56.08000183105469,56.630001068115234,55.779998779296875,56.56999969482422,32157200,MSFT,1.1903482772309602,56.815945550044404,48.072054175297396,62.3930318283439,184.09540058650714,21.3164065885611,51.823333231608075,51.4973331451416
2016-07-25,56.470001220703125,56.7400016784668,56.2599983215332,56.72999954223633,25610600,MSFT,1.31473917389998,57.37610701962511,48.20189247683486,62.7382799994634,168.5135477851573,21.861010192845363,51.99833323160807,51.61116644541423
2016-07-26,56.52000045776367,57.290000915527344,56.5099983215332,56.7599983215332,28079000,MSFT,1.399606609788762,57.636155712945154,48.77484358515055,62.80451089223681,158.4819946253018,24.561722587978256,52.2189998626709,51.72599976857503
2016-07-27,56.61000061035156,56.79999923706055,56.11000061035156,56.189998626708984,32327500,MSFT,1.4046788444898155,57.79050042980518,49.29549886829052,60.684350502819655,128.6521010489176,21.404791875719944,52.430999755859375,51.818999735514325
2016-07-28,56.0,56.369998931884766,55.720001220703125,56.209999084472656,37550400,MSFT,1.3942404987320955,57.9860400008684,49.66695911412184,60.732467670774206,110.43919715741815,18.378689269759853,52.648333104451496,51.92616640726725
2016-07-29,56.2599983215332,56.7599983215332,56.04999923706055,56.68000030517578,30558700,MSFT,1.407665973198263,58.25057963791737,49.95341969069591,61.86700255691828,113.08273231075289,20.43040977588676,52.85799980163574,52.039666430155435
2016-08-01,56.599998474121094,56.75,56.13999938964844,56.58000183105469,26003400,MSFT,1.3941657075652643,58.419238062752214,50.32676146422533,61.476064503316714,104.7918534448182,20.43040977588676,53.07299982706706,52.150333150227866
2016-08-02,56.849998474121094,56.900001525878906,56.310001373291016,56.58000183105469,35122000,MSFT,1.3677006202717976,58.50737971776822,50.77962017542026,61.476064503316714,100.68278105693247,21.245244791506256,53.289999898274736,52.253499857584636
2016-08-03,56.68000030517578,57.11000061035156,56.4900016784668,56.970001220703125,22075600,MSFT,1.3624902453946106,58.596954395456656,51.24904551299061,62.46596422638875,100.7844082681427,22.39617939180012,53.482666651407875,52.36849988301595
2016-08-04,56.79999923706055,57.52000045776367,56.66999816894531,57.38999938964844,26587700,MSFT,1.3763848661668447,58.65224713235249,51.794752608248096,63.51052776939513,102.75190363477567,24.62109347041992,53.69599990844726,52.47466653188069
2016-08-05,57.650001525878906,58.209999084472656,57.45000076293945,57.959999084472656,29335200,MSFT,1.4170552950274882,58.852581752736604,52.160417972605195,64.88261661108204,112.52133345531131,28.204649893487073,53.89766654968262,52.58983319600423
2016-08-08,58.060001373291016,58.09000015258789,57.779998779296875,58.060001373291016,19473500,MSFT,1.4407481115244636,59.01470019647102,52.5452996509411,65.12065202919057,107.00715220842021,28.204649893487055,54.17199986775716,52.69899991353353
2016-08-09,58.16999816894531,58.5,58.02000045776367,58.20000076293945,16920700,MSFT,1.4540600113703803,59.19866399236357,52.86033602289522,65.45971843727352,107.52618703492028,30.311376981507472,54.49766654968262,52.81766656239827
2016-08-10,58.15999984741211,58.31999969482422,57.81999969482422,58.02000045776367,15756900,MSFT,1.433560161681065,59.309050024502525,53.20095020437931,64.62415079568783,96.93728593363537,28.409940506853342,54.78366661071777,52.92083320617676
2016-08-11,58.029998779296875,58.45000076293945,58.029998779296875,58.29999923706055,18162300,MSFT,1.4234980789027318,59.425302150251795,53.54069783448942,65.3361675455889,98.02923880071131,29.105525810225952,55.04233322143555,53.05066655476888
2016-08-12,58.029998779296875,58.189998626708984,57.619998931884766,57.939998626708984,21655200,MSFT,1.3706746433141248,59.393939469115026,53.996060302003144,63.63269931362954,83.88069001340635,25.138644983676034,55.267999903361,53.16949984232585
2016-08-15,58.0099983215332,58.5,57.959999084472656,58.119998931884766,19283900,MSFT,1.3280274427544256,59.34325088413318,54.4627488717262,64.11661208458368,89.2650656969999,26.89556198364465,55.499999872843425,53.29949982961019
2016-08-16,57.61000061035156,57.619998931884766,57.27000045776367,57.439998626708984,20523500,MSFT,1.2252354136207941,58.78047412214462,55.46052548112687,60.947268064458854,62.42096847521985,20.38990020250233,55.70899988810221,53.413166491190594
2016-08-17,57.540000915527344,57.68000030517578,57.22999954223633,57.560001373291016,18856400,MSFT,1.1403103674857817,58.771131268645135,55.634868487214234,61.29653223110965,62.40794302954832,20.755369680140955,55.914999898274736,53.538666534423825
2016-08-18,57.41999816894531,57.70000076293945,57.27000045776367,57.599998474121094,14214300,MSFT,1.0639692924054458,58.72258340097342,55.86341627859201,61.41551276872786,62.30486039928713,20.88061682632106,56.1223331451416,53.63883317311605
2016-08-19,57.43000030517578,57.72999954223633,57.20000076293945,57.619998931884766,17271000,MSFT,0.993628369085279,58.739977087537895,55.951022515733584,61.47677366975035,59.877631592173906,20.192826581760606,56.29966646830241,53.730499839782716
2016-08-22,57.599998474121094,57.75,57.2599983215332,57.66999816894531,15221900,MSFT,0.9311830822380784,58.762783724236925,56.02221574170545,61.63430264293385,59.74288850259443,20.326818483139565,56.46899973551432,53.826833152770995
2016-08-23,57.900001525878906,58.18000030517578,57.849998474121094,57.88999938964844,18732400,MSFT,0.889196827482813,58.80255839293903,56.09544117981488,62.335364800767444,79.31791252502434,23.194818981358566,56.62499974568685,53.91966648101807
2016-08-24,57.79999923706055,58.040000915527344,57.720001220703125,57.95000076293945,18151500,MSFT,0.8509547309121359,58.76933716453284,56.304662621844116,62.528549749602014,71.72449979946767,21.823349123637918,56.77299982706706,54.002166493733725
2016-08-25,57.880001068115234,58.290000915527344,57.779998779296875,58.16999816894531,18552600,MSFT,0.8288450777261929,58.726718705992766,56.543280988831455,63.24362512120805,79.60993375465691,23.517243949839862,56.92066637674967,54.09083315531413
2016-08-26,58.279998779296875,58.70000076293945,57.689998626708984,58.029998779296875,20971200,MSFT,0.7909091574010034,58.70923112093771,56.69576842129862,62.45897149498311,80.61907480831618,26.229068517177712,57.06499964396159,54.18333314259847
2016-08-29,58.18000030517578,58.599998474121094,58.099998474121094,58.099998474121094,16417200,MSFT,0.7577580764586358,58.648665607345066,56.9083335991979,62.69834856730557,88.20585319544355,26.229068517177705,57.202999623616535,54.28849976857503
2016-08-30,57.97999954223633,58.189998626708984,57.61000061035156,57.88999938964844,16930200,MSFT,0.7063975620987151,58.506828786328335,57.18117017607401,61.48169556540393,54.64730304154126,20.75319151290503,57.36299959818522,54.38449974060059
2016-08-31,57.650001525878906,57.79999923706055,57.29999923706055,57.459999084472656,20860300,MSFT,0.6238057850404886,58.42261435709004,57.31438439168926,59.054320287373365,14.03026143418119,17.419486470998816,57.414666239420576,54.473833084106445
2016-09-01,57.0099983215332,57.81999969482422,57.0099983215332,57.59000015258789,26075400,MSFT,0.562358663257811,58.40266406779196,57.35433475728128,59.55374589645672,4.077607545947229,14.364023752763064,57.47433293660482,54.56633307139079
2016-09-02,57.66999816894531,58.189998626708984,57.41999816894531,57.66999816894531,18900500,MSFT,0.5141892806561259,58.39467546544414,57.33332326807637,59.86537462736421,34.628040889521415,17.20751622035882,57.510999552408855,54.66716639200846
2016-09-06,57.779998779296875,57.79999923706055,57.209999084472656,57.61000061035156,16278400,MSFT,0.4658039066795183,58.37533448462148,57.30766417260508,59.50964164192189,2.934857440068904,14.96618451183463,57.54033292134603,54.769333076477054
2016-09-07,57.470001220703125,57.84000015258789,57.40999984741211,57.65999984741211,17493400,MSFT,0.426575367175559,58.32615163383272,57.3028469318411,59.716005678543404,13.126686190969687,15.285400563079538,57.57033297220866,54.89466641743978
2016-09-08,57.630001068115234,57.790000915527344,57.18000030517578,57.43000030517578,20146100,MSFT,0.372631984400563,58.31448707761189,57.25551147280314,58.301995090567466,-17.75584810449243,12.767393783922303,57.61166636149088,55.02133305867513
2016-09-09,56.790000915527344,57.52000045776367,56.209999084472656,56.209999084472656,35113900,MSFT,0.22880023520833248,58.51762378695405,56.84337474820221,51.59775898317306,-154.21284284010096,2.9565753939849357,57.61166636149088,55.12999973297119
2016-09-12,56.0,57.209999084472656,55.61000061035156,57.04999923706055,29303000,MSFT,0.18051260522540247,58.508898685181656,56.76309991100975,55.26200603675671,-160.31624814667234,2.472784610613888,57.62399965922038,55.24099973042806
2016-09-13,56.5,56.650001525878906,56.04999923706055,56.529998779296875,30130200,MSFT,0.09914182545672645,58.52786347960232,56.585135101330295,52.70675723971765,-193.50127373547326,2.4727846106138993,57.62233289082845,55.347666358947755
2016-09-14,56.38999938964844,56.630001068115234,56.029998779296875,56.2599983215332,24062500,MSFT,0.012721495594561816,58.62883078364983,56.3661677667652,51.429429669868696,-203.9154276718938,2.655906583793982,57.61166610717773,55.450833002726235
2016-09-15,56.150001525878906,57.349998474121094,55.97999954223633,57.189998626708984,26847000,MSFT,0.019056267671714977,58.61810148062227,56.339896795134564,55.29025397914625,-119.01376213824595,4.053123349315121,57.6189993540446,55.550833002726236
2016-09-16,57.630001068115234,57.630001068115234,56.75,57.25,44607000,MSFT,0.028588672360754686,58.603524840080354,56.31947358826437,55.52619987752304,-60.52898621952165,6.511168733145356,57.61433270772298,55.65516630808512
2016-09-19,57.27000045776367,57.75,56.849998474121094,56.93000030517578,20937100,MSFT,0.01020426527145446,58.59035387358339,56.263644692090445,53.95527375992648,-61.7117501911825,7.561079771535232,57.579999415079754,55.73883298238118
2016-09-20,57.349998474121094,57.349998474121094,56.75,56.810001373291016,17384000,MSFT,-0.013888316699208758,58.57283162371316,56.195167262395245,53.36953721907716,-88.18880913212993,6.529737360900345,57.53833274841308,55.855166308085124
2016-09-21,57.5099983215332,57.849998474121094,57.08000183105469,57.7599983215332,33707300,MSFT,0.04317717461585602,58.55605992800266,56.19893885129421,57.17682228622472,8.43281239642779,10.94644713631806,57.52366600036621,56.01066627502441
2016-09-22,57.91999816894531,58.0,57.630001068115234,57.81999969482422,19822200,MSFT,0.09218098802642771,58.53763887927238,56.20435979321297,57.40405776328643,52.15647243744118,12.233519636935144,57.51699930826823,56.150332959493
2016-09-23,57.869998931884766,57.90999984741211,57.380001068115234,57.43000030517578,19955300,MSFT,0.0984127511306454,58.43926714567968,56.228731740428714,55.426449366546805,16.084427440460992,9.504839299392533,57.48799934387207,56.26516628265381
2016-09-26,57.08000183105469,57.13999938964844,56.83000183105469,56.900001525878906,21688700,MSFT,0.05989459446280421,58.34794205900152,56.20705710176508,52.86604406921361,-83.35820514380201,3.7634146544325398,57.4533327738444,56.360666338602705
2016-09-27,56.93000030517578,58.060001373291016,56.68000030517578,57.95000076293945,28065100,MSFT,0.112794567856632,58.31804571328108,56.22195367636736,56.942457883386524,23.645822176440014,11.768398379650165,57.44766616821289,56.473833020528154
2016-09-28,57.880001068115234,58.060001373291016,57.66999816894531,58.029998779296875,20536400,MSFT,0.15933661219693818,58.34417706929683,56.209822259316454,57.23397012689035,81.25126629213332,11.768398379650174,57.46733283996582,56.58816636403402
2016-09-29,57.810001373291016,58.16999816894531,57.209999084472656,57.400001525878906,25463500,MSFT,0.14372920775885945,58.33934695983682,56.20865261291709,54.24220435029151,24.75844152171827,7.005817597757898,57.46199951171875,56.688499704996744
2016-09-30,57.56999969482422,57.77000045776367,57.34000015258789,57.599998474121094,29910800,MSFT,0.14581740997197556,58.34048042358259,56.20851898132463,55.01444869076736,20.48270427910857,7.005817597757889,57.46199951171875,56.79216632843018
2016-10-03,57.40999984741211,57.54999923706055,57.060001373291016,57.41999816894531,19189500,MSFT,0.13143273609535555,58.31422756764881,56.20977183725842,54.163372449714394,-16.80673957025698,4.115896051482978,57.45533281962077,56.87749964396159
2016-10-04,57.27000045776367,57.599998474121094,56.970001220703125,57.2400016784668,20085900,MSFT,0.10430619457500967,58.28289794733209,56.20410156438666,53.31024013331505,-27.20059354680227,3.1892296896011114,57.440999603271486,56.954999669392905
2016-10-05,57.290000915527344,57.959999084472656,57.2599983215332,57.63999938964844,16726400,MSFT,0.11377316964351536,58.28024785011213,56.20475161583025,54.941793639805205,33.6496371537242,6.62802366084135,57.43266626993815,57.0288330078125
2016-10-06,57.7400016784668,57.86000061035156,57.279998779296875,57.7400016784668,16212600,MSFT,0.1278711428507293,58.31659093717125,56.19940866610023,55.34536645197527,36.98595148031048,6.62802366084135,57.42566630045573,57.09933306376139
2016-10-07,57.849998474121094,57.97999954223633,57.41999816894531,57.79999923706055,20089000,MSFT,0.14224547091011175,58.29907472614595,56.375924892384326,55.592228244845266,58.70792309253565,7.796315688171293,57.41333300272624,57.166999689737956
2016-10-10,57.90999984741211,58.38999938964844,57.869998931884766,58.040000915527344,18196500,MSFT,0.17103180536678764,58.38740203157204,56.38659775480491,56.58540614867282,124.06004349197593,11.701295258563524,57.41366640726725,57.23933302561442
2016-10-11,57.88999938964844,58.02000045776367,56.88999938964844,57.189998626708984,26497400,MSFT,0.12382968805803785,58.34182869517674,56.49817107594142,52.29993761629309,-0.5851339718138892,1.1126274998623036,57.38333307902018,57.29316635131836
2016-10-12,57.11000061035156,57.27000045776367,56.400001525878906,57.11000061035156,22177500,MSFT,0.07905520114275078,58.22349248356232,56.70150751643768,51.917124435308565,-76.4204376501821,3.6133491678236527,57.35733311971028,57.36016635894775
2016-10-13,56.70000076293945,57.29999923706055,56.31999969482422,56.91999816894531,25313700,MSFT,0.02791767450325011,58.23935987329166,56.658640080931974,50.99993601456063,-83.68091238672216,4.368297209921209,57.339333089192706,57.37699966430664
2016-10-14,57.119998931884766,57.7400016784668,57.119998931884766,57.41999816894531,27402500,MSFT,0.02742054233492297,58.24248688259372,56.672512888524444,53.24836322860336,20.297967111378398,0.084289346779624,57.33366635640462,57.40399964650472
2016-10-17,57.36000061035156,57.459999084472656,56.869998931884766,57.220001220703125,23830000,MSFT,0.010764397050287755,58.22606492408682,56.71793493858407,52.25616972099866,-20.315951607201352,2.363995534258434,57.31866645812988,57.414833005269365
2016-10-18,57.529998779296875,57.95000076293945,57.40999984741211,57.65999984741211,19149500,MSFT,0.03269163872187164,58.20456370722574,56.824436002857276,54.19849119646426,67.92367571410996,2.4732762781849913,57.320333099365236,57.43033301035563
2016-10-19,57.470001220703125,57.84000015258789,57.400001525878906,57.529998779296875,22878400,MSFT,0.03912809336569012,58.183436162207066,56.82256359365231,53.532845634966876,53.29349436607851,2.3711626549470073,57.31599973042806,57.44316635131836
2016-10-20,57.5,57.52000045776367,56.65999984741211,57.25,49455600,MSFT,0.02138891393590825,58.146730175204524,56.802269611172434,52.106962042606916,-26.006259101224,4.88568198530697,57.30999972025553,57.46083304087321
2016-10-21,60.279998779296875,60.45000076293945,59.4900016784668,59.65999984741211,80032200,MSFT,0.19949762110869074,58.77119621743052,56.40080352317006,61.288029083761586,390.57659027800133,18.715600754735483,57.42499974568685,57.51833305358887
2016-10-24,59.939998626708984,61.0,59.93000030517578,61.0,54067000,MSFT,0.4436625876612723,59.68373288295985,55.89826670505284,65.13262830431714,413.30974737872833,22.118667394036848,57.556666437784834,57.59033304850261
2016-10-25,60.849998474121094,61.369998931884766,60.79999923706055,60.9900016784668,35137200,MSFT,0.6291063550154306,60.31666387684184,55.56933580272359,65.08273788969674,360.28312206067557,24.323550853573046,57.7053332010905,57.66383304595947
2016-10-26,60.810001373291016,61.20000076293945,60.470001220703125,60.630001068115234,29911600,MSFT,0.7385097582082878,60.73411332447906,55.411886583968204,63.277367530943714,258.33584177531225,21.15878708290197,57.850999959309895,57.731333033243814
2016-10-27,60.61000061035156,60.83000183105469,60.09000015258789,60.099998474121094,28479900,MSFT,0.7735292045367146,60.99626610672699,55.419733496544495,60.71243378737648,182.8449980474914,17.592914730891778,57.94799995422363,57.78349965413411
2016-10-28,60.0099983215332,60.52000045776367,59.58000183105469,59.869998931884766,33574700,MSFT,0.7738034048138189,61.18923203268849,55.453767616359364,59.62739364071681,134.66675679623825,12.976486111732758,58.035333251953126,57.82483297983806
2016-10-31,60.15999984741211,60.41999816894531,59.91999816894531,59.91999816894531,26434700,MSFT,0.769188504315963,61.366249626580434,55.52675002246742,59.789005283100636,123.4890854273181,12.976486111732754,58.13499984741211,57.85749963124593
2016-11-01,59.970001220703125,60.02000045776367,59.25,59.79999923706055,24533000,MSFT,0.7472345968790677,61.496002679552554,55.652996725354676,59.20063667454622,88.0031495120334,7.0672286319719095,58.234666442871095,57.88649959564209
2016-11-02,59.81999969482422,59.93000030517578,59.29999923706055,59.43000030517578,22147000,MSFT,0.6920031659186563,61.574615114434614,55.75338438202535,57.39895324298147,72.60027815316283,7.067228631971919,58.29033317565918,57.906999588012695
2016-11-03,59.529998779296875,59.63999938964844,59.11000061035156,59.209999084472656,21600400,MSFT,0.6232946475690966,61.62401224109256,55.850986995967986,56.34420397648959,54.602546665030275,5.394269967617644,58.33666648864746,57.926832898457846
2016-11-04,58.650001525878906,59.279998779296875,58.52000045776367,58.709999084472656,28697000,MSFT,0.5224740771069847,61.63578149047432,55.93021773132744,54.01077884962871,25.1490044416232,0.3569336090387695,58.379333114624025,57.93366622924805
2016-11-07,59.779998779296875,60.52000045776367,59.779998779296875,60.41999816894531,31664800,MSFT,0.5739396562652956,61.822047383070824,55.98195156407273,59.887953219547484,94.60514260542861,9.736632344637526,58.49666633605957,57.974999554951985
2016-11-08,60.54999923706055,60.779998779296875,60.150001525878906,60.470001220703125,22935400,MSFT,0.6117099154759984,61.94940003547043,56.18259917107254,60.04242017503886,97.8690102580089,11.542752972902058,58.58066635131836,58.014166259765624
2016-11-09,60.0,60.59000015258789,59.20000076293945,60.16999816894531,49632500,MSFT,0.6103990795208816,61.987856067124426,56.45014289527792,58.640854438448,67.68230637464374,3.6996288381352613,58.65199966430664,58.05966625213623
2016-11-10,60.47999954223633,60.4900016784668,57.630001068115234,58.70000076293945,57822400,MSFT,0.4851512116683665,61.872605846923626,56.74339337487813,52.436416565770465,12.165515417998506,7.428540171853928,58.69533297220866,58.0786662419637
2016-11-11,58.22999954223633,59.119998931884766,58.0099983215332,59.02000045776367,38767800,MSFT,0.4070207916013331,61.79990520240836,56.97609424827524,53.54331212894763,-1.5168146957452244,7.428540171853943,58.74266637166341,58.10233294169108
2016-11-14,59.02000045776367,59.08000183105469,57.279998779296875,58.119998931884766,41328400,MSFT,0.2693740953867092,61.70406367155282,57.16193555024894,50.14783209343033,-33.63555813183771,12.121006024654157,58.76599973042806,58.110666275024414
2016-11-15,58.33000183105469,59.4900016784668,58.31999969482422,58.869998931884766,35904100,MSFT,0.2182905095491492,61.62592904492588,57.361070085323135,52.731908160425675,3.8450887867017265,8.913337811842815,58.82033297220866,58.13066628774007
2016-11-16,58.939998626708984,59.65999984741211,58.810001373291016,59.650001525878906,27332500,MSFT,0.2380025429362007,61.52133547535666,57.67766392955057,55.22868177868073,28.651891780212406,7.593044400182376,58.88733304341634,58.15999965667724
2016-11-17,60.40999984741211,60.95000076293945,59.970001220703125,60.63999938964844,32132700,MSFT,0.32970835000712384,61.39327515153198,58.14472419234009,58.13237598985881,89.57446194874372,1.7559456331103256,58.98399963378906,58.20483296712239
2016-11-18,60.779998779296875,61.13999938964844,60.29999923706055,60.349998474121094,27686300,MSFT,0.3746662934229974,61.447221964309016,58.15977724223395,57.011894116093764,88.02820329076113,3.039630620110221,59.06899960835775,58.241166305541995
2016-11-21,60.5,60.970001220703125,60.41999816894531,60.86000061035156,19652600,MSFT,0.4463039819376178,61.41983352543985,58.17316574213827,58.46823497033271,90.88823998926135,3.039630620110227,59.16299959818522,58.28833300272624
2016-11-22,60.97999954223633,61.2599983215332,60.810001373291016,61.119998931884766,23206700,MSFT,0.5180848970760863,61.44735953419533,58.15863945872459,59.19723265308508,103.68882406994871,5.065749023834585,59.293999608357744,58.33866634368896
2016-11-23,61.0099983215332,61.099998474121094,60.25,60.400001525878906,21848900,MSFT,0.5109837152430288,61.414586540345546,58.16841249835074,56.363074515149314,72.30896093183672,0.8556762918956348,59.40366630554199,58.38049971262614
2016-11-25,60.29999923706055,60.529998779296875,60.130001068115234,60.529998779296875,8409600,MSFT,0.5099670860203318,61.464437125756554,58.16156194345731,56.74983045299857,57.56903670855099,0.03229657977657209,59.52399965922038,58.43166637420654
2016-11-28,60.34000015258789,61.02000045776367,60.209999084472656,60.61000061035156,20732600,MSFT,0.5097409032177609,61.53953401201744,58.16046522504311,56.99250042893264,68.7762633117105,3.554643476614826,59.63033307393392,58.48199971516927
2016-11-29,60.650001525878906,61.40999984741211,60.52000045776367,61.09000015258789,22366700,MSFT,0.5420452423528346,61.68692344393757,58.13007599148723,58.439837296179,93.90877683917093,6.320428319374181,59.75933303833008,58.53899974822998
2016-11-30,60.86000061035156,61.18000030517578,60.220001220703125,60.2599983215332,34655400,MSFT,0.4949667848749826,61.71590321189899,58.147096131973086,55.121590702896114,56.89504895287472,3.9483226318570845,59.84599965413411,58.58316637674967
2016-12-01,60.11000061035156,60.150001525878906,58.939998626708984,59.20000076293945,34542100,MSFT,0.3678830979695604,61.720900055511336,58.119099334137104,51.27517777900777,-44.0496681001483,5.370436970012353,59.9016663869222,58.60883305867513
2016-12-02,59.08000183105469,59.470001220703125,58.79999923706055,59.25,25515700,MSFT,0.2681122499037656,61.719665990231036,58.12433349097013,51.440522349743624,-82.26333149771169,6.320654460085063,59.968333053588864,58.6391663869222
2016-12-05,59.70000076293945,60.59000015258789,59.560001373291016,60.220001220703125,23552700,MSFT,0.26426780997167754,61.70543628824571,58.28956340657851,54.536746194117434,12.934523818768493,1.8368859782505118,59.9869997660319,58.705999755859374
2016-12-06,60.43000030517578,60.459999084472656,59.79999923706055,59.95000076293945,19907000,MSFT,0.23670568762828026,61.670353909980136,58.2776460442435,53.55350131973327,9.690608823518929,1.83688597825051,59.951999791463216,58.754333114624025
2016-12-07,60.0099983215332,61.380001068115234,59.79999923706055,61.369998931884766,30809000,MSFT,0.325690137363452,61.815544804934774,58.22245492040702,57.70241657644238,91.89601789839422,8.039310417565995,59.96466636657715,58.83499978383382
2016-12-08,61.29999923706055,61.58000183105469,60.84000015258789,61.0099983215332,21220800,MSFT,0.36297773321565785,61.91089162586066,58.21110811473993,56.38155489376351,119.48322769042515,9.327719680730578,59.97733294169108,58.91416645050049
2016-12-09,61.18000030517578,61.9900016784668,61.130001068115234,61.970001220703125,27349400,MSFT,0.4646365902597793,62.14460378815945,58.30439599821751,58.972347072324396,162.16377085550957,11.94400934930612,60.03966636657715,58.99383316040039
2016-12-12,61.81999969482422,62.29999923706055,61.720001220703125,62.16999816894531,20198100,MSFT,0.5549430113910816,62.40035322270833,58.36364633478678,59.49089526341846,176.84018273471523,13.887468777837261,60.1163330078125,59.07583312988281
2016-12-13,62.5,63.41999816894531,62.2400016784668,62.97999954223633,35718900,MSFT,0.6839872621355099,62.66678902003637,58.5832105984939,61.52813141554892,217.16084844939766,20.449552824279632,60.218333053588864,59.17666645050049
2016-12-14,63.0,63.45000076293945,62.529998779296875,62.68000030517578,30352700,MSFT,0.7533640180607151,62.87868512849262,58.75231462736676,60.364992642553545,194.32543754299343,20.617188466666466,60.31433308919271,59.2744997660319
2016-12-15,62.70000076293945,63.150001525878906,62.29999923706055,62.58000183105469,27669900,MSFT,0.7911565951188209,63.09175496636619,58.832244820010764,59.97404586806627,163.2404798774801,18.634627137337752,60.419333140055336,59.35483315785726
2016-12-16,62.95000076293945,62.95000076293945,62.119998931884766,62.29999923706055,42453100,MSFT,0.789413745344099,63.2499749844017,58.840024786716455,58.86967221195353,136.8537263404793,17.076663583093605,60.5223331451416,59.429499816894534
2016-12-19,62.560001373291016,63.77000045776367,62.41999816894531,63.619998931884766,34338200,MSFT,0.884351216974828,63.666871004280736,58.750128812613795,62.258910878978185,175.52639381321936,21.909559091105443,60.685999806722,59.53266646067301
2016-12-20,63.689998626708984,63.79999923706055,63.029998779296875,63.540000915527344,26028400,MSFT,0.942272742275378,64.00460713086339,58.68039271654873,61.93892391771186,165.1290489044729,22.081423045039603,60.789999898274736,59.64333311716715
2016-12-21,63.43000030517578,63.70000076293945,63.119998931884766,63.540000915527344,17096300,MSFT,0.9769147037681734,64.29746892120757,58.62953112456879,61.93892391771187,146.21697401166622,22.081423045039593,60.89233322143555,59.73649978637695
2016-12-22,63.84000015258789,64.0999984741211,63.40999984741211,63.54999923706055,22176600,MSFT,0.9937204974804459,64.55448640219049,58.68751341470404,61.965070069489435,142.58089263491465,24.453886270109574,61.00499992370605,59.82849979400635
2016-12-23,63.45000076293945,63.540000915527344,62.79999923706055,63.2400016784668,12403800,MSFT,0.970833829897451,64.72790967013898,58.78509043667253,60.6292037173644,106.81057273762438,18.749783725360107,61.15633328755697,59.92583312988281
2016-12-27,63.209999084472656,64.06999969482422,63.209999084472656,63.279998779296875,11763200,MSFT,0.9450296985896003,64.88435252901498,58.895647394691075,60.742166631967415,112.75890904152809,21.964473602010344,61.298333231608076,60.020499801635744
2016-12-28,63.400001525878906,63.400001525878906,62.83000183105469,62.9900016784668,14653300,MSFT,0.8909095456090341,64.99301401662939,58.97698605966456,59.462510356227206,83.39804811250133,18.487386871412856,61.46066665649414,60.1133331934611
2016-12-29,62.86000061035156,63.20000076293945,62.72999954223633,62.900001525878906,10250600,MSFT,0.8311754016874531,65.03669085985655,59.19730953687197,59.06303347830907,71.2414990947169,17.57485223247307,61.59500007629394,60.2076665242513
2016-12-30,62.959999084472656,62.9900016784668,62.029998779296875,62.13999938964844,25579900,MSFT,0.7142761112995899,64.84128074733177,59.68671951206766,55.78893810513804,38.225600215088534,11.364234439339599,61.67800000508626,60.282666524251304
2017-01-03,62.790000915527344,62.84000015258789,62.130001068115234,62.58000183105469,20694100,MSFT,0.6496483592122644,64.5832217667088,60.277778675796085,57.20958328914131,42.084758795887794,11.364234439339606,61.742666753133136,60.3633331934611
2017-01-04,62.47999954223633,62.75,62.119998931884766,62.29999923706055,21340000,MSFT,0.569274291207428,64.4222391114065,60.64676113273412,56.02446254115057,32.40829085602396,11.274355856468578,61.80766677856445,60.4383331934611
2017-01-05,62.189998626708984,62.65999984741211,62.029998779296875,62.29999923706055,24876000,MSFT,0.4998156989954907,64.10484711800815,61.19915297354458,56.02446254115057,26.67034696995321,10.444641002054729,61.85566673278809,60.50933316548665
2017-01-06,62.29999923706055,63.150001525878906,62.040000915527344,62.84000015258789,19922900,MSFT,0.48277766464026683,64.04816917289982,61.40283104072322,57.82748952680511,43.7788490768666,14.054055383156335,61.91300010681152,60.60349985758464
2017-01-09,62.7599983215332,63.08000183105469,62.540000915527344,62.63999938964844,20382700,MSFT,0.4479725607776217,63.857455976124925,61.756544344309646,56.93312106497816,45.43566908015609,14.054055383156342,61.98766670227051,60.69566650390625
2017-01-10,62.72999954223633,63.06999969482422,62.279998779296875,62.619998931884766,18593000,MSFT,0.41400302624242613,63.818726392816174,61.86027369873656,56.84217490543555,37.05706045377115,11.502209162230558,62.057333374023436,60.790666516621904
2017-01-11,62.61000061035156,63.22999954223633,62.43000030517578,63.189998626708984,21517300,MSFT,0.428140796384767,63.828279818304374,61.95272031902473,58.78328723425811,52.75375710754179,12.74500552030933,62.14333330790202,60.88683319091797
2017-01-12,63.060001373291016,63.400001525878906,61.95000076293945,62.61000061035156,20968200,MSFT,0.38807065158632525,63.81691687243607,61.927083371704555,56.12604761196363,31.097639963486497,8.036505442876138,62.193999989827475,60.97666651407878
2017-01-13,62.619998931884766,62.869998931884766,62.349998474121094,62.70000076293945,19422300,MSFT,0.3594337052670298,63.81710331263355,61.92889697728344,56.442117848031884,27.484613631858693,8.036505442876125,62.275333404541016,61.06066652933757
2017-01-17,62.68000030517578,62.70000076293945,62.029998779296875,62.529998779296875,20664000,MSFT,0.31933982893271207,63.818128408098694,61.922871576642514,55.65861027322311,4.674471810835483,4.910711420243494,62.3863333384196,61.143999862670896
2017-01-18,62.66999816894531,62.70000076293945,62.119998931884766,62.5,19670100,MSFT,0.28189498241758315,63.80675988779094,61.95424017324422,55.51792586059766,-3.7740944251170307,4.910711420243495,62.49466667175293,61.2314998626709
2017-01-19,62.2400016784668,62.97999954223633,62.20000076293945,62.29999923706055,18451700,MSFT,0.2333908967312368,63.706369740240916,61.922630351311824,54.56668064465777,-7.660712281093275,7.41892848750154,62.56399993896484,61.27549985249837
2017-01-20,62.66999816894531,62.81999969482422,62.369998931884766,62.7400016784668,30213500,MSFT,0.22782930468805773,63.59854638146056,61.95045378638613,56.271848219125296,0.5133586334383121,7.418928487501534,62.65699996948242,61.30449988047282
2017-01-23,62.70000076293945,63.119998931884766,62.56999969482422,62.959999084472656,23097600,MSFT,0.23842523725223685,63.49342296576457,61.997577018976635,57.10455011923929,30.537170995874046,10.136781803920842,62.70999997456868,61.33733317057292
2017-01-24,63.20000076293945,63.7400016784668,62.939998626708984,63.52000045776367,24672900,MSFT,0.2886822712714263,63.48522004588888,62.002780060922646,59.15281156990939,113.88673553615656,15.443747242954196,62.793666712443034,61.38549982706706
2017-01-25,63.95000076293945,64.0999984741211,63.45000076293945,63.68000030517578,23672700,MSFT,0.33753113449868977,63.590631645627234,61.941368323855194,59.72127639553594,164.50845932624472,18.340421786491483,62.85066668192545,61.4451665242513
2017-01-26,64.12000274658203,64.54000091552734,63.54999923706055,64.2699966430664,43554600,MSFT,0.41902176211806363,63.859670557220404,61.77132919863897,61.751788421682505,207.91453638266734,21.730623631045944,62.92066663106282,61.518499819437665
2017-01-27,65.38999938964844,65.91000366210938,64.88999938964844,65.77999877929688,44818000,MSFT,0.5985485294220538,64.64381667186903,61.26618279407335,66.25562622443948,342.4273665857573,30.96255827898546,63.013999938964844,61.616166496276854
2017-01-30,65.69000244140625,65.79000091552734,64.80000305175781,65.12999725341797,31651400,MSFT,0.6805303646934178,65.01458537967298,61.1184136590233,62.95452651806073,248.70409814247114,29.9211825072209,63.09566650390625,61.70499979654948
2017-01-31,64.86000061035156,65.1500015258789,64.26000213623047,64.6500015258789,25270500,MSFT,0.6987155580817941,65.21088433882174,61.1731149134976,60.64625896255964,162.15441010096035,23.81021851655951,63.164666493733726,61.79199981689453
2017-02-01,64.36000061035156,64.62000274658203,63.470001220703125,63.58000183105469,39671500,MSFT,0.6196445453037569,65.24654750557566,61.23745174674367,55.91820980288114,71.90767165318995,15.58252168986754,63.20733324686686,61.864833196004234
2017-02-02,63.25,63.40999984741211,62.75,63.16999816894531,45827000,MSFT,0.5179260004977593,65.2411382501681,61.329860895339706,54.24195273462046,-8.976238726556943,8.76775709574326,63.19233322143555,61.93916651407878
2017-02-03,63.5,63.70000076293945,63.06999969482422,63.68000030517578,30301800,MSFT,0.4730136243789431,65.26048368157825,61.44851557074108,55.941467366891835,29.894874148855806,10.955297942850494,63.196999867757164,61.99349988301595
2017-02-06,63.5,63.650001525878906,63.13999938964844,63.63999938964844,19796400,MSFT,0.4292444404347364,65.2885613754978,61.500437800527585,55.77339137933096,29.073396232960437,10.9552979428505,63.20033315022786,62.046333185831706
2017-02-07,63.7400016784668,63.779998779296875,63.22999954223633,63.43000030517578,20277200,MSFT,0.3733086065068676,65.29446179706233,61.573537470515795,54.87794337722937,30.546103463028267,11.967880170135901,63.196333185831705,62.10066655476888
2017-02-08,63.56999969482422,63.810001373291016,63.220001220703125,63.34000015258789,18096400,MSFT,0.318050506713476,65.29160026988185,61.64839911976657,54.49007903278667,26.710586335876222,12.206240373845963,63.19966646830241,62.177999877929686
2017-02-09,63.52000045776367,64.44000244140625,63.31999969482422,64.05999755859375,22644400,MSFT,0.32856830696781003,65.34844912218135,61.67855016065556,57.004926609291964,73.52308335616277,17.083111955295497,63.2256664276123,62.26199982961019
2017-02-10,64.25,64.30000305175781,63.97999954223633,64.0,18170700,MSFT,0.3282782505633435,65.3787375633065,61.78726165849526,56.73466770871926,81.96690272063329,17.083111955295504,63.25933303833008,62.35999984741211
2017-02-13,64.23999786376953,64.86000061035156,64.12999725341797,64.72000122070312,22920100,MSFT,0.3817459305021842,65.49776401660965,61.87023525096847,59.13954919843824,116.53897502377751,21.2446065918177,63.31999969482422,62.45749988555908
2017-02-14,64.41000366210938,64.72000122070312,64.0199966430664,64.56999969482422,23108400,MSFT,0.4073202482738978,65.55541640308962,62.01658295604123,58.43947249766963,97.02839444490806,20.02057042651778,63.40099970499674,62.539499855041505
2017-02-15,64.5,64.56999969482422,64.16000366210938,64.52999877929688,17005200,MSFT,0.4195243245120892,65.57741793199835,62.19758130506219,58.249252801110195,89.18691069762389,20.02057042651778,63.465999603271484,62.60433317820231
2017-02-16,64.73999786376953,65.23999786376953,64.44000244140625,64.5199966430664,20546300,MSFT,0.4235071275120603,65.53394999053819,62.463048987122946,58.200250086537984,108.49305643707193,24.958643705232824,63.53999951680501,62.67383314768473
2017-02-17,64.47000122070312,64.69000244140625,64.30000305175781,64.62000274658203,21248800,MSFT,0.4297789600263826,65.53065395273481,62.65434513173785,58.56082695133504,83.98404137816267,23.31289506360274,63.617332967122394,62.736499849955244
2017-02-21,64.61000061035156,64.94999694824219,64.44999694824219,64.48999786376953,20655900,MSFT,0.41942426311310044,65.51320899891049,62.82478996349185,57.88927639937087,85.46866604211392,25.205364776686643,63.67233289082845,62.79266649881999
2017-02-22,64.33000183105469,64.38999938964844,64.05000305175781,64.36000061035156,19292700,MSFT,0.3961616938866115,65.52190701029669,62.90009196736445,57.210626201249035,49.98535285397735,20.473728052957863,63.729666264851886,62.8586664835612
2017-02-23,64.41999816894531,64.7300033569336,64.19000244140625,64.62000274658203,20273100,MSFT,0.39416228220565586,65.55608859650037,62.95991062530139,58.22393402521943,67.24408144630918,23.03146315488921,63.79633305867513,62.92683321634929
2017-02-24,64.52999877929688,64.80000305175781,64.13999938964844,64.62000274658203,21796800,MSFT,0.38810391371238495,65.58366805647493,62.967331775678375,58.22393402521943,63.60895207831145,23.55509841678923,63.8439998626709,62.993666585286455
2017-02-27,64.54000091552734,64.54000091552734,64.05000305175781,64.2300033569336,15871500,MSFT,0.3478234296706688,65.29796399736674,63.098036292550255,56.0916871200537,38.063549510881536,22.44715823840482,63.897999954223636,63.045999972025555
2017-02-28,64.08000183105469,64.19999694824219,63.7599983215332,63.97999954223633,23239800,MSFT,0.2923575218630532,65.1520028602439,63.12899765855494,54.76178551128221,6.673457790305426,18.893169505262634,63.940666580200194,63.10799999237061
2017-03-01,64.12999725341797,64.98999786376953,64.0199966430664,64.94000244140625,26937500,MSFT,0.3221510444780762,65.20484343647894,63.105157173872605,58.65569514657775,70.35900981610911,25.025514769394203,64.02100003560385,63.20366668701172
2017-03-02,64.69000244140625,64.75,63.880001068115234,64.01000213623047,24539600,MSFT,0.26763425245569294,65.19387222493003,63.15912841593911,53.99779432554238,19.271698291740197,23.31628840227766,64.07133344014485,63.2830000559489
2017-03-03,63.9900016784668,64.27999877929688,63.619998931884766,64.25,18135900,MSFT,0.2410168318535284,65.13085145305368,63.33014937092094,54.95277726612595,-6.3047582866066385,20.160212178390267,64.13633346557617,63.350166702270506
2017-03-06,63.970001220703125,64.55999755859375,63.810001373291016,64.2699966430664,18750300,MSFT,0.21901127063635784,65.12226246609556,63.39773799166811,55.03323754874539,8.859549288731024,22.373508067727144,64.1873332977295,63.422166633605954
2017-03-07,64.19000244140625,64.77999877929688,64.19000244140625,64.4000015258789,18521000,MSFT,0.20964535126610429,65.11078320271,63.48521746867673,55.566996328402944,39.38159231333841,24.08409475497534,64.2353333791097,63.47266667683919
2017-03-08,64.26000213623047,65.08000183105469,64.25,64.98999786376953,21510900,MSFT,0.24698349436360445,65.13573463454631,63.616265792699785,57.91241473705008,83.92653933708954,26.372837752689808,64.28433329264323,63.53900000254313
2017-03-09,65.19000244140625,65.19999694824219,64.4800033569336,64.7300033569336,19846800,MSFT,0.25268209602647573,65.0432328448371,63.847767902843565,56.55160409073241,83.30221317725535,27.27998826939287,64.31933339436848,63.58500003814697
2017-03-10,65.11000061035156,65.26000213623047,64.75,64.93000030517578,19538200,MSFT,0.2702214168909194,65.09517610352506,63.8828249188138,57.34911480612296,103.157174404913,27.740546392662246,64.34133351643881,63.63100007375081
2017-03-13,65.01000213623047,65.19000244140625,64.56999969482422,64.70999908447266,20100000,MSFT,0.26333364877406495,65.09202435148943,63.95697657929669,56.17574052578149,86.95650461266031,25.278397048664015,64.30566685994467,63.659833399454754
2017-03-14,64.52999877929688,64.55000305175781,64.1500015258789,64.41000366210938,14280200,MSFT,0.23100503722780275,65.07094833076262,63.94705284416413,54.599892163474856,18.97230257045689,19.708979689616523,64.2816670735677,63.68866678873698
2017-03-15,64.55000305175781,64.91999816894531,64.25,64.75,24833800,MSFT,0.23016603191753404,65.08974214070236,63.94625906474197,56.04550430907661,66.45301862001672,22.83523516750727,64.28500035603841,63.724833424886064
2017-03-16,64.75,64.76000213623047,64.30000305175781,64.63999938964844,20674300,MSFT,0.21811073938864922,65.09783861841156,63.94916264806794,55.45451997762614,50.56863195223405,22.83523516750727,64.32033360799154,63.7638334274292
2017-03-17,64.91000366210938,65.23999786376953,64.68000030517578,64.87000274658203,49219700,MSFT,0.22452796329383773,65.13585267557927,63.94614920125178,56.447880322435275,113.26812352263055,26.792550503354267,64.37700042724609,63.78466682434082
2017-03-20,64.91000366210938,65.18000030517578,64.72000122070312,64.93000030517578,14598100,MSFT,0.23178310962224202,65.17567770562928,63.93732392706116,56.70839340603782,113.05301802322897,26.792550503354256,64.41866709391276,63.80783348083496
2017-03-21,65.19000244140625,65.5,64.12999725341797,64.20999908447266,26640500,MSFT,0.17738994330666458,65.1803881694759,63.90461358528486,52.78843095353328,41.9002236015419,18.779684809181152,64.43766708374024,63.81900011698405
2017-03-22,64.12000274658203,65.13999938964844,64.12000274658203,65.02999877929688,20680000,MSFT,0.19816575796166092,65.24323055250531,63.90877101914996,56.343796379540315,73.45772280155083,18.648287855903632,64.49100036621094,63.84366677602132
2017-03-23,64.94000244140625,65.23999786376953,64.7699966430664,64.87000274658203,19269200,MSFT,0.19942159010543037,65.26844736231972,63.90855420933554,55.500172386548634,122.90259162804949,19.56920539993401,64.54200045267741,63.87083346048991
2017-03-24,65.36000061035156,65.44999694824219,64.76000213623047,64.9800033569336,22617100,MSFT,0.20690787092827634,65.30865640944471,63.90434522324572,55.969061230205604,144.33099606628923,21.49971761126902,64.57266731262207,63.899166870117185
2017-03-27,64.62999725341797,65.22000122070312,64.3499984741211,65.0999984741211,18614700,MSFT,0.21998752626639373,65.36167787806504,63.93832326634414,56.486462745260624,89.24778706257231,15.8820016945754,64.60933392842611,63.93433348337809
2017-03-28,64.95999908447266,65.47000122070312,64.6500015258789,65.29000091552734,20080400,MSFT,0.24288502903586107,65.40842665208737,64.0225746296509,57.30820019388317,145.5297589045644,18.265769835325347,64.62833391825357,63.974166806538896
2017-03-29,65.12000274658203,65.5,64.94999694824219,65.47000122070312,13618400,MSFT,0.27241574610195585,65.50778477398862,63.97621638567936,58.083958209910314,173.0702781357034,18.55228053231385,64.65833396911621,64.02966683705648
2017-03-30,65.41999816894531,65.9800033569336,65.36000061035156,65.70999908447266,15122800,MSFT,0.31159302357801266,65.62729257185386,64.02670828263832,59.10882815122086,232.91390858166565,23.018958046574323,64.69766731262207,64.08183345794677
2017-03-31,65.6500015258789,66.19000244140625,65.44999694824219,65.86000061035156,21040300,MSFT,0.35070248778335156,65.783709456073,64.03129145945435,59.74520975501379,228.16739088681686,24.88335437635586,64.74233411153158,64.1411668141683
2017-04-03,65.80999755859375,65.94000244140625,65.19000244140625,65.55000305175781,20400900,MSFT,0.3526180463729247,65.83858945096996,64.10441210542653,57.82139831156338,154.97709829002946,21.126170340903332,64.7733341217041,64.19533354441324
2017-04-04,65.38999938964844,65.80999755859375,65.27999877929688,65.7300033569336,12997400,MSFT,0.36445939956786333,65.92433247736912,64.15166926213283,58.62172991794181,147.51326863862792,21.126170340903325,64.81466763814291,64.24350026448568
2017-04-05,66.30000305175781,66.3499984741211,65.44000244140625,65.55999755859375,21448600,MSFT,0.35602171346225475,65.98249372226765,64.15050798671673,57.55471028142803,161.94777091067385,26.06991419198134,64.85466753641764,64.29216690063477
2017-04-06,65.5999984741211,66.05999755859375,65.4800033569336,65.7300033569336,18103500,MSFT,0.35891547933266565,66.06379161078023,64.16921009820415,58.339159909965254,142.01947376278207,26.069914191981347,64.8916675567627,64.34400030771891
2017-04-07,65.8499984741211,65.95999908447266,65.44000244140625,65.68000030517578,14108500,MSFT,0.35310362248890215,66.12917512950067,64.1788265794837,58.01293551467732,120.63355643947621,25.4466044826071,64.92700080871582,64.38550033569337
2017-04-10,65.61000061035156,65.81999969482422,65.36000061035156,65.52999877929688,17952700,MSFT,0.3325602668007832,66.1604786330562,64.2295230454106,57.0233990830393,94.30677108022981,24.176367830957624,64.97033398946127,64.43416697184244
2017-04-11,65.5999984741211,65.61000061035156,64.8499984741211,65.4800033569336,18791500,MSFT,0.3086869456965502,66.14709163992099,64.34991000802823,56.68999479196767,49.79637140419843,16.403402524464433,65.02033411661783,64.48050034840902
2017-04-12,65.41999816894531,65.51000213623047,65.11000061035156,65.2300033569336,17108500,MSFT,0.26652195684658864,66.1401390236174,64.40486296002518,55.02575047742495,41.6493670356125,16.403402524464433,65.03000081380209,64.52550042470297
2017-04-13,65.29000091552734,65.86000061035156,64.94999694824219,64.94999694824219,17896500,MSFT,0.20811272834410488,66.11833694496988,64.45766479453206,53.21565575302843,32.745221520147,20.077555260621054,65.06133397420247,64.56633370717367
2017-04-17,65.04000091552734,65.48999786376953,65.01000213623047,65.4800033569336,16689300,MSFT,0.2022585707703115,66.12875920560313,64.50824259493399,56.046801448528896,39.98543736793325,20.077555260621054,65.10233408610026,64.61933377583821
2017-04-18,65.33000183105469,65.70999908447266,65.16000366210938,65.38999938964844,15155600,MSFT,0.1881872354431664,66.13117931539793,64.55182239358643,55.45724720453813,51.72907593445734,22.372589439369712,65.13966751098633,64.6635004043579
2017-04-19,65.6500015258789,65.75,64.88999938964844,65.04000091552734,26992800,MSFT,0.14709799489611441,65.98793211148069,64.77806978060914,53.205810433971806,12.398043589009559,18.06809877563201,65.1610008239746,64.69816710154215
2017-04-20,65.45999908447266,65.75,65.13999938964844,65.5,22299500,MSFT,0.14992432320116222,65.98982295256005,64.82317906160011,55.653598987469906,54.35053581511571,18.068098775632013,65.1780008951823,64.73116709391276
2017-04-21,65.66999816894531,66.69999694824219,65.44999694824219,66.4000015258789,32522600,MSFT,0.22222513720524262,66.16331425180566,64.80268764028419,59.8992474116967,178.4713922951647,27.650439417154672,65.23366750081381,64.77650044759115
2017-04-24,67.4800033569336,67.66000366210938,67.0999984741211,67.52999877929688,29770000,MSFT,0.36648082494801315,66.7165124372361,64.50448899709008,64.33425481861059,339.2570244405239,35.532418332828236,65.32033411661784,64.83083381652833
2017-04-25,67.9000015258789,68.04000091552734,67.5999984741211,67.91999816894531,30242700,MSFT,0.5064363056873873,67.23729591122253,64.26570549258605,65.6890821777879,327.2707095701519,38.285481402760894,65.42733408610026,64.86650047302246
2017-04-26,68.08000183105469,68.30999755859375,67.62000274658203,67.83000183105469,26190800,MSFT,0.6031374866550578,67.61180576397432,64.145195731387,65.0987594079435,281.4186528110578,40.16367710523425,65.5413340250651,64.9115005493164
2017-04-27,68.1500015258789,68.37999725341797,67.58000183105469,68.2699966430664,34971000,MSFT,0.7071264597482809,68.04105892279635,63.9959421148013,66.61608767083453,249.36697935677816,40.6481271091953,65.65866724650066,64.97183380126953
2017-04-28,68.91000366210938,69.13999938964844,67.69000244140625,68.45999908447266,39548800,MSFT,0.7956977706342627,68.44642194518886,63.86557909240881,67.25208776950822,234.80852315297065,45.595355567719245,65.78600056966145,65.0531670888265
2017-05-01,68.68000030517578,69.55000305175781,68.5,69.41000366210938,31954400,MSFT,0.9318073079127771,69.03980669532476,63.627194647448675,70.18958673283277,237.46115368535558,48.01367058196082,65.93733393351236,65.15716718037923
2017-05-02,69.70999908447266,69.70999908447266,69.12999725341797,69.30000305175781,23906100,MSFT,1.0190519701068155,69.5042021044995,63.537799238273934,69.4434506362997,208.37988933966722,48.93007432984924,66.08300069173177,65.25083389282227
2017-05-03,69.37999725341797,69.37999725341797,68.70999908447266,69.08000183105469,28928000,MSFT,1.058242967381105,69.85524446321509,63.52175672697046,67.94899961864536,161.6012674363658,42.12654381080179,66.24533411661784,65.34150060017903
2017-05-04,69.02999877929688,69.08000183105469,68.63999938964844,68.80999755859375,21749400,MSFT,1.0553496133982918,70.10622707157431,63.59577411861123,66.14184423785164,131.26031991811374,41.015856305204274,66.37133407592773,65.43116722106933
2017-05-05,68.9000015258789,69.02999877929688,68.48999786376953,69.0,19128800,MSFT,1.0562128543113403,70.35989134751343,63.669109506978764,66.78491621090758,116.91042286462395,38.61454599674901,66.50900065104166,65.52550055185954
2017-05-08,68.97000122070312,69.05000305175781,68.41999816894531,68.94000244140625,18566100,MSFT,1.0400664389074166,70.56650997415261,63.78849109396262,66.37311639610938,104.01366961733204,37.484340803535915,66.64100062052408,65.60683396657308
2017-05-09,68.86000061035156,69.27999877929688,68.68000030517578,69.04000091552734,22858400,MSFT,1.0235405907127273,70.74631352508003,63.959687756658255,66.72685677962836,103.16011671727664,39.17016396464379,66.77233403523763,65.69083398183187
2017-05-10,68.98999786376953,69.55999755859375,68.91999816894531,69.30999755859375,17977800,MSFT,1.020466902363566,70.92501709436459,64.1639836075397,67.67659384857036,105.36325804108061,41.16816283343873,66.90633392333984,65.76733392079672
2017-05-11,68.36000061035156,68.7300033569336,68.12000274658203,68.45999908447266,28789400,MSFT,0.9386233434439504,70.92574487631558,64.48625539834262,61.92050986379453,63.97588664098209,28.676180163592612,67.00600051879883,65.83216724395751
2017-05-12,68.61000061035156,68.61000061035156,68.04000091552734,68.37999725341797,18714100,MSFT,0.8574224222297175,70.83376256187437,64.9212377433014,61.41194480545941,55.89618052748885,27.50891148959498,67.09500045776367,65.89633388519287
2017-05-15,68.13999938964844,68.4800033569336,67.56999969482422,68.43000030517578,31530300,MSFT,0.7880211186011792,70.76398585682124,65.28601414317878,61.615782512898434,44.73944711576159,20.84653474397867,67.18066711425782,65.9615006128947
2017-05-16,68.2300033569336,69.44000244140625,68.16000366210938,69.41000366210938,34956000,MSFT,0.8028434861846847,70.73080368099866,65.72119674624744,65.32901487019619,77.26385112768708,28.716499010141533,67.30933380126953,66.04133396148681
2017-05-17,68.88999938964844,69.0999984741211,67.43000030517578,67.4800033569336,30548800,MSFT,0.6513471004181355,70.39533139088442,66.30066928050229,54.57343568869984,30.272982242354676,19.37944883694922,67.36766713460287,66.09116738637289
2017-05-18,67.4000015258789,68.12999725341797,67.13999938964844,67.70999908447266,25201300,MSFT,0.5435778294312428,70.04539835795597,66.87160222187802,55.477078900292305,12.169061443312764,15.923674454593561,67.43933385213217,66.14700069427491
2017-05-19,67.5,68.0999984741211,67.43000030517578,67.69000244140625,26961100,MSFT,0.4513534224654876,69.83942553381289,67.20657513757382,55.377999141195914,13.438141875714473,15.923674454593561,67.50466715494791,66.1981673558553
2017-05-22,67.88999938964844,68.5,67.5,68.44999694824219,16237600,MSFT,0.4345805466418966,69.80090849924215,67.3370919890391,58.30568714131555,31.329737692580157,19.36897250393405,67.59700037638346,66.26200059254964
2017-05-23,68.72000122070312,68.75,68.37999725341797,68.68000030517578,15425800,MSFT,0.43483476588997405,69.80091716153186,67.41308354037244,59.144894090259854,52.78174496976843,21.450107664842168,67.70200042724609,66.33616720835367
2017-05-24,68.87000274658203,68.87999725341797,68.44999694824219,68.7699966430664,14593900,MSFT,0.43725775361245667,69.79181785461988,67.51618232848558,59.47505722587881,55.93428069809923,22.525762241605847,67.8116668701172,66.41600049336752
2017-05-25,68.97000122070312,69.87999725341797,68.91000366210938,69.62000274658203,21854100,MSFT,0.5019798661698189,69.92185697983344,67.5211438136236,62.44070858119902,100.82402585980049,30.138711052985062,67.95800018310547,66.49400049845377
2017-05-26,69.80000305175781,70.22000122070312,69.5199966430664,69.95999908447266,19827900,MSFT,0.5740897207268603,70.11015834424505,67.48284244921199,63.54462133015066,127.26091859586714,32.47261392211337,68.12500025431315,66.59316711425781
2017-05-30,69.79000091552734,70.41000366210938,69.7699966430664,70.41000366210938,17072800,MSFT,0.6599415135874978,70.3243415138464,67.36865927961063,64.95491771231335,144.84994284629593,33.752045630993535,68.28933359781901,66.69583384195964
2017-05-31,70.52999877929688,70.73999786376953,69.80999755859375,69.83999633789062,30436400,MSFT,0.674212943514064,70.40498424896279,67.34201587310753,61.82111004837561,137.3244597468265,35.93297748726037,68.43766682942709,66.78866717020671
2017-06-01,70.23999786376953,70.61000061035156,69.44999694824219,70.0999984741211,21603600,MSFT,0.6984518360217322,70.54998727620102,67.29901251017594,62.6709305463693,128.86169763200556,31.06361667095262,68.60633341471355,66.88366711934408
2017-06-02,70.44000244140625,71.86000061035156,70.23999786376953,71.76000213623047,34770300,MSFT,0.8419048007924772,71.13124524123651,67.0127550029041,67.45544268006452,224.85674947216086,38.92246104949932,68.81500015258788,66.99650052388509
2017-06-05,71.97000122070312,72.88999938964844,71.80999755859375,72.27999877929688,33316800,MSFT,0.9861835817458342,71.74453208957199,66.72746803249832,68.75324965696959,282.3209907124348,44.33206260159478,69.01100006103516,67.12233378092448
2017-06-06,72.30000305175781,72.62000274658203,72.2699966430664,72.5199966430664,31511100,MSFT,1.1071290820897843,72.31497009736192,66.5150294448744,69.3370650619836,250.16948395495103,44.33206260159477,69.17733332316081,67.24883371988932
2017-06-07,72.63999938964844,72.7699966430664,71.94999694824219,72.38999938964844,22301800,MSFT,1.1788999458234883,72.76453997350438,66.40045941614406,68.61867047802843,207.43222366069884,40.20347139500123,69.3263333638509,67.37683372497558
2017-06-08,72.51000213623047,72.5199966430664,71.5,71.94999694824219,24588300,MSFT,1.1865960124448804,73.06358791678603,66.36541141182725,66.21647780899477,159.74553753048355,34.60235020737507,69.46366653442382,67.50250027974447
2017-06-09,72.04000091552734,72.08000183105469,68.58999633789062,70.31999969482422,49187400,MSFT,1.0490749616626402,73.11292557079753,66.5020738188509,58.383757428714894,52.59439268670002,6.215803375471899,69.53199996948243,67.59533360799153
2017-06-12,69.25,69.94000244140625,68.12999725341797,69.77999877929688,47761700,MSFT,0.8862982823278145,73.1142211115422,66.64077843069414,56.10912652536357,-13.3711427402696,2.6749250386619594,69.5759999593099,67.68100026448568
2017-06-13,70.0199966430664,70.81999969482422,69.95999908447266,70.6500015258789,25258600,MSFT,0.8180683591309332,73.16796744416179,66.80903222014486,58.78533563939078,56.40639016786562,8.698409779777101,69.61733322143554,67.77733357747395
2017-06-14,70.91000366210938,71.0999984741211,69.43000030517578,70.2699966430664,25510700,MSFT,0.7249753704289077,73.20127188360802,66.86172707879432,57.20916497357739,41.028524463997215,4.662593666194415,69.64966634114583,67.8663335164388
2017-06-15,69.2699966430664,70.20999908447266,68.80000305175781,69.9000015258789,26068700,MSFT,0.6142621605826974,73.0882951959621,67.21670358333478,55.70478746279594,2.7136149494257635,0.09278520751557716,69.67699966430663,67.96116689046224
2017-06-16,69.7300033569336,70.02999877929688,69.22000122070312,70.0,48345100,MSFT,0.5284979894298658,72.97118737428269,67.56281149656692,56.02807380035979,7.799257099094391,0.09278520751557215,69.71666641235352,68.04400024414062
2017-06-19,70.5,70.94000244140625,70.3499984741211,70.87000274658203,23798300,MSFT,0.5246829976336613,72.85182902469464,68.00016987667254,58.73843261898718,62.069865416168795,6.409472763389314,69.77899983723958,68.14400024414063
2017-06-20,70.81999969482422,70.87000274658203,69.87000274658203,69.91000366210938,21512200,MSFT,0.43913362697921343,72.75648642393799,68.24151314881593,54.87727700361362,29.39436316764415,2.8608475741953203,69.81133321126302,68.22616691589356
2017-06-21,70.20999908447266,70.62000274658203,69.94000244140625,70.2699966430664,19891100,MSFT,0.3958207837567187,72.67232244921631,68.48467675732665,55.999298111279046,30.657786220777112,2.860847574195324,69.85233306884766,68.31233355204265
2017-06-22,70.54000091552734,70.58999633789062,69.70999908447266,70.26000213623047,22965700,MSFT,0.3565781592193389,72.57485199362766,68.73114776223171,55.95933411975026,23.408223469493088,1.1313930541001491,69.88399988810221,68.39516690572103
2017-06-23,70.08999633789062,71.25,69.91999816894531,71.20999908447266,27617300,MSFT,0.39755217678661836,72.60535057597629,68.85964881367214,58.84715490345138,56.970366308617,5.8314215295444916,69.97566655476888,68.49083353678385
2017-06-26,71.4000015258789,71.70999908447266,70.44000244140625,70.52999877929688,19607000,MSFT,0.37087877957561943,72.60142091021623,68.92057844891463,56.122188732279696,59.593967748603056,8.95207819574266,70.04733327229818,68.57116686503092
2017-06-27,70.11000061035156,70.18000030517578,69.18000030517578,69.20999908447266,25215100,MSFT,0.24045515904457204,72.66377772043471,68.73822118093248,51.34752149246041,-33.22888863011056,0.40056608749933775,70.07333323160807,68.62700017293294
2017-06-28,69.20999908447266,69.83999633789062,68.79000091552734,69.80000305175781,25806200,MSFT,0.1825970245766655,72.66554932805892,68.732450244695,53.1889760613879,-38.15525739113316,3.064943055195956,70.08633321126302,68.69783350626628
2017-06-29,69.37999725341797,69.48999786376953,68.08999633789062,68.48999786376953,28918700,MSFT,0.03068386121300648,72.80751722582922,68.42948228588953,48.93480236166,-96.64211271890503,7.651923254335946,70.11999969482422,68.74383341471354
2017-06-30,68.77999877929688,69.37999725341797,68.73999786376953,68.93000030517578,24161100,MSFT,-0.05358618724990549,72.72052110875552,68.23347821985777,50.3155657560426,-80.83072506946007,7.651923254335942,70.160666402181,68.80000012715658
2017-07-03,69.33000183105469,69.5999984741211,68.0199966430664,68.16999816894531,16165500,MSFT,-0.17962601173067583,72.57186299550632,67.9711362720718,47.99663377165111,-118.42454724365672,12.223871280939544,70.17666625976562,68.84066670735677
2017-07-05,68.26000213623047,69.44000244140625,68.22000122070312,69.08000183105469,21176300,MSFT,-0.20373525716154006,72.19750345941547,68.00149632696149,50.805027266813994,-98.82466894388082,12.223871280939521,70.19766642252604,68.89733339945475
2017-07-06,68.2699966430664,68.77999877929688,68.12000274658203,68.56999969482422,21117600,MSFT,-0.26098642889741086,71.81533267006066,68.00166714683388,49.262630135825724,-131.71755100836606,12.8650402837975,70.19399973551432,68.94800008138021
2017-07-07,68.69999694824219,69.83999633789062,68.69999694824219,69.45999908447266,16878300,MSFT,-0.231870028902037,71.43798986224319,68.13001016827438,51.89887487083391,-68.09778502655836,4.495021299189409,70.21699981689453,69.01433334350585
2017-07-10,69.45999908447266,70.25,69.19999694824219,69.9800033569336,15014500,MSFT,-0.16493381880732727,71.40470290540752,68.129297491321,53.36349249101695,-30.591849502148747,1.4836169912919444,70.22899983723958,69.09350001017252
2017-07-11,70.0,70.68000030517578,69.75,69.98999786376953,17460000,MSFT,-0.10981404888516977,71.41824371053676,68.13675659463902,53.39170943062765,-4.016034673493237,1.593208228030402,70.22999979654948,69.17750002543131
2017-07-12,70.69000244140625,71.27999877929688,70.55000305175781,71.1500015258789,17750900,MSFT,0.02715830286182097,71.51297491784781,68.09202538732798,56.54825700223365,62.77219030988887,5.719258521449886,70.25466639200846,69.27199999491374
2017-07-13,71.5,72.04000091552734,71.30999755859375,71.7699966430664,20269800,MSFT,0.18362162707897767,71.7934815888095,67.96151871636627,58.11660769285197,109.38481495088479,10.629378948970686,70.31899973551432,69.3783332824707
2017-07-14,72.23999786376953,73.2699966430664,71.95999908447266,72.77999877929688,25868100,MSFT,0.384684269431844,72.33605127839502,67.70694875212257,60.51815265663611,160.31996462880812,17.796906372915462,70.40833307902018,69.50733324686686
2017-07-17,72.80000305175781,73.44999694824219,72.72000122070312,73.3499984741211,21803900,MSFT,0.5832981754842166,72.94060295929846,67.43739691863122,61.797009183344834,176.94645887765324,18.78299164160765,70.46133295694987,69.63816655476889
2017-07-18,73.08999633789062,73.38999938964844,72.66000366210938,73.30000305175781,26435300,MSFT,0.7282718496616951,73.38443439799387,67.23656551045339,61.61591847758443,166.54914427323754,18.293695824254907,70.49533309936524,69.7531665802002
2017-07-19,73.5,74.04000091552734,73.44999694824219,73.86000061035156,22416200,MSFT,0.8782279882394306,73.95814184036357,67.05785776290793,62.87646022433842,195.6236565362593,21.899285532689223,70.53999989827474,69.85866661071778
2017-07-20,74.18000030517578,74.30000305175781,73.27999877929688,74.22000122070312,42361000,MSFT,1.0144246926433027,74.53017649123774,66.88082356979743,63.669898329461866,190.25320732027095,23.29984887620348,70.6009999593099,69.9636666615804
2017-07-21,73.44999694824219,74.29000091552734,73.16999816894531,73.79000091552734,46717100,MSFT,1.0752690983287039,74.93886797079517,66.82513196816967,62.03170124265266,166.295370932758,22.339660476027564,70.66233342488607,70.06299997965495
2017-07-24,73.52999877929688,73.75,73.12999725341797,73.5999984741211,21394800,MSFT,1.0955285479320906,75.2359618883316,66.76703798959808,61.310624633046444,135.5346905767147,21.98231451843384,70.7716667175293,70.15183334350586
2017-07-25,73.80000305175781,74.30999755859375,73.5,74.19000244140625,22018700,MSFT,1.145982523810119,75.64355658415286,66.72544365998777,62.703322370963484,142.40494456383016,25.148676382635248,70.91866683959961,70.24733339945475
2017-07-26,74.33999633789062,74.37999725341797,73.80999755859375,74.05000305175781,16252200,MSFT,1.1612843197105747,75.95910262397064,66.8938980168985,62.15412358790799,129.61644483377654,25.539451574096994,71.03200022379558,70.32466672261556
2017-07-27,73.76000213623047,74.41999816894531,72.31999969482422,73.16000366210938,36844200,MSFT,1.0890417945927169,76.12234072300136,67.06665997890293,58.769002884018384,88.35001630690272,12.595649419982932,71.128333791097,70.38900006612143
2017-07-28,72.66999816894531,73.30999755859375,72.54000091552734,73.04000091552734,18306700,MSFT,1.0104579242506162,76.1456872190476,67.49831378803248,58.325914359957046,69.0080858777899,12.595649419982923,71.23300043741862,70.45500005086264
2017-07-31,73.30000305175781,73.44000244140625,72.41000366210938,72.69999694824219,23600100,MSFT,0.9102513512447246,76.12707367412995,67.89392699725678,57.064879365896054,59.830862605880796,13.42908907133736,71.32300033569337,70.51983337402343
2017-08-01,73.0999984741211,73.41999816894531,72.48999786376953,72.58000183105469,22132300,MSFT,0.8117964331169532,75.93297167755891,68.52902936003873,56.617966664600125,55.185400712872294,13.429089071337366,71.38000030517578,70.57950007120768
2017-08-02,72.55000305175781,72.55999755859375,71.44000244140625,72.26000213623047,26499200,MSFT,0.6998811064141535,75.78235208463934,68.9976489834759,55.420580835922024,25.00479022736233,4.792439220292038,71.45833358764648,70.63483339945475
2017-08-03,72.19000244140625,72.44000244140625,71.8499984741211,72.1500015258789,18214400,MSFT,0.5954473276142522,75.45225921377804,69.68574203744268,55.00689962086691,25.183859531435274,4.792439220292051,71.52100041707357,70.68666674296061
2017-08-04,72.4000015258789,73.04000091552734,72.23999786376953,72.68000030517578,22579000,MSFT,0.5491193713176017,75.21429304009361,70.24570833319741,56.620809220068374,41.87420903220379,9.02825111970015,71.60166702270507,70.74283345540364
2017-08-07,72.80000305175781,72.9000015258789,72.26000213623047,72.4000015258789,18705700,MSFT,0.484228683889782,74.98193614147425,70.72006504871129,55.53217374260532,34.59167424443205,9.028251119700146,71.64133377075196,70.80850016276041
2017-08-08,72.08999633789062,73.12999725341797,71.75,72.79000091552734,22044600,MSFT,0.4589811885392123,74.64506072344224,71.33694077191907,56.73088738014717,34.030200275831604,4.787497333937784,71.71666717529297,70.88200022379557
2017-08-09,72.25,72.51000213623047,72.05000305175781,72.47000122070312,22213400,MSFT,0.40844279130092787,74.49268401584642,71.62131744899732,55.46185463644057,23.04638633288292,4.78749733393779,71.82533391316731,70.9493335723877
2017-08-10,71.9000015258789,72.19000244140625,71.3499984741211,71.41000366210938,24734500,MSFT,0.27963435242241985,74.54969112474625,71.52831104200179,51.51318997221254,-8.809543428141572,0.8756734756206888,71.87900060017904,70.98266690572103
2017-08-11,71.61000061035156,72.69999694824219,71.27999877929688,72.5,21443700,MSFT,0.26248061840435355,74.55091042734226,71.49909186147609,54.92682763652638,9.095165532211235,3.07240262618747,72.01266733805339,71.0663335164388
2017-08-14,73.05999755859375,73.72000122070312,72.94999694824219,73.58999633789062,20096600,MSFT,0.3330011259039196,74.5773777700121,71.49662430518322,57.98670361183541,67.12585957726901,10.333295450431416,72.16800053914388,71.16433347066244
2017-08-15,73.58999633789062,73.58999633789062,73.04000091552734,73.22000122070312,19181400,MSFT,0.3549420711389928,74.57091554652754,71.4950863455623,56.636569686400954,57.6174407796739,10.333295450431427,72.33633397420247,71.25650011698404
2017-08-16,73.33999633789062,74.0999984741211,73.16999816894531,73.6500015258789,18150400,MSFT,0.4023893651561252,74.53936531648111,71.50563666716147,57.817374366200376,76.33462578722089,13.788886581543094,72.48866729736328,71.34316685994466
2017-08-17,73.58000183105469,73.87000274658203,72.4000015258789,72.4000015258789,22977500,MSFT,0.3352624375039568,74.36177859476719,71.50122341939296,53.441195109700246,23.32985421908124,7.328671334727477,72.6163340250651,71.40516688028971
2017-08-18,72.2699966430664,72.83999633789062,71.93000030517578,72.48999786376953,18761500,MSFT,0.2860286557563114,74.2498947688439,71.48310694014047,53.70219194974891,-22.220044715114362,3.6141767281617025,72.717333984375,71.46716690063477
2017-08-21,72.47000122070312,72.4800033569336,71.69999694824219,72.1500015258789,17734800,MSFT,0.21707337921908731,74.16748500604169,71.42051700811848,52.550897991785426,-61.945430657368284,1.8300795447148803,72.78966725667318,71.50933354695638
2017-08-22,72.3499984741211,73.23999786376953,72.3499984741211,73.16000366210938,14343700,MSFT,0.24114479018727764,73.96447272492729,71.52052941130317,55.48371164695281,7.608214589364326,7.286903565487732,72.89533411661783,71.56266695658366
2017-08-23,72.95999908447266,73.1500015258789,72.52999877929688,72.72000122070312,13766500,MSFT,0.22215615912213593,73.73183883593704,71.62016311718797,53.98006454276481,-13.297957112295968,7.28690356548773,72.94766743977864,71.60116691589356
2017-08-24,72.73999786376953,72.86000061035156,72.06999969482422,72.69000244140625,17098300,MSFT,0.20235426738504714,73.68361292783544,71.62138890321924,53.87708374546045,-50.973915352631366,3.558356029628143,72.9783342997233,71.64866701761882
2017-08-25,72.86000061035156,73.3499984741211,72.4800033569336,72.81999969482422,12794300,MSFT,0.1949040844746861,73.65982160619019,71.6231801027942,54.268190294909814,-7.7873525103000585,7.115462560816075,72.97966766357422,71.69400037129721
2017-08-28,73.05999755859375,73.08999633789062,72.55000305175781,72.83000183105469,14569700,MSFT,0.18764380862342023,73.66954865942503,71.6264535378406,54.29903534944779,-14.251378653443448,7.115462560816067,72.96233444213867,71.71183369954427
2017-08-29,72.25,73.16000366210938,72.05000305175781,73.05000305175781,11478400,MSFT,0.19736712225900988,73.70797736119886,71.63502495813708,54.989805599895064,-22.033066815490937,2.968234991629143,72.95400110880534,71.72466710408528
2017-08-30,73.01000213623047,74.20999908447266,72.83000183105469,74.01000213623047,16897800,MSFT,0.2793170286008575,73.93525500539877,71.58274731393718,57.86470890398146,102.70385001652319,10.49636372905131,72.95900115966796,71.74950052897135
2017-08-31,74.02999877929688,74.95999908447266,73.80000305175781,74.7699966430664,27652800,MSFT,0.40096603806242115,74.33382448181328,71.4461773492414,59.9591975802533,200.96998753524343,15.349259693533712,72.9773343404134,71.78916714986165
2017-09-01,74.70999908447266,74.73999786376953,73.63999938964844,73.94000244140625,21736200,MSFT,0.42549531385500927,74.46651895358781,71.43948309108993,56.77099168376387,143.8338086900039,13.985301466610695,72.98233439127604,71.82233390808105
2017-09-05,73.33999633789062,73.88999938964844,72.9800033569336,73.61000061035156,21556000,MSFT,0.4135395255872396,74.53067519445645,71.49632675866854,55.555965064627465,67.75470536502323,8.510208293182341,72.98266779581705,71.87716725667318
2017-09-06,73.73999786376953,74.04000091552734,73.3499984741211,73.4000015258789,16535800,MSFT,0.3827076901421549,74.56677264876768,71.52122936539249,54.78410566567275,84.9310907457771,9.531890397392754,72.95633443196614,71.93750063578288
2017-09-07,73.68000030517578,74.5999984741211,73.5999984741211,74.33999633789062,17471200,MSFT,0.429175693641767,74.73945634753069,71.53554517834822,57.51718417740442,157.94804064596983,13.272263068047558,72.96600087483723,71.9990005493164
2017-09-08,74.33000183105469,74.44000244140625,73.83999633789062,73.9800033569336,14703800,MSFT,0.4319739692002571,74.68653159858079,71.84546989678054,56.172027368157586,134.25676109987674,13.272263068047558,72.99333419799805,72.06083399454752
2017-09-11,74.30999755859375,74.94000244140625,74.30999755859375,74.76000213623047,17910400,MSFT,0.4914656949042353,74.89903998404105,71.85896172494333,58.355062186511866,174.61414023416157,16.56821799277097,73.05066757202148,72.14183400472005
2017-09-12,74.76000213623047,75.23999786376953,74.37000274658203,74.68000030517578,14394900,MSFT,0.5260933602017985,75.05983953527885,71.80716257043403,58.04828157461663,161.07211613830276,18.490855735648243,73.11666768391927,72.21983400980632
2017-09-13,74.93000030517578,75.2300033569336,74.55000305175781,75.20999908447266,13380800,MSFT,0.5895070363736892,75.33802309696918,71.72797879512066,59.50718174959566,161.44456629404726,18.49085573564823,73.2043342590332,72.29216728210449
2017-09-14,75.0,75.48999786376953,74.5199966430664,74.7699966430664,15733900,MSFT,0.5973721772352292,75.47689835473606,71.70110304907253,57.78147144543598,141.4754345848853,20.19648263023024,73.2880007425944,72.37316716512045
2017-09-15,74.83000183105469,75.38999938964844,74.06999969482422,75.30999755859375,38578400,MSFT,0.6398036606048834,75.6840999574399,71.78490104964017,59.28067880641171,129.6143933440663,15.855741216316725,73.3933339436849,72.45716718037923
2017-09-18,75.2300033569336,75.97000122070312,75.04000091552734,75.16000366210938,23307000,MSFT,0.6537911653988289,75.82443587218721,71.91156571472685,58.681901763617155,151.78634315804572,19.721327666858205,73.47600072224935,72.53883387247721
2017-09-19,75.20999908447266,75.70999908447266,75.01000213623047,75.44000244140625,16093300,MSFT,0.6796355100627949,75.93317905218548,72.1318226262813,59.47241385701145,138.15266548691693,19.427769816597117,73.57733408610027,72.60933392842611
2017-09-20,75.3499984741211,75.55000305175781,74.30999755859375,74.94000244140625,21587900,MSFT,0.6522527543429675,76.01684865515759,72.22615290123889,57.44222440596169,96.88284761215178,12.753949764934466,73.64900080362956,72.68283398946126
2017-09-21,75.11000061035156,75.23999786376953,74.11000061035156,74.20999908447266,19186100,MSFT,0.5651320625068763,75.9728256480264,72.41917569474703,54.62580726574292,61.94356512881895,10.921920960137465,73.70700073242188,72.7661673227946
2017-09-22,73.98999786376953,74.51000213623047,73.8499984741211,74.41000366210938,14111400,MSFT,0.5063896399110916,75.91237715909043,72.65162430575333,55.24770556781233,37.85876901644019,8.549962838710787,73.80700073242187,72.84300066630045
2017-09-25,74.08999633789062,74.25,72.91999816894531,73.26000213623047,24149200,MSFT,0.3628575387769075,75.86156025636907,72.7464414526153,51.083139308407155,-27.377929184696967,0.5906312144314406,73.83233413696288,72.92250073750814
2017-09-26,73.66999816894531,73.80999755859375,72.98999786376953,73.26000213623047,18019600,MSFT,0.24626848473984353,75.80742521037219,72.84357652912978,51.083139308407155,-37.152190514562974,0.5906312144314393,73.82133433024089,72.99466743469239
2017-09-27,73.55000305175781,74.16999816894531,73.16999816894531,73.8499984741211,19565100,MSFT,0.19918254075632547,75.74189425268311,72.98910702905518,53.02715517822743,-7.881991783480429,3.5211577859281245,73.84233423868815,73.0893341064453
2017-09-28,73.54000091552734,73.97000122070312,73.30999755859375,73.87000274658203,10883800,MSFT,0.16161773981734484,75.74390131756427,72.97310002520918,53.092540436402345,-9.222729060039242,3.521157785928134,73.84966761271158,73.16916745503744
2017-09-29,73.94000244140625,74.54000091552734,73.87999725341797,74.48999786376953,17079100,MSFT,0.17980313031239348,75.71800057440174,72.97100089044201,55.09655735332066,36.21236517584026,8.111020296190079,73.91933415730794,73.26783409118653
2017-10-02,74.70999908447266,75.01000213623047,74.30000305175781,74.61000061035156,15304800,MSFT,0.20157477352942976,75.74261433720194,73.01338694453635,55.47741790103991,60.56460742066452,11.694484281667854,73.99000091552735,73.35366744995117
2017-10-03,74.66999816894531,74.87999725341797,74.19000244140625,74.26000213623047,12190400,MSFT,0.18841507414248326,75.72825674977709,73.09274468454909,54.093129193957985,39.366644354943034,10.649741488002764,74.06033426920573,73.42500076293945
2017-10-04,74.08999633789062,74.72000122070312,73.70999908447266,74.69000244140625,13317700,MSFT,0.21025960666938204,75.70806216895264,73.24193935692628,55.50422052985415,29.640009462252287,6.167040164694014,74.11133422851563,73.50333417256674
2017-10-05,75.22000122070312,76.12000274658203,74.95999908447266,75.97000122070312,21195300,MSFT,0.3270863127620629,75.95620371425737,73.15679829990277,59.351761178474,151.40936765595055,16.387451014028027,74.21966756184896,73.5836675008138
2017-10-06,75.66999816894531,76.02999877929688,75.54000091552734,76.0,13959800,MSFT,0.41728279351634967,76.16909580763172,73.14590587083507,59.43679934691596,160.54917224888106,16.387451014028024,74.33000081380209,73.6541675567627
2017-10-09,75.97000122070312,76.55000305175781,75.86000061035156,76.29000091552734,11386500,MSFT,0.5063281686392145,76.4130275686992,73.05497398769727,60.26804828995424,184.4894761001143,19.857232998766516,74.44566752115885,73.71266759236654
2017-10-10,76.33000183105469,76.62999725341797,76.13999938964844,76.29000091552734,13944500,MSFT,0.5703229420985565,76.63135102432524,72.9976505931064,60.26804828995424,182.05165215468762,20.383021723344815,74.56100082397461,73.76166763305665
2017-10-11,76.36000061035156,76.45999908447266,75.94999694824219,76.41999816894531,15388900,MSFT,0.6243320418952294,76.82314348718604,72.92685803869286,60.654835034529,161.0767146457581,18.473207982237284,74.67333399454752,73.81366755167643
2017-10-12,76.48999786376953,77.29000091552734,76.37000274658203,77.12000274658203,16876500,MSFT,0.7153727896169642,77.18244780905411,72.80255432717635,62.67868618123125,197.80410635086648,23.927010203212426,74.77700068155924,73.86800092061361
2017-10-13,77.58999633789062,77.87000274658203,77.29000091552734,77.48999786376953,15335700,MSFT,0.8080638943071676,77.55868959723186,72.64431256951617,63.69966378078332,216.25404905496217,27.436090258342677,74.86766738891602,73.92250086466471
2017-10-16,77.41999816894531,77.80999755859375,77.3499984741211,77.6500015258789,12380100,MSFT,0.8842402497249395,77.93508357912533,72.51691837399967,64.1385423904845,192.56451108017757,27.436090258342677,74.9913340250651,73.98683420817058
2017-10-17,77.47000122070312,77.62000274658203,77.25,77.58999633789062,16824000,MSFT,0.9290590288625964,78.2416530728933,72.42534826988013,63.83910729070008,162.3000605234167,26.360652763395937,75.1240005493164,74.05333417256674
2017-10-18,77.66999816894531,77.8499984741211,77.37000274658203,77.61000061035156,13300700,MSFT,0.955181672099954,78.53958156102351,72.39441959864445,63.89723474532127,152.1554447191851,27.81015371380411,75.26433385213217,74.11033414204915
2017-10-19,77.56999969482422,77.93000030517578,77.3499984741211,77.91000366210938,15092800,MSFT,0.988694736632965,78.84894970168718,72.45505191574448,64.77567259438496,143.40001124674305,28.3178720857587,75.38333409627279,74.17466748555502
2017-10-20,78.31999969482422,78.97000122070312,78.22000122070312,78.80999755859375,22866400,MSFT,1.0754786195435457,79.30587754547605,72.43812346160402,67.24873883471629,175.70209462735426,34.511809381499425,75.5443339029948,74.26883405049642
2017-10-23,78.98999786376953,79.33999633789062,78.76000213623047,78.83000183105469,20627200,MSFT,1.1328113060140481,79.59588401635185,72.70511696021066,67.30152583471528,169.7169435743652,36.530215108517126,75.68000055948893,74.3653340657552
2017-10-24,78.9000015258789,79.19999694824219,78.45999908447266,78.86000061035156,17517200,MSFT,1.1672136119275507,79.79608732119861,73.06491350277601,67.38307996864668,145.58688921780845,33.08955024473082,75.81933390299479,74.46800079345704
2017-10-25,78.58000183105469,79.0999984741211,78.01000213623047,78.62999725341797,20410800,MSFT,1.1625175597462487,79.94108323177804,73.39791747012626,66.07595889731842,120.86635515172006,28.081072966577135,75.93333384195964,74.56883405049642
2017-10-26,79.19999694824219,79.41999816894531,78.75,78.76000213623047,32120700,MSFT,1.1559610131077989,80.03195731922237,73.79604332164676,66.45643113400945,125.86753790919023,30.01842574843412,76.0663340250651,74.67716738382975
2017-10-27,84.37000274658203,86.19999694824219,83.61000061035156,83.80999755859375,71066700,MSFT,1.5404994103960234,81.57307066754828,73.18692994280329,76.87737578228877,299.8031786109457,55.99834628712313,76.34966735839843,74.87150065104167
2017-10-30,83.69999694824219,84.33000183105469,83.11000061035156,83.88999938964844,31756700,MSFT,1.8306022961003379,82.74115315398535,72.94684733429591,76.9945040234424,229.78042021545897,51.701905873121426,76.64066721598307,75.0583339691162
2017-10-31,84.36000061035156,84.36000061035156,83.11000061035156,83.18000030517578,27086600,MSFT,1.9803912135335224,83.43146302661134,73.14853727856445,73.57294708306405,194.30722606248787,51.784326113156254,76.89866714477539,75.23800061543783
2017-11-01,83.68000030517578,83.76000213623047,82.87999725341797,83.18000030517578,22307400,MSFT,2.0751786421375016,84.00426488164021,73.42473520991251,73.57294708306405,166.18610547530966,49.757362683162356,77.17333374023437,75.41116727193197
2017-11-02,83.3499984741211,84.45999908447266,83.12000274658203,84.05000305175781,23992900,MSFT,2.1951954660743525,84.74893723610496,73.48806303855325,75.02815175925217,165.027686399932,51.78453458803137,77.50133387247722,75.60416730244954
2017-11-03,84.08000183105469,84.54000091552734,83.4000015258789,84.13999938964844,17633500,MSFT,2.271388463736102,85.3791734702356,73.67182674338744,75.17443747334923,151.05734471990272,52.013444587352474,77.82566706339519,75.81633389790854
2017-11-06,84.19999694824219,84.69999694824219,84.08000183105469,84.47000122070312,19860900,MSFT,2.3315239958488405,85.9763733461576,73.89262689798304,75.71409749344048,143.88417450613156,52.48019594057759,78.19933369954427,76.01583391825358
2017-11-07,84.7699966430664,84.9000015258789,83.93000030517578,84.2699966430664,17939700,MSFT,2.3361138738368226,86.4158339703407,74.25116584655383,74.69605557878246,130.01823419781417,53.070486771829174,78.5663335164388,76.19383392333984
2017-11-08,84.13999938964844,84.61000061035156,83.83000183105469,84.55999755859375,18034200,MSFT,2.336221527928302,86.80957677488793,74.67142298097146,75.19630656569586,117.56786409721852,52.093298671557406,78.92333348592122,76.3828338623047
2017-11-09,84.11000061035156,84.2699966430664,82.9000015258789,84.08999633789062,21178400,MSFT,2.2721892902751932,87.08271793302819,75.09528118196204,72.78386008479208,94.99704330882089,43.29247986067338,79.26399993896484,76.55683377583821
2017-11-10,83.79000091552734,84.0999984741211,83.2300033569336,83.87000274658203,19397800,MSFT,2.1785783413511126,87.27293713725017,75.54306246602131,71.67049933087532,86.08445026601862,43.292479860673396,79.57666676839193,76.74800046284993
2017-11-13,83.66000366210938,83.94000244140625,83.45999908447266,83.93000030517578,14196900,MSFT,2.085195456226046,87.40955019903014,76.03444928217102,71.79223456996758,79.7698694330268,43.292479860673396,79.88733342488607,76.9386671702067
2017-11-14,83.5,84.0999984741211,82.9800033569336,84.05000305175781,18801300,MSFT,1.9978421846306134,87.47229282956678,76.61770732302111,72.04082398129826,72.36795753116019,38.70648239894693,80.21366678873697,77.13700052897136
2017-11-15,83.47000122070312,83.69000244140625,82.69000244140625,82.9800033569336,19383100,MSFT,1.8212794784131034,87.33297430828549,77.2940261189606,66.62497292065439,55.66332834621318,35.98634423340194,80.4900001525879,77.30066719055176
2017-11-16,83.0999984741211,83.41999816894531,82.94000244140625,83.19999694824219,20962800,MSFT,1.6797408984506461,87.15879994643349,77.99719980942588,67.15022772881542,52.95983220178338,35.98634423340196,80.73100001017252,77.47533378601074
2017-11-17,83.12000274658203,83.12000274658203,82.23999786376953,82.4000015258789,22079000,MSFT,1.4858892035513378,86.98428557959068,78.53071457299723,63.39689450062587,36.71451711825397,29.42977822867659,80.94433339436848,77.6371671040853
2017-11-20,82.4000015258789,82.58999633789062,82.25,82.52999877929688,16315000,MSFT,1.3274480359849292,86.74842784941697,79.13657199799513,63.73761318612388,30.598655454059223,29.42977822867659,81.1523333231608,77.79900042215984
2017-11-21,82.73999786376953,83.83999633789062,82.73999786376953,83.72000122070312,21237500,MSFT,1.283114574830151,86.4801812298002,79.89081867864707,66.6751489794332,50.008852378607685,35.38339557236312,81.4,77.98050041198731
2017-11-22,83.83000183105469,83.9000015258789,83.04000091552734,83.11000061035156,20553100,MSFT,1.1850969759505858,85.91467229395522,80.9043279501854,63.928961975065185,44.99921826853438,35.65297698167873,81.62300008138021,78.14816703796387
2017-11-24,83.01000213623047,83.43000030517578,82.77999877929688,83.26000213623047,7425600,MSFT,1.1067631159190228,84.86588652759929,82.40311371654133,64.30297506285675,37.14286357875994,33.162744368860444,81.82766672770182,78.30233370463053
2017-11-27,83.30999755859375,83.9800033569336,83.30000305175781,83.87000274658203,18265200,MSFT,1.081438765826391,84.87097782635759,82.40402293658185,65.79499842574401,50.31697098070435,35.744026842344994,82.0403335571289,78.45400047302246
2017-11-28,84.06999969482422,85.05999755859375,84.0199966430664,84.87999725341797,21926000,MSFT,1.1298430246657887,85.03708832813201,82.33691222118439,68.08015701993746,76.91804321864824,40.418253163250114,82.28133341471354,78.63633371988932
2017-11-29,84.70999908447266,84.91999816894531,83.18000030517578,83.33999633789062,27381100,MSFT,1.0320418094162278,85.0342918883061,82.3557082642818,61.58990596219632,48.295408302191525,32.654065541413324,82.4730000813802,78.7985003153483
2017-11-30,83.51000213623047,84.5199966430664,83.33999633789062,84.16999816894531,33054600,MSFT,1.0098667377302917,85.07680946288025,82.41219047608459,63.528453499185474,54.032224364504216,32.654065541413324,82.69166666666666,78.97800025939941
2017-12-01,83.5999984741211,84.80999755859375,83.22000122070312,84.26000213623047,29532100,MSFT,0.9881644568739887,85.10068981950074,82.40931002791136,63.73377728746929,56.94422267009378,34.00231315332321,82.9033332824707,79.14333368937174
2017-12-04,84.41999816894531,84.43000030517578,80.69999694824219,81.08000183105469,39094900,MSFT,0.7062248739454873,85.38737319611666,81.81662689543607,52.8574958043165,-50.41660051553634,13.564834609048665,82.97900009155273,79.26166699727376
2017-12-05,81.33999633789062,82.68000030517578,80.9800033569336,81.58999633789062,26152300,MSFT,0.5179672140887419,85.40578713374858,81.5102124695229,54.15545209655426,-82.05636537810383,13.564834609048676,83.07099990844726,79.3755002339681
2017-12-06,81.55000305175781,83.13999938964844,81.43000030517578,82.77999877929688,26162100,MSFT,0.45949810594748897,85.31442553415164,81.45257428274289,57.01236242640806,-55.46464740955555,16.065512003814476,83.20166651407878,79.51050020853678
2017-12-07,82.54000091552734,82.80000305175781,82.0,82.48999786376953,23184500,MSFT,0.38531855381813784,85.1668075681135,81.39319227929862,56.13053646317702,-80.71286001677989,16.065512003814472,83.3303332010905,79.63183352152507
2017-12-08,83.62999725341797,84.58000183105469,83.33000183105469,84.16000366210938,24489100,MSFT,0.4560294122303077,85.1768833384678,81.39011724136617,59.831706929794265,57.09360433939888,25.045470586005614,83.51033325195313,79.78833363850912
2017-12-11,84.29000091552734,85.37000274658203,84.12000274658203,85.2300033569336,22857900,MSFT,0.5915888420579591,85.42289349390812,81.28010714696102,61.95895498306618,152.33951102445369,28.55490748405809,83.55766677856445,79.95366706848145
2017-12-12,85.30999755859375,86.05000305175781,85.08000183105469,85.58000183105469,23924100,MSFT,0.7189747255615373,85.72246632621544,81.1455344672416,62.62865337964113,202.14720221943008,31.414326073649555,83.61400019327799,80.12733370463053
2017-12-13,85.73999786376953,86.0,85.16999816894531,85.3499984741211,22062700,MSFT,0.7922371901401846,85.93051268959185,81.0674876461015,61.887983922585995,175.68546789892378,31.414326073649555,83.68633346557617,80.29250030517578
2017-12-14,85.43000030517578,85.87000274658203,84.52999877929688,84.69000244140625,19306000,MSFT,0.7879589567571372,86.05904957871715,81.10995066542347,59.78902826201161,121.92051020012457,26.32216807900868,83.73666687011719,80.45500030517579
2017-12-15,85.26000213623047,87.08999633789062,84.87999725341797,86.8499984741211,53936700,MSFT,0.9479348510837724,86.63003640613297,80.90396399059554,63.930647425956224,207.55611286286398,31.55237406759136,83.83000005086264,80.66566696166993
2017-12-18,87.12000274658203,87.5,86.2300033569336,86.37999725341797,22283800,MSFT,1.0249764389920415,86.97834956579675,80.95365040368569,62.482042035024435,209.84192350849912,33.20093788667217,83.90466664632162,80.8651668548584
2017-12-19,86.3499984741211,86.3499984741211,85.2699966430664,85.83000183105469,23524800,MSFT,1.0297817355522483,87.17352643896683,81.08847383569136,60.81392179608218,132.66534037937924,25.85850900654978,83.95,81.07466684977213
2017-12-20,86.19999694824219,86.30000305175781,84.70999908447266,85.5199966430664,23674900,MSFT,0.9970814060598627,87.31833261202861,81.12366720486592,59.881741956345685,103.75429191920021,21.806792116999375,83.99166666666666,81.27900009155273
2017-12-21,86.05000305175781,86.0999984741211,85.4000015258789,85.5,17990700,MSFT,0.9585035649188285,87.44176952807726,81.23923022778212,59.8205550461511,105.9154330172704,21.80679211699939,84.0230000813802,81.47316678365071
2017-12-22,85.4000015258789,85.62999725341797,84.91999816894531,85.51000213623047,14145800,MSFT,0.9181535342663807,87.55247467270088,81.35352508315849,59.841787363654014,79.01603117207097,18.313026802127983,84.07033360799154,81.66716677347819
2017-12-26,85.30999755859375,85.52999877929688,85.02999877929688,85.4000015258789,9891200,MSFT,0.867301996783965,87.64387787152675,81.4151217622623,59.48416847585108,71.17637752146634,18.313026802127975,84.12133356730143,81.84900016784668
2017-12-27,85.6500015258789,85.9800033569336,85.22000122070312,85.70999908447266,14678000,MSFT,0.8423064151481299,87.7268866579611,81.41511315893342,60.17795504050223,82.72057081312707,20.597957681380702,84.18066685994467,82.03400014241537
2017-12-28,85.9000015258789,85.93000030517578,85.55000305175781,85.72000122070312,10594300,MSFT,0.813921939945871,87.82988998128126,81.55011032389451,60.2007025724212,81.54741919962792,20.5979576813807,84.23633346557617,82.22500012715658
2017-12-29,85.62999725341797,86.05000305175781,85.5,85.54000091552734,18717400,MSFT,0.7680489285916536,87.91037750851481,81.60662307131918,59.56723859226008,74.16929515185328,21.22676805131703,84.3216667175293,82.4058334350586
2018-01-02,86.12999725341797,86.30999755859375,85.5,85.94999694824219,22483800,MSFT,0.7560620769655628,88.02903624994498,81.65696381109016,60.545481664672955,80.76733622486283,22.600563470805973,84.41333338419597,82.57216669718424
2018-01-03,86.05999755859375,86.51000213623047,85.97000122070312,86.3499984741211,26061400,MSFT,0.7699635305825723,87.81860422677858,82.39439549856323,61.485936556920564,94.56143074585536,23.66004723753582,84.54499994913736,82.74466667175292
2018-01-04,86.58999633789062,87.66000366210938,86.56999969482422,87.11000061035156,21912000,MSFT,0.83270742071592,87.67956313188067,83.08543702070723,63.2095988049705,133.05734906616698,29.4077618603228,84.69766667683919,82.925
2018-01-05,87.66000366210938,88.41000366210938,87.43000030517578,88.19000244140625,23407100,MSFT,0.9585301881613333,87.93376736416734,83.3722331546315,65.48065710873416,168.82298948439137,32.820224923456514,84.8466667175293,83.12333335876465
2018-01-08,88.19999694824219,88.58000183105469,87.5999984741211,88.27999877929688,22113000,MSFT,1.0533650535624162,87.99082952537873,83.89417108497284,65.66337244452387,164.7147632961657,33.573165670778806,85.01899998982748,83.32100003560384
2018-01-09,88.6500015258789,88.7300033569336,87.86000061035156,88.22000122070312,19484300,MSFT,1.110875583848511,88.25387381183336,84.03712655437758,65.42454447533422,160.4477088538013,34.24586349701027,85.18433329264323,83.50600001017253
2018-01-10,87.86000061035156,88.19000244140625,87.41000366210938,87.81999969482422,18652200,MSFT,1.1113651871780803,88.46326040384875,84.08673959615126,63.82353399125511,129.05743420272188,30.15536998820983,85.31599985758463,83.67816670735677
2018-01-11,88.12999725341797,88.12999725341797,87.23999786376953,88.08000183105469,17808900,MSFT,1.1198245603443695,88.70367241054579,84.09632758945422,64.40917310089222,120.57564271767686,28.623672072155227,85.4226666768392,83.85200004577636
2018-01-12,88.66999816894531,89.77999877929688,88.44999694824219,89.5999984741211,24271500,MSFT,1.234944034376312,89.26588585135457,83.95911414864543,67.58288342375141,179.3349165792773,36.166024035017074,85.63133341471354,84.05216674804687
2018-01-16,90.0999984741211,90.79000091552734,88.01000213623047,88.3499984741211,36599700,MSFT,1.21134881848252,89.39490434067928,84.19609526259221,62.81747301540828,152.93352730518671,40.169493119372426,85.7706667582194,84.23116671244303
2018-01-17,89.08000183105469,90.27999877929688,88.75,90.13999938964844,25621200,MSFT,1.3218500891094322,89.95953650939688,83.96046318542733,66.33405611184122,164.0449050861052,40.16949311937242,85.96666666666667,84.43499997456868
2018-01-18,89.80000305175781,90.66999816894531,89.66000366210938,90.0999984741211,24159700,MSFT,1.390170383785204,90.44091029933482,83.85108951755971,66.18934230000194,165.69175622051455,41.68090729406085,86.26733322143555,84.62316665649413
2018-01-19,90.13999938964844,90.61000061035156,89.66000366210938,90.0,36875000,MSFT,1.4198781963929008,90.82200567452493,83.88699395926413,65.81800817397377,148.91369320394537,41.68090729406085,86.5476666768392,84.80933329264323
2018-01-22,90.0,91.62000274658203,89.73999786376953,91.61000061035156,23601600,MSFT,1.5554056971660941,91.49790234843961,83.82009768207796,68.73903227281741,168.40579090651872,45.49673048111506,86.84200007120768,85.02183329264322
2018-01-23,91.9000015258789,92.30000305175781,91.54000091552734,91.9000015258789,23412800,MSFT,1.6669967671339805,92.11557316109034,83.84242702201513,69.22900943291188,185.2661760334845,47.87223918392034,87.15566685994466,85.24300003051758
2018-01-24,92.55000305175781,93.43000030517578,91.58000183105469,91.81999969482422,33277500,MSFT,1.729046641501796,92.59737289463824,83.99162704432659,68.92072819765397,177.78710724166362,51.505667476883396,87.41100006103515,85.46066665649414
2018-01-25,92.47000122070312,93.23999786376953,91.93000030517578,92.33000183105469,26383200,MSFT,1.7986409113012058,93.07652183787971,84.20547813160272,69.80738396228166,167.15817737034226,51.505667476883396,87.6476666768392,85.60266672770182
2018-01-26,93.12000274658203,94.05999755859375,92.58000183105469,94.05999755859375,29172200,MSFT,1.970674361217803,93.88691256519137,84.23008725170315,72.55492921925077,181.46363563192207,53.9958291687431,87.93033320109049,85.77216669718425
2018-01-29,95.13999938964844,95.44999694824219,93.72000122070312,93.91999816894531,31569900,MSFT,2.071832533217915,94.4919405157638,84.44505899595494,72.00637516635825,182.54512726509083,57.796090160856764,88.21599985758463,85.9511666615804
2018-01-30,93.30000305175781,93.66000366210938,92.0999984741211,92.73999786376953,38635100,MSFT,2.0333458056459364,94.69608616624332,84.96091304029964,67.55312412531993,124.22044778658925,43.503734418455515,88.48433303833008,86.11049995422363
2018-01-31,93.75,95.4000015258789,93.51000213623047,95.01000213623047,48756300,MSFT,2.161103316540604,95.31286769922308,85.25013202611872,71.10892726188433,156.2779129848614,48.669549719628854,88.75633316040039,86.29316660563151
2018-02-01,94.79000091552734,96.06999969482422,93.58000183105469,94.26000213623047,47227900,MSFT,2.176741214631406,95.65036098143528,85.70363911011745,68.54162465792163,140.9888029621458,50.47342130642654,89.01899998982748,86.46183331807454
2018-02-02,93.63999938964844,93.97000122070312,91.5,91.77999877929688,47867800,MSFT,1.966351935777567,95.60967552181634,86.21132438663093,61.00722787227938,79.35091884540792,35.2131317537702,89.21733322143555,86.58366661071777
2018-02-05,90.55999755859375,93.23999786376953,88.0,88.0,51031500,MSFT,1.477570097463527,95.62404056860666,86.17795909569998,51.99524478043066,9.86194002236383,14.924880158389742,89.3,86.64583333333333
2018-02-06,86.88999938964844,91.4800033569336,85.25,91.33000183105469,67998600,MSFT,1.3434241297806722,95.61438772858276,86.49261224089966,57.69096058668151,-3.626197816800045,2.4323400979147083,89.4943333943685,86.75866673787435
2018-02-07,90.48999786376953,91.7699966430664,89.19999694824219,89.61000061035156,41107600,MSFT,1.085806261371573,95.54225045246629,86.70374945598097,54.25155209458852,15.423291972141188,3.575748746277948,89.63100001017253,86.85066680908203
2018-02-08,89.70999908447266,89.87999725341797,84.76000213623047,85.01000213623047,55628700,MSFT,0.5046435943249037,95.9841957547565,85.98080439783139,46.5702211228973,-90.52584977793511,12.63965291903442,89.61800003051758,86.8696667989095
2018-02-09,86.30000305175781,88.93000030517578,83.83000183105469,88.18000030517578,63499100,MSFT,0.2964431410922401,95.9771644187028,85.9978355812972,51.468798113325605,-80.96086448838268,15.505940045866751,89.70033340454101,86.94050013224283
2018-02-12,88.73999786376953,89.77999877929688,87.93000030517578,89.12999725341797,35720300,MSFT,0.2057280908000223,95.98550481332686,85.94249506460284,52.81008660191905,-27.440420572149893,12.030576626816366,89.81399993896484,87.02516670227051
2018-02-13,88.93000030517578,90.0,87.80000305175781,89.83000183105469,26407700,MSFT,0.1881513870400795,95.93949516914996,86.13650504447308,53.78372570868757,-24.081706553065253,11.135257284338731,89.95699996948242,87.13933334350585
2018-02-14,88.51000213623047,90.98999786376953,88.41000366210938,90.80999755859375,34960900,MSFT,0.25041258729351057,95.95628284759708,86.1867171829205,55.124646937763394,-0.9288967857100583,7.149029947770091,90.11899998982747,87.26616668701172
2018-02-15,91.20999908447266,92.72000122070312,90.62000274658203,92.66000366210938,27823900,MSFT,0.4439178597122009,96.11118533290677,86.28781521640964,57.53096464364434,59.09840618154882,0.6244907513853587,90.32933349609375,87.43716672261556
2018-02-16,92.44999694824219,93.5,91.80000305175781,92.0,30596900,MSFT,0.5378157968553126,96.18975022910564,86.40925032021076,56.41453201936146,67.89486121249617,2.1544103425197942,90.4923334757487,87.59500007629394
2018-02-20,91.4800033569336,93.05999755859375,91.01000213623047,92.72000122070312,30911700,MSFT,0.6626895965892743,96.28512028539879,86.42488032495277,57.348591188389186,57.22775178264428,0.7183237196364891,90.6433334350586,87.74500007629395
2018-02-21,92.9800033569336,93.36000061035156,91.48999786376953,91.48999786376953,26922500,MSFT,0.6548532505674558,96.25848411456714,86.41051612957348,55.25588836170188,48.05116457870654,0.38219292302002644,90.75033340454101,87.88466669718424
2018-02-22,92.05000305175781,92.7300033569336,91.36000061035156,91.7300033569336,24392800,MSFT,0.6603966854686689,96.25228037609789,86.40772023425369,55.58305696088394,38.56812152441407,0.10708382596825014,90.8673334757487,88.02583338419596
2018-02-23,93.5999984741211,94.06999969482422,92.36000061035156,94.05999755859375,26329200,MSFT,0.8430824276408515,96.47177837323395,86.36122180987152,58.621606134600405,88.52150954102198,4.8388713387821,91.07533340454101,88.19566663106282
2018-02-26,94.4000015258789,95.44999694824219,94.25,95.41999816894531,30199800,MSFT,1.0850945828449312,96.72277365875364,86.24622658538699,60.26302683702679,135.0032024962785,9.597311147428336,91.31999994913737,88.37133331298828
2018-02-27,95.73999786376953,95.83999633789062,94.19999694824219,94.19999694824219,25869100,MSFT,1.1650174608222983,96.76559799613341,86.23140212593691,58.12338255786525,116.38150524224612,10.899855044792279,91.47333323160807,88.55233332316081
2018-02-28,94.83999633789062,95.70999908447266,93.62999725341797,93.7699966430664,31167300,MSFT,1.180056529356662,96.88787574895954,86.21212425104045,57.38055647157121,97.70836439655307,8.53547820125521,91.65399983723958,88.71233329772949
2018-03-01,93.98999786376953,94.56999969482422,91.83999633789062,92.8499984741211,37135600,MSFT,1.105001170379623,96.5683293468861,86.31567028690297,55.80211535719081,48.77053233695535,1.5051487444726848,91.74433314005533,88.85549990336101
2018-03-02,91.58000183105469,93.1500015258789,90.86000061035156,93.05000305175781,32830400,MSFT,1.0495592893927892,96.39511902147233,86.36788070386946,56.07386118706049,19.662199889953904,2.0868738221836574,91.84266662597656,89.05499992370605
2018-03-05,92.33999633789062,94.2699966430664,92.26000213623047,93.63999938964844,23901600,MSFT,1.0412263635579961,96.5872667760624,86.36173301031455,56.88285287417468,56.51457174089747,2.0126752468819475,91.96399993896485,89.25583330790202
2018-03-06,94.33999633789062,94.48999786376953,92.94000244140625,93.31999969482422,22175800,MSFT,0.9973048492734478,96.64131463008184,86.83968512577755,56.30106966835885,60.84272277348879,2.8057950141230483,92.02099990844727,89.43149998982747
2018-03-07,93.16000366210938,93.94000244140625,92.43000030517578,93.86000061035156,26716100,MSFT,0.9946051051407494,96.85306798377964,86.88093165000943,57.0676066275586,51.31550508327912,0.8482692616505793,92.08633321126302,89.62100003560384
2018-03-08,94.2699966430664,95.0999984741211,93.7699966430664,94.43000030517578,25887800,MSFT,1.0266254510040653,97.1006779378164,87.11532166545508,57.874490150937824,85.60567520016222,5.0999823214988105,92.17333323160807,89.79216664632162
2018-03-09,95.29000091552734,96.54000091552734,95.0,96.54000091552734,36937300,MSFT,1.208332318235506,96.81440315574534,88.55459632545583,60.70274886652829,134.48467550972757,10.053112786019144,92.31366653442383,89.98066660563151
2018-03-12,96.5,97.20999908447266,96.04000091552734,96.7699966430664,26073700,MSFT,1.3552723170583079,97.05375251420598,89.17424660078426,60.99802004884643,147.26379552578447,12.257347696727257,92.40399983723958,90.16716651916504
2018-03-13,97.0,97.23999786376953,93.97000122070312,94.41000366210938,35387800,MSFT,1.2666900006515789,96.87660959747544,89.87939015838393,56.492317846240546,94.84394613790225,4.103597565899904,92.42033335367839,90.3181666056315
2018-03-14,95.12000274658203,95.41000366210938,93.5,93.8499984741211,32132000,MSFT,1.138179908691086,96.65583185540254,90.50216756476348,55.48622850510894,59.62012422078639,2.357319152206647,92.45733337402343,90.47083320617676
2018-03-15,93.52999877929688,94.58000183105469,92.83000183105469,94.18000030517578,27611000,MSFT,1.0508495848894626,96.54199590835577,90.95300378646846,55.96430736680889,48.17604138298746,0.11356368791364516,92.42966664632162,90.592999903361
2018-03-16,94.68000030517578,95.37999725341797,93.91999816894531,94.5999984741211,49081300,MSFT,1.0039570246201492,96.61462844978645,91.07437072623894,56.57830434383921,73.99608043519953,2.7851349805119856,92.44099985758463,90.72999992370606
2018-03-19,93.73999786376953,93.9000015258789,92.11000061035156,92.88999938964844,33344100,MSFT,0.8193665501535605,96.56123312076923,91.21676599422099,53.43996907797328,17.367551071300774,3.7383152352636664,92.47799987792969,90.84766654968261
2018-03-20,93.05000305175781,93.7699966430664,93.0,93.12999725341797,23075200,MSFT,0.6845520017393483,96.55007647221174,91.26892224604998,53.811944158785494,25.495911104326193,3.738315235263662,92.64899978637695,90.97449989318848
2018-03-21,92.93000030517578,94.05000305175781,92.20999908447266,92.4800033569336,24457100,MSFT,0.5192755404218872,96.44095732325916,91.47704194431897,52.63382112713359,8.544772453167221,6.509779883667746,92.68733317057291,91.0908332824707
2018-03-22,91.2699966430664,91.75,89.66000366210938,89.79000091552734,38604700,MSFT,0.16928067608181152,96.81726196530603,90.90673705813147,48.12323072378668,-84.75299045990646,14.709372187436088,92.69333318074544,91.16216659545898
2018-03-23,89.5,90.45999908447266,87.08000183105469,87.18000030517578,44068900,MSFT,-0.3150661258773937,97.71643742529501,89.31956187280069,44.31171074853552,-173.34518332203805,21.880529323399887,92.76566645304362,91.1918332417806
2018-03-26,90.61000061035156,94.0,90.4000015258789,93.77999877929688,56396800,MSFT,-0.16445401408219595,97.54104776927664,89.33095158985421,53.869511288334806,-9.292772571584527,8.885838671171129,92.95233306884765,91.32633323669434
2018-03-27,94.94000244140625,95.13999938964844,88.51000213623047,89.47000122070312,56569000,MSFT,-0.3883964210355231,97.64971699278979,88.74928279358716,48.272567665492026,-91.80763083999946,13.952825486055174,92.96366653442382,91.38883323669434
2018-03-28,89.81999969482422,91.2300033569336,88.87000274658203,89.38999938964844,52501100,MSFT,-0.5658056161852585,97.73330888107891,88.22769117995624,48.176453172380455,-151.61464613721785,13.952825486055174,92.94899978637696,91.45299987792968
2018-03-29,90.18000030517578,92.29000091552734,88.4000015258789,91.2699966430664,45867500,MSFT,-0.5483822062300732,97.71557213465664,88.08742774327305,50.569041902339634,-115.18803969520602,10.272216263145296,92.9643330891927,91.54166653951009
2018-04-02,90.47000122070312,90.87999725341797,87.51000213623047,88.5199966430664,48515400,MSFT,-0.74785523596627,97.87078946891879,87.47920976814177,47.266892584336034,-177.3765510126262,12.720791822080871,92.8263328552246,91.57783317565918
2018-04-03,89.58000183105469,90.05000305175781,87.88999938964844,89.70999908447266,37213800,MSFT,-0.8006859877446573,97.8159514158171,87.14104779072588,48.76457838321979,-148.96887085746005,12.72079182208088,92.7499994913737,91.6211664835612
2018-04-04,87.8499984741211,92.76000213623047,87.7300033569336,92.33000183105469,35560000,MSFT,-0.6239499076414745,97.75193490529799,87.10606451486802,51.87746293807939,-73.85023684360499,3.5158826437322905,92.73699951171875,91.69016647338867
2018-04-05,92.44000244140625,93.06999969482422,91.4000015258789,92.37999725341797,29771900,MSFT,-0.4743826897351511,97.63514911859734,87.07484996587532,51.93510936724032,-20.647815776571555,2.5251459247366475,92.76666615804037,91.7584997812907
2018-04-06,91.48999786376953,92.45999908447266,89.4800033569336,90.2300033569336,38026000,MSFT,-0.5233038105852614,97.41173512150544,86.878264268143,49.30746370171059,-79.11231953993847,8.157143390763201,92.71666615804037,91.79199981689453
2018-04-09,91.04000091552734,93.16999816894531,90.62000274658203,90.7699966430664,31533900,MSFT,-0.5125923603850282,96.72677095222079,86.98622801018155,49.9652007453676,-44.86546563332804,5.818248754606702,92.60699946085612,91.84116643269857
2018-04-10,92.38999938964844,93.27999877929688,91.63999938964844,92.87999725341797,26812000,MSFT,-0.3300395531586844,95.98613796620113,87.33786105723637,52.458632186144314,-0.46774522142590425,5.452760046566642,92.52233276367187,91.92116635640463
2018-04-11,92.01000213623047,93.29000091552734,91.4800033569336,91.86000061035156,24872100,MSFT,-0.2646199685603392,95.66344405342542,87.4055546648363,51.18310042297774,-12.961603203018088,5.941579466559586,92.44433288574218,91.95883305867513
2018-04-12,92.43000030517578,94.16000366210938,92.43000030517578,93.58000183105469,26758900,MSFT,-0.07314162149916115,95.61972268303076,87.42227637092431,53.169455093768555,37.23390001978652,2.947588802422942,92.4379997253418,92.04599978129069
2018-04-13,94.05000305175781,94.18000030517578,92.44000244140625,93.08000183105469,23346100,MSFT,0.03782450934933479,95.44217808824787,87.4898211182951,52.52672090991657,30.435737463036194,2.8784585449187463,92.44566650390625,92.09499982198079
2018-04-16,94.06999969482422,94.66000366210938,93.41999816894531,94.16999816894531,20288100,MSFT,0.21128401193303148,95.35340688433519,87.5355922916902,53.78656197189251,61.89394478344066,1.19111003535786,92.48299967447916,92.16283315022787
2018-04-17,95.0,96.54000091552734,94.87999725341797,96.06999969482422,26771000,MSFT,0.49634460990282037,95.98955534626197,87.21744386028101,55.89706596956107,124.31507828702006,5.114354087903512,92.56399968465169,92.26399981180826
2018-04-18,96.22000122070312,96.72000122070312,95.5199966430664,96.44000244140625,21043300,MSFT,0.743542225020704,96.62246984366824,86.91552988167355,56.29911808971616,130.5108019601415,5.696380035300496,92.66799977620443,92.34449984232585
2018-04-19,96.44000244140625,97.06999969482422,95.33999633789062,96.11000061035156,23552500,MSFT,0.9024172221369327,97.17335897629701,86.72764047438659,55.82953382684223,119.34914162606425,6.845752154552823,92.74299977620443,92.41466649373372
2018-04-20,95.91000366210938,96.11000061035156,94.05000305175781,95.0,31154400,MSFT,0.9280609207938397,97.49944231934315,86.92255703978772,54.25489486459317,77.96510311791214,2.101069802442717,92.7619997660319,92.46766649881998
2018-04-23,95.73999786376953,96.29000091552734,94.62999725341797,95.3499984741211,22331800,MSFT,0.965496051058409,97.51957770995975,87.71942146606565,54.67190884263275,92.62094665273173,2.7246063685853876,92.72233301798502,92.51799977620443
2018-04-24,96.23999786376953,96.47000122070312,92.41000366210938,93.12000274658203,34524800,MSFT,0.8059313680026747,97.4625012091614,87.71049836359249,51.57312981879746,47.26368035198897,4.995608663748665,92.60066655476888,92.50233319600423
2018-04-25,93.30000305175781,93.30000305175781,90.27999877929688,92.30999755859375,33729300,MSFT,0.6071161014043582,97.38272718050855,88.07427202603442,50.49764442535794,-25.218901822441545,11.590476495020303,92.53066635131836,92.47549985249837
2018-04-26,93.55000305175781,95.1500015258789,93.0999984741211,94.26000213623047,42529000,MSFT,0.5999863733521522,97.39461585404828,88.54938362715288,52.94157841539371,59.46438054050741,5.039172728695415,92.54433314005534,92.50083325703939
2018-04-27,97.5999984741211,97.9000015258789,93.91000366210938,95.81999969482422,48272800,MSFT,0.7120072022206756,97.72049060714757,88.67850917922938,54.788808951177664,118.07890979471756,3.658417836150876,92.59899978637695,92.51433321634929
2018-04-30,96.33000183105469,96.4000015258789,93.1500015258789,93.5199966430664,41523600,MSFT,0.6081827397726585,97.39763505373878,89.50136473263817,51.69388040262204,62.46124119316194,1.2612614034188425,92.5629997253418,92.50199979146322
2018-05-01,93.20999908447266,95.29000091552734,92.79000091552734,95.0,31408900,MSFT,0.6379708761311775,97.29943516078562,90.12856471714407,53.44448260379517,59.42112614318557,0.12663444118621764,92.63333307902018,92.55566647847493
2018-05-02,94.98999786376953,95.16999816894531,93.19000244140625,93.51000213623047,27471000,MSFT,0.5351786077794003,97.30091678465838,90.24508312378889,51.50071310665243,43.46752241462511,0.12663444118621547,92.64599990844727,92.6474998474121
2018-05-03,92.95999908447266,94.93000030517578,92.44999694824219,94.06999969482422,31142500,MSFT,0.4932166232003823,97.32537925316619,90.3896208994217,52.17695620303998,36.766673104576185,2.281954881512091,92.69899978637696,92.69316647847494
2018-05-04,93.31999969482422,95.37000274658203,92.91999816894531,95.16000366210938,22531300,MSFT,0.541671605627613,97.16296178062356,91.04503840248191,53.48296095186315,56.44006440545683,0.7906149965150272,92.87799987792968,92.78566652933756
2018-05-07,95.16999816894531,96.70999908447266,95.0999984741211,96.22000122070312,24242000,MSFT,0.658020224959813,97.14183748314417,91.61116315772497,54.726757048186776,106.9750733740494,3.635926552689944,93.1793332417806,92.97249984741211
2018-05-08,95.8499984741211,96.16000366210938,95.05999755859375,95.80999755859375,23484600,MSFT,0.7089708998243367,97.26487151867278,91.78112915271393,54.14743356734862,88.1487622819045,3.4955625461722826,93.24699986775717,93.0996664683024
2018-05-09,96.01000213623047,96.97000122070312,95.05000305175781,96.94000244140625,27327400,MSFT,0.8309529189331641,97.41956035978063,92.13444049471155,55.49077764578141,105.49820452356934,6.158001775455608,93.49599990844726,93.22983322143554
2018-05-10,97.45999908447266,97.94999694824219,97.05000305175781,97.91000366210938,22388100,MSFT,0.9944323427476434,97.91763933303773,92.06936170455992,56.619363883527896,146.91865394156872,9.29020780684406,93.78000005086263,93.36449991861979
2018-05-11,97.80000305175781,97.87000274658203,97.04000091552734,97.69999694824219,16778300,MSFT,1.0944292777610656,98.24065746810143,92.20834308121496,56.299640412038194,136.70173677332443,9.251706706226779,93.9943333943685,93.4793332417806
2018-05-14,97.91999816894531,98.69000244140625,97.30999755859375,98.02999877929688,19454100,MSFT,1.1866272586362214,98.63670540342721,92.19829520692434,56.697136244612395,148.38792359038916,11.884332962209653,94.31133346557617,93.56883316040039
2018-05-15,97.23999786376953,97.8499984741211,96.33999633789062,97.31999969482422,24594000,MSFT,1.1887012225703586,98.79951867325298,92.16048193709858,55.57209350096708,109.25127107902672,8.048571267929198,94.56500015258788,93.65749982198079
2018-05-16,97.36000061035156,97.4000015258789,96.62000274658203,97.1500015258789,17384700,MSFT,1.1632185629155032,98.89292704294786,92.13807347585097,55.30029624423235,97.45828817655384,8.048571267929205,94.72566680908203,93.7313331604004
2018-05-17,96.76000213623047,97.54000091552734,95.83000183105469,96.18000030517578,17246700,MSFT,1.0526184494213595,98.89916498996325,92.138835498318,53.74859981608832,70.11778996773175,4.9137234071023865,94.85233357747396,93.80949986775717
2018-05-18,96.01000213623047,96.93000030517578,96.01000213623047,96.36000061035156,17865800,MSFT,0.9683292857072701,98.97790546033934,92.19609508897707,53.99639643272765,62.45346086735604,4.91372340710239,95.05666681925456,93.88666648864746
2018-05-21,97.0,98.01000213623047,96.80000305175781,97.5999984741211,19422500,MSFT,0.9901728840586799,99.20466930863041,92.194331240686,55.68824088321128,103.43360931646411,8.785452475279119,95.28433354695638,93.94566650390625
2018-05-22,97.68000030517578,98.16999816894531,97.19999694824219,97.5,15441200,MSFT,0.9880257066655389,99.28984284223144,92.54715743242677,55.51790844301728,105.00596689572212,9.351115201288177,95.43833363850912,93.98033320109049
2018-05-23,96.70999908447266,98.7300033569336,96.31999969482422,98.66000366210938,21251200,MSFT,1.0676197976321617,99.36369312161061,93.10830776339917,57.09280920918702,113.26743678912594,5.624177331076449,95.66500040690104,94.05466664632162
2018-05-24,98.7300033569336,98.94000244140625,96.80999755859375,98.30999755859375,26649300,MSFT,1.089892518221518,99.55191646847919,93.3250839587669,56.46876437323154,112.97342818116006,6.411604291966786,95.82266693115234,94.13033332824708
2018-05-25,98.30000305175781,98.9800033569336,97.86000061035156,98.36000061035156,18363900,MSFT,1.098911075310994,99.7783201172859,93.35268040151293,56.53897106916771,125.26367472939532,6.565219384690425,95.99866689046225,94.22216669718425
2018-05-29,97.83999633789062,98.87999725341797,97.2300033569336,98.01000213623047,28671000,MSFT,1.0655335870573452,99.72200147700929,93.85799959110594,55.88632758096864,100.84139715490618,3.7896137411908164,96.12666702270508,94.30483334859213
2018-05-30,98.30999755859375,99.25,97.91000366210938,98.94999694824219,22158500,MSFT,1.102225641525564,99.94386191009835,94.03113885284111,57.257128436197014,123.20918632880402,5.288384025154073,96.22266693115235,94.39333330790201
2018-05-31,99.29000091552734,99.98999786376953,98.61000061035156,98.83999633789062,34140900,MSFT,1.1096370242116365,99.82647194731265,94.68152823579283,57.04254660172449,131.42318104754165,8.245637907854894,96.30266672770182,94.48533325195312
2018-06-01,99.27999877929688,100.86000061035156,99.16999816894531,100.79000091552734,28655600,MSFT,1.25835414761805,100.16686797231684,95.01313233285894,59.80502532932001,163.18906657369666,11.60253918103346,96.45866673787435,94.60083325703938
2018-06-04,101.26000213623047,101.86000061035156,100.8499984741211,101.66999816894531,27281600,MSFT,1.4307294052875505,100.82333598087183,95.00766377498755,60.976559377779594,190.50847968371843,15.287736673854187,96.68100001017253,94.72149988810222
2018-06-05,102.0,102.33000183105469,101.52999877929688,102.19000244140625,23514400,MSFT,1.590958459039328,101.57877996766231,94.84921991026738,61.65966507923972,189.5502572447357,16.97069978626863,96.90900014241537,94.8156665802002
2018-06-06,102.4800033569336,102.5999984741211,101.9000015258789,102.48999786376953,21122900,MSFT,1.7222947204972883,102.22014539485534,94.87585451359192,62.05606692760203,185.24382269049522,17.93952398786425,97.22133331298828,94.91099993387859
2018-06-07,102.6500015258789,102.69000244140625,100.37999725341797,100.87999725341797,28232200,MSFT,1.6771331134577139,102.476190420465,95.01380896918343,58.687390940906475,142.6332376049355,10.434888551968006,97.50699996948242,95.01883316040039
2018-06-08,101.08999633789062,101.94999694824219,100.54000091552734,101.62999725341797,22165100,MSFT,1.6824665197548399,102.85293632925574,95.00906241952354,59.74056735323631,134.99207306225694,10.434888551968006,97.75266647338867,95.148499806722
2018-06-11,101.01000213623047,101.58999633789062,100.66999816894531,101.05000305175781,23490900,MSFT,1.6212043630773678,103.08469249680677,95.1123068623241,58.54656396923222,114.67856247211375,10.434888551968019,97.92699991861979,95.26299985249837
2018-06-12,101.0999984741211,101.44999694824219,100.75,101.30999755859375,18325200,MSFT,1.5754719860197781,103.33260479452908,95.19239444253147,58.92723856463883,108.50944888703326,10.434888551968008,98.18666661580404,95.37483317057291
2018-06-13,101.72000122070312,102.01000213623047,100.55999755859375,100.8499984741211,29492900,MSFT,1.484992595705961,103.46028879240608,95.41771032258417,57.953176439298346,98.31285470694418,12.776653196758788,98.38166656494141,95.5074998219808
2018-06-14,101.6500015258789,102.02999877929688,101.0,101.41999816894531,25691800,MSFT,1.4426512530733504,103.61507015858874,95.68992862070814,58.82562237355279,101.2280389538502,12.860813284112815,98.64533309936523,95.64566650390626
2018-06-15,101.51000213623047,101.52999877929688,100.06999969482422,100.12999725341797,65738600,MSFT,1.2901313104208612,103.4620834653514,96.23791500876969,56.10035215542038,64.36859928392047,7.854027050187333,98.84733301798502,95.77316640218099
2018-06-18,100.01000213623047,101.11000061035156,99.41999816894531,100.86000061035156,23586000,MSFT,1.214167163762795,103.3129806291234,96.8370178449977,57.25950494133343,55.06497571649422,4.50209345348017,99.03733291625977,95.95766639709473
2018-06-19,99.6500015258789,101.0,99.5,100.86000061035156,28653100,MSFT,1.140814431608888,103.27325548622375,97.2027432015204,57.25950494133343,50.36190277348244,4.502093453480182,99.19199956258139,96.18566640218098
2018-06-20,101.37000274658203,102.5199966430664,101.12000274658203,101.87000274658203,26180800,MSFT,1.150913579032533,103.28390866481986,97.6290902975825,58.86758549236577,94.65682894894944,11.393375125101873,99.39399973551433,96.32049980163575
2018-06-21,102.08000183105469,102.45999908447266,100.87999725341797,101.13999938964844,23198200,MSFT,1.0874763061870425,103.29129284886157,97.86970568629467,57.256859754479734,76.53601607705049,10.095663565094075,99.53399963378907,96.51499977111817
2018-06-22,100.41000366210938,100.7699966430664,99.62999725341797,100.41000366210938,38923100,MSFT,0.9671485693541229,103.18005356519843,98.19094558030939,55.68081100991634,27.5265940881916,3.593422311946992,99.6173329671224,96.69866650899252
2018-06-25,100.0,100.11000061035156,97.30000305175781,98.38999938964844,35433300,MSFT,0.7007131233844035,103.17569516970863,98.19830385372887,51.61390561691688,-39.42869594737745,6.997977075155397,99.6403330485026,96.81733322143555
2018-06-26,98.81999969482422,100.08000183105469,98.75,99.08000183105469,26897200,MSFT,0.5390249986669033,103.0244715905335,98.45652740238643,52.831307451662894,-13.6419087476926,6.997977075155398,99.67533315022787,96.99333330790202
2018-06-27,99.58000183105469,100.0199966430664,97.4000015258789,97.54000091552734,31298400,MSFT,0.2833544575650677,103.25401525008415,98.08598413956427,49.930790335936315,-56.676414805978524,12.542247774520865,99.6826665242513,97.1238333384196
2018-06-28,97.37999725341797,99.11000061035156,97.26000213623047,98.62999725341797,26650700,MSFT,0.16676494425358612,103.27632346997582,98.04267601122534,51.86572294584377,-59.592537229947865,13.098021252874851,99.73199971516927,97.22883326212565
2018-06-29,98.93000030517578,99.91000366210938,98.33000183105469,98.61000061035156,28053200,MSFT,0.07192425495580324,103.32150321475658,97.77949623592701,51.8277116693384,-38.72304561126301,9.003267570208818,99.8129997253418,97.33266665140788
2018-07-02,98.0999984741211,100.05999755859375,98.0,100.01000213623047,19564500,MSFT,0.10848025537714534,103.19643911009642,97.7385607373157,54.25579068192374,-26.523082526628105,10.387752108160996,99.93466644287109,97.49566663106283
2018-07-03,100.4800033569336,100.62999725341797,98.94000244140625,99.05000305175781,14670300,MSFT,0.05930363067379574,102.98289571732224,97.63810419112502,52.38286580100407,-22.114672887071542,7.466186257567223,99.98299992879232,97.63366673787435
2018-07-05,99.5,99.91999816894531,99.02999877929688,99.76000213623047,18977400,MSFT,0.07673721485932106,102.64927851139817,97.6987218242952,53.60812071919093,-25.283656132992885,7.466186257567214,100.05833333333334,97.74833348592122
2018-07-06,99.88999938964844,101.43000030517578,99.66999816894531,101.16000366210938,19234600,MSFT,0.2012025411162739,102.68317960840696,97.69282136815553,55.92168799155765,36.100848139096634,0.034393722065357596,100.14166666666667,97.90333353678385
2018-07-09,101.6500015258789,102.25,101.25,101.8499984741211,18212000,MSFT,0.35146752485565,102.72272282549558,97.67527827313724,57.01464052875188,91.36472289944503,3.8060336739086402,100.25966669718424,98.04116681416829
2018-07-10,102.0,102.51000213623047,101.86000061035156,102.12000274658203,19293100,MSFT,0.4867299751628309,102.89476337288927,97.61023769522596,57.44181716508217,108.23511445857342,4.981938763861835,100.38500010172525,98.19183349609375
2018-07-11,101.1500015258789,102.33999633789062,101.0999984741211,101.9800033569336,19644600,MSFT,0.5759900065692705,103.00071305948093,97.57128858846828,57.13724864342061,82.72696533276478,1.239658882663015,100.5173334757487,98.32200024922689
2018-07-12,102.7699966430664,104.41000366210938,102.7300033569336,104.19000244140625,24335900,MSFT,0.8156553141924405,103.67696559482611,97.22903644985162,60.5528102450536,191.0158376560451,10.25368151421602,100.69200032552084,98.45733362833658
2018-07-13,104.37000274658203,105.5999984741211,104.08999633789062,105.43000030517578,24635200,MSFT,1.0930492701045296,104.55768736972767,96.7493148885731,62.29667894910225,239.78715714824767,14.87423027231134,100.91166712443034,98.60716692606609
2018-07-16,105.4000015258789,105.81999969482422,104.5199966430664,104.91000366210938,21786900,MSFT,1.2564431014137796,105.22363762960953,96.56136526956038,61.12444179976171,214.68499835633864,15.704245190861219,101.0490005493164,98.75383364359537
2018-07-17,104.61000061035156,106.5,104.31999969482422,105.94999694824219,25901700,MSFT,1.4531021988955786,106.03276617832202,96.26123635463696,62.581220089811964,213.0240359133753,18.25286276241305,101.19166717529296,98.93633359273275
2018-07-18,105.94000244140625,106.05000305175781,104.72000122070312,105.12000274658203,29493900,MSFT,1.524409906489396,106.55475195541473,96.1652507911673,60.703216969828745,178.61490638335138,18.252862762413045,101.28933385213216,99.09916699727377
2018-07-19,104.93000030517578,105.30999755859375,103.88999938964844,104.4000015258789,40171600,MSFT,1.505469581083858,106.85389339653995,96.11910922797176,59.11135777700447,134.24023988324564,13.76018056686589,101.35300064086914,99.28716697692872
2018-07-20,108.08000183105469,108.19999694824219,106.08000183105469,106.2699966430664,56004000,MSFT,1.62264734595675,107.51568065661746,95.97032169323606,61.80262578417784,197.7139360859107,24.141241145235064,101.53266728719076,99.51983362833658
2018-07-23,106.30000305175781,108.13999938964844,106.12999725341797,107.97000122070312,29707000,MSFT,1.831574480230401,108.48585775424424,95.75614435146865,64.02920026885639,187.0789796006099,24.141241145235053,101.74400075276692,99.7483336130778
2018-07-24,108.56999969482422,108.81999969482422,107.26000213623047,107.66000366210938,26316600,MSFT,1.9496620368221471,109.15224832027573,96.01675421268325,63.332792201233396,174.83600787978037,26.372908207454593,101.9643341064453,99.94566701253255
2018-07-25,107.95999908447266,111.1500015258789,107.5999984741211,110.83000183105469,30702100,MSFT,2.272839753762071,110.48019882293839,95.8638037100206,67.11626683230006,195.8918674629175,33.32560319849376,102.281667582194,100.23416709899902
2018-07-26,110.73999786376953,111.0,109.5,109.62000274658203,31372100,MSFT,2.403616217517623,111.1209931019632,96.43100961410127,64.48874578072176,172.76068723265385,33.325603198493766,102.57400105794271,100.47783381144205
2018-07-27,110.18000030517578,110.18000030517578,106.13999938964844,107.68000030517578,37005300,MSFT,2.3239267425983314,111.3503288106622,97.10667421057803,60.55667841631453,113.27600223505594,16.367514686742048,102.78266779581706,100.71400044759115
2018-07-30,107.19000244140625,107.52999877929688,104.76000213623047,105.37000274658203,34668300,MSFT,2.0507351636415763,111.18978758353177,97.94321565133151,56.32628616923162,62.60013492299691,10.401289917937476,102.9573346455892,100.9023338317871
2018-07-31,106.48999786376953,106.72000122070312,105.37999725341797,106.08000183105469,27655200,MSFT,1.8699640795890247,111.16217478974154,98.57782841460416,57.2752884491277,61.65615869497175,10.401289917937474,103.1313346862793,101.08433380126954
2018-08-01,106.02999877929688,106.44999694824219,105.41999816894531,106.27999877929688,23628700,MSFT,1.7229783534294114,110.91733647988548,99.54566629721413,57.54411604993206,57.37329516732735,10.401289917937472,103.3120012919108,101.25200042724609
2018-08-02,105.4000015258789,108.08999633789062,104.83999633789062,107.56999969482422,26104300,MSFT,1.6910895714554925,110.77324823712775,100.47075429583123,59.25476709849309,69.07943755941355,16.063108729167695,103.50200119018555,101.44800046284993
2018-08-03,107.80000305175781,108.05000305175781,106.81999969482422,108.04000091552734,18659600,MSFT,1.6843267818573082,110.7698038332797,101.16219842502107,59.86428541946225,80.3041978227107,16.063108729167705,103.73200124104818,101.63300043741862
2018-08-06,108.12000274658203,108.41999816894531,107.55999755859375,108.12999725341797,20265900,MSFT,1.6670128878231623,110.76114176246597,101.79886037376451,59.98286367989236,83.4125922945343,17.324442895156402,103.98933436075846,101.80333366394044
2018-08-07,108.55999755859375,109.0999984741211,108.16999816894531,108.87999725341797,16080200,MSFT,1.6942796330918668,110.78686967889817,102.44913190801589,60.9767957080304,92.86253251142153,19.62089204383862,104.33900095621745,101.98966700236002
2018-08-08,109.33000183105469,109.75,108.76000213623047,109.48999786376953,15487500,MSFT,1.7449954550473308,110.73430870758278,103.25269233001487,61.775605817780495,101.36227263293162,21.769630757094575,104.68600082397461,102.18066698710123
2018-08-09,109.70999908447266,110.16000366210938,109.5999984741211,109.66999816894531,13677200,MSFT,1.7792030840002866,110.94595360120722,103.58904700914435,62.01297380657852,108.22469199640405,23.110857063042285,105.09033406575521,102.38650029500326
2018-08-10,109.41999816894531,109.69000244140625,108.37999725341797,109.0,18183700,MSFT,1.7322809668937111,111.09537637629454,103.79662420353945,60.56478446678134,87.32495383220773,16.939459143087042,105.43600082397461,102.58400026957194
2018-08-13,109.23999786376953,109.58000183105469,108.0999984741211,108.20999908447266,18472500,MSFT,1.612757514738007,111.07109313604174,104.15090698602857,58.887363248187825,74.61755974519443,15.564058853692696,105.75600077311198,102.7845002492269
2018-08-14,108.55999755859375,109.75,108.04000091552734,109.55999755859375,16788300,MSFT,1.608426967369411,111.26337851839168,104.3196216647138,60.80632737843183,83.55959397479148,16.183229439357913,106.07433395385742,103.00450019836425
2018-08-15,108.48999786376953,108.98999786376953,106.81999969482422,107.66000366210938,29982800,MSFT,1.435137971650306,111.15688918177983,104.68011109287838,56.93705994039289,44.65269864219707,10.184716433713396,106.36133397420248,103.1721669514974
2018-08-16,108.30000305175781,108.86000061035156,107.30000305175781,107.63999938964844,21384300,MSFT,1.2814196088632315,110.87096794054,105.29003212049517,56.89762620344869,43.669054928150906,10.184716433713396,106.6240005493164,103.34116694132487
2018-08-17,107.36000061035156,107.9000015258789,106.69000244140625,107.58000183105469,18061500,MSFT,1.141595791648058,110.81644863576196,105.47555194407204,56.77562365990478,21.517983468907474,7.222594111198602,106.83800048828125,103.48983357747396
2018-08-20,107.51000213623047,107.9000015258789,106.4800033569336,106.87000274658203,17914200,MSFT,0.9623994746509084,110.82134996685505,105.36065076556682,55.323407954282104,4.93213219181423,6.205783229396476,107.00533396402994,103.6325003306071
2018-08-21,106.91999816894531,107.3499984741211,105.8499984741211,105.9800033569336,22881900,MSFT,0.7400388821068162,110.89216285248578,105.12183784941853,53.547329248352256,-30.536550659617912,3.1694138086406567,107.13400065104166,103.75950037638346
2018-08-22,105.8499984741211,107.33999633789062,105.77999877929688,107.05999755859375,18000600,MSFT,0.6435446347234404,110.40415297996792,105.23284729469027,55.346863924843674,-26.17966083120469,2.831498322884365,107.303333791097,103.91033363342285
2018-08-23,107.1500015258789,108.18000030517578,106.87000274658203,107.55999755859375,18167700,MSFT,0.6004959265487315,110.15921722832286,105.27178252753652,56.16023658519778,7.985404763318527,6.62798861361759,107.41566696166993,104.05383364359538
2018-08-24,107.66999816894531,108.55999755859375,107.55999755859375,108.4000015258789,17234000,MSFT,0.6269339112488694,110.2141555880943,105.28884428983538,57.50549275401544,38.45906333960807,8.304578400824754,107.51466700236003,104.21316706339518
2018-08-27,109.2699966430664,109.63999938964844,108.51000213623047,109.5999984741211,19662300,MSFT,0.7362291383096249,110.28715076599013,105.63884868469347,59.34894004996435,94.13406590134501,12.902716423147604,107.67100016276042,104.36000035603841
2018-08-28,109.94000244140625,110.5,109.79000091552734,110.26000213623047,19151500,MSFT,0.8661190910946175,110.53464275936145,105.80935672183972,60.32813685033763,138.72652751529458,16.357790574455144,107.81466700236003,104.5031670888265
2018-08-29,110.44999694824219,112.02999877929688,110.2699966430664,112.0199966430664,20818000,MSFT,1.0984128427837874,111.21561553823199,105.70238372934614,62.80002589698829,194.25427131273713,22.048822521754982,108.0446667989095,104.66700032552083
2018-08-30,111.66999816894531,112.61000061035156,111.44000244140625,111.94999694824219,22798700,MSFT,1.2623078253715647,111.80790435369978,105.54809463922014,62.6394418693028,202.84100228438493,24.074701838479896,108.29633331298828,104.82466697692871
2018-08-31,111.69000244140625,112.77999877929688,111.5199966430664,112.33000183105469,23222700,MSFT,1.406644080724547,112.40315458511353,105.38184449935912,63.16834969091849,187.82768328519407,24.668319321839384,108.49833348592122,105.01550038655598
2018-09-04,110.8499984741211,111.95999908447266,110.22000122070312,111.70999908447266,22634600,MSFT,1.4542390009378607,112.77806259604107,105.36493667153705,61.69420968531789,129.35423140562065,17.40669343559191,108.62300008138021,105.18350041707357
2018-09-05,111.01000213623047,111.41999816894531,108.0999984741211,108.48999786376953,32872400,MSFT,1.2180897498701313,112.76689879555917,105.3371005330541,54.82082785064132,34.81445485503201,6.902042484199835,108.65066655476888,105.3075003306071
2018-09-06,108.25,108.98999786376953,107.51000213623047,108.73999786376953,23477600,MSFT,1.0391341856447553,112.72592261709683,105.30307671151645,55.221512509532076,-6.366684966474097,4.2175283944077835,108.58099975585938,105.4313336690267
2018-09-07,108.2300033569336,108.72000122070312,107.2300033569336,108.20999908447266,22498600,MSFT,0.8448057448331667,112.65606845648799,105.22693096367803,54.1679389219193,-21.170759289974544,2.9483312831355035,108.53399963378907,105.55400034586589
2018-09-10,108.83999633789062,109.63999938964844,108.36000061035156,109.37999725341797,20727900,MSFT,0.7762598887874361,112.6802119988728,105.240787146635,56.08148022491636,30.135142335026014,6.806046152482876,108.59066619873047,105.68666699727376
2018-09-11,108.9000015258789,111.58999633789062,108.88999938964844,111.23999786376953,24301800,MSFT,0.8620857210441812,112.94800769944854,105.27599132398896,58.903283533416605,95.04194565271166,14.277295133623728,108.78633270263671,105.87183367411295
2018-09-12,111.43000030517578,111.8499984741211,110.51000213623047,111.70999908447266,18891100,MSFT,0.9569968183835584,113.22512270346661,105.21387647255878,59.582114720994035,124.34288192667061,15.214838926896238,108.97399927775065,106.05266698201497
2018-09-13,112.12000274658203,113.7300033569336,112.12000274658203,112.91000366210938,26055600,MSFT,1.1161782789779267,113.73760879933404,105.22639037669136,61.271737849741996,184.21070603444525,21.62649589974562,109.19499944051107,106.25350036621094
2018-09-14,113.36000061035156,113.7300033569336,112.44000244140625,113.37000274658203,19122300,MSFT,1.264868201806351,114.26658012452876,105.27041938719,61.90327831902066,175.54719408694598,21.62649589974563,109.38833287556966,106.4451670328776
2018-09-17,113.69000244140625,113.69999694824219,111.86000061035156,112.13999938964844,20736500,MSFT,1.2688287772378146,114.48977558613714,105.50322368144097,59.23151134882013,132.22238471739612,18.663809943036078,109.52499949137369,106.62850036621094
2018-09-18,112.19000244140625,113.69999694824219,111.72000122070312,113.20999908447266,22170900,MSFT,1.3428283059836161,114.77248399355328,105.85451490781391,60.75577907098917,130.31042227046075,17.946408608722763,109.69433288574218,106.84183362325032
2018-09-19,113.05000305175781,113.31999969482422,111.04000091552734,111.69999694824219,21728400,MSFT,1.2650462471993222,114.59816602813876,106.6008322323593,57.61121230524251,88.24595271339214,14.469137714232302,109.78833287556967,107.06366691589355
2018-09-20,112.27999877929688,113.80000305175781,111.93000030517578,113.56999969482422,23714500,MSFT,1.338863414577716,114.76731614771502,107.08268232640607,60.24711752573743,117.46913169129742,16.271676519856136,109.92433293660481,107.30516688028972
2018-09-21,114.0,115.29000091552734,113.51000213623047,114.26000213623047,71229700,MSFT,1.4364826046920314,115.03472570553565,107.48527322634912,61.16882055702808,144.83998699667606,21.578807917884735,110.07733306884765,107.58383356730143
2018-09-24,113.02999877929688,114.9000015258789,112.22000122070312,114.66999816894531,27334500,MSFT,1.5293009402438287,115.3893529699981,107.7576456261933,61.71446457701834,119.44004189642958,15.047612402925633,110.2663330078125,107.85116691589356
2018-09-25,114.80000305175781,115.0999984741211,113.75,114.44999694824219,22668000,MSFT,1.5670439725403469,115.71922111321494,107.91277733038858,61.23681422728684,123.9698620782919,15.773285911662766,110.47433293660482,108.1151668548584
2018-09-26,114.47000122070312,115.05999755859375,113.73999786376953,113.9800033569336,19352000,MSFT,1.5412643071122574,115.94733061832149,108.05666794735235,60.2069968827273,109.61722432448015,15.722144253443856,110.62166646321614,108.34800020853679
2018-09-27,114.77999877929688,114.91000366210938,114.19999694824219,114.41000366210938,19091300,MSFT,1.5378043165816422,116.21126455832058,108.03173470925753,60.830439372613284,109.13600884121999,15.722144253443854,110.84666646321615,108.60400021870932
2018-09-28,114.19000244140625,114.56999969482422,113.68000030517578,114.37000274658203,21647800,MSFT,1.5143777060488333,116.45233485181252,108.03266499559957,60.738863562740924,94.61103814559515,12.946314676890031,111.07099990844726,108.84750022888184
2018-10-01,114.75,115.68000030517578,114.7300033569336,115.61000061035156,18883100,MSFT,1.5776828669173,116.87810284312218,107.93489688221962,62.546958257050235,121.33196987921647,17.325504918438163,111.33866653442382,109.08833351135254
2018-10-02,115.30000305175781,115.83999633789062,114.44000244140625,115.1500015258789,20787200,MSFT,1.572606551834454,117.1994446357693,107.95755533371313,61.46074422856477,110.17629642389234,15.75176242521699,111.61466649373372,109.31000022888183
2018-10-03,115.41999816894531,116.18000030517578,114.93000030517578,115.16999816894531,16648000,MSFT,1.5523031135174818,117.24587738743168,108.57912261256831,61.490818622486366,113.7251221006732,17.10041922494499,111.92099965413412,109.52750015258789
2018-10-04,114.61000061035156,114.76000213623047,111.62999725341797,112.79000091552734,34821700,MSFT,1.3288484665461482,116.9806753840505,109.2493249211253,56.100630526546226,35.770741341159734,0.8852363354837418,112.1119997660319,109.70766677856446
2018-10-05,112.62999725341797,113.16999816894531,110.63999938964844,112.12999725341797,29068900,MSFT,1.0859837248869866,116.46074490209155,110.16125521997877,54.72447228830146,-6.564385631483078,3.2715784594270167,112.2643330891927,109.84000002543131
2018-10-08,111.66000366210938,112.02999877929688,109.33999633789062,110.8499984741211,29640600,MSFT,0.7812210335020069,116.19874734256229,110.57025290157833,52.15759753868479,-58.561247177483935,8.398638008783738,112.34599965413412,109.93033332824707
2018-10-09,111.13999938964844,113.08000183105469,110.80000305175781,112.26000213623047,26198600,MSFT,0.6460229659070933,116.12009677049187,110.75090390089485,54.58507729497472,-11.924613001930453,3.8015020793027148,112.43466644287109,110.05283330281576
2018-10-10,111.23999786376953,111.5,105.79000091552734,106.16000366210938,61376300,MSFT,0.046126904005035385,117.32930353920366,108.98669758994671,44.48378169946795,-174.4999220470839,20.453146615622092,112.29799982706706,110.05633341471354
2018-10-11,105.3499984741211,108.93000030517578,104.19999694824219,105.91000366210938,63904300,MSFT,-0.44434581576442156,118.0929515335995,107.52304959555089,44.13748822776545,-204.17787494908916,24.730651845994206,112.09433339436849,110.069500096639
2018-10-12,109.01000213623047,111.23999786376953,107.12000274658203,109.56999969482422,47742100,MSFT,-0.5315900486918679,118.08787309517736,107.14812772879726,50.02897278071822,-90.73208954757813,15.404015681940203,112.01500015258789,110.15566673278809
2018-10-15,108.91000366210938,109.4800033569336,106.94999694824219,107.5999984741211,32068100,MSFT,-0.7510368807145653,118.30332357357133,106.47867715885053,47.254040610545445,-120.5711452049055,15.882879156391363,111.85733337402344,110.17783342997232
2018-10-16,109.54000091552734,111.41000366210938,108.94999694824219,111.0,31610200,MSFT,-0.6431841415657686,118.21095447173163,106.35004635224298,52.00680536636576,-42.452399069412834,8.659404001801516,111.83366673787435,110.22833340962728
2018-10-17,111.68000030517578,111.80999755859375,109.55000305175781,110.70999908447266,26548200,MSFT,-0.5744883746215663,118.19826809052617,106.26373294707147,51.596580898585884,-37.482337244157335,7.226398462537785,111.90766677856445,110.27916666666667
2018-10-18,110.0999984741211,110.52999877929688,107.83000183105469,108.5,32506200,MSFT,-0.6904162519921897,118.13305501380492,105.8219460543103,48.57594340560165,-93.96243502178822,12.367368260061442,111.89966684977213,110.24033330281576
2018-10-19,108.93000030517578,110.86000061035156,108.20999908447266,108.66000366210938,32785500,MSFT,-0.7606111201685337,117.92493591607919,105.47006530462394,48.80043755146614,-87.96776575222282,11.144946120611403,111.91466700236002,110.22433331807454
2018-10-22,109.31999969482422,110.54000091552734,108.23999786376953,109.62999725341797,26545600,MSFT,-0.7295607603712995,117.57357681027062,105.31742431887977,50.16482242664084,-81.47615047784208,11.1449461206114,111.92300033569336,110.25683326721192
2018-10-23,107.7699966430664,108.97000122070312,105.11000061035156,108.0999984741211,43770400,MSFT,-0.8189706573359672,117.25864024747185,104.99736103426645,48.074418728762225,-137.72680804479697,19.980814618172406,111.81833368937174,110.30233319600423
2018-10-24,108.41000366210938,108.48999786376953,101.58999633789062,102.31999969482422,63897800,MSFT,-1.340770671171441,117.67059112708309,103.41940978844427,41.34185111644361,-203.9030680826126,28.27819175941777,111.5053337097168,110.23966649373372
2018-10-25,106.55000305175781,109.2699966430664,106.1500015258789,108.30000305175781,61646800,MSFT,-1.2572716031541376,117.18912153842122,103.28987931607098,48.98789619816549,-92.41991169478739,25.29987201001441,111.35166702270507,110.27333323160808
2018-10-26,105.69000244140625,108.75,104.76000213623047,106.95999908447266,55523100,MSFT,-1.2844191272755268,116.68014484971667,103.05785563856458,47.55109418183247,-110.5242709917099,28.36594149323652,111.1380002339681,110.26316655476889
2018-10-29,108.11000061035156,108.69999694824219,101.62999725341797,103.8499984741211,55162000,MSFT,-1.5391425167744615,116.03556890024069,102.52643137441751,44.42290680019343,-147.16539834001375,34.61733618422279,110.86166687011719,110.19333318074544
2018-10-30,103.66000366210938,104.37999725341797,100.11000061035156,103.7300033569336,65350900,MSFT,-1.7307442983310466,115.30445589245585,102.11554456530783,44.30656743037677,-173.7854787698896,37.363374454993476,110.54566701253255,110.11999994913737
2018-10-31,105.44000244140625,108.13999938964844,105.38999938964844,106.80999755859375,51062400,MSFT,-1.6154385293517066,114.18484103540374,102.39915936132479,47.92763491642403,-78.6894300267118,24.03278953291824,110.3826670328776,110.08549995422364
2018-11-01,107.05000305175781,107.31999969482422,105.52999877929688,105.91999816894531,33384200,MSFT,-1.5776867980794265,113.53006763295949,102.36693248911084,47.013896371260635,-83.65379537546815,24.032789532918244,110.12766698201497,110.0259999593099
2018-11-02,106.4800033569336,107.31999969482422,104.9800033569336,106.16000366210938,37680200,MSFT,-1.5109841567666251,112.91983046131998,102.38017030161947,47.294213075858664,-80.59091227269565,25.16956326992493,109.8576670328776,109.96750005086263
2018-11-05,106.37000274658203,107.73999786376953,105.9000015258789,107.51000213623047,27922100,MSFT,-1.3338128739647033,112.53295316515923,102.43304796399116,48.86824327709749,-57.88176079776267,23.70720286885337,109.61900049845377,109.94266675313314
2018-11-06,107.37999725341797,108.83999633789062,106.27999877929688,107.72000122070312,24340200,MSFT,-1.1630512539315987,111.78288967730026,102.7291113602974,49.1127950058833,-42.54000585969348,19.91156564235094,109.39466730753581,109.93450012207032
2018-11-07,109.44000244140625,112.23999786376953,109.4000015258789,111.95999908447266,37901700,MSFT,-0.6777760667225294,112.50020832486786,102.59179225496612,53.734563430386736,42.96054434620778,9.198434786941808,109.32733383178712,109.97450014750163
2018-11-08,111.80000305175781,112.20999908447266,110.91000366210938,111.75,25644100,MSFT,-0.306602829160866,113.06700207839305,102.60899813523,53.48567079238234,57.43902860072163,9.198434786941807,109.23866704305013,110.04266675313313
2018-11-09,110.8499984741211,111.44999694824219,108.76000213623047,109.56999969482422,32039200,MSFT,-0.18620669496945652,113.06700207839305,102.60899813523,50.95126747723447,20.310438077828355,14.375229311173394,109.07866694132487,110.07483342488607
2018-11-12,109.41999816894531,109.95999908447266,106.0999984741211,106.87000274658203,33621800,MSFT,-0.3051415977280527,113.04766026168188,102.55534037918726,48.03500824689697,-34.65355023194797,20.19822998037271,108.78733367919922,110.06300010681153
2018-11-13,107.55000305175781,108.73999786376953,106.63999938964844,106.94000244140625,35374600,MSFT,-0.3892627954848251,112.6334942281082,102.56350665690157,48.11465571365486,-35.817315860053625,20.19822998037269,108.51366704305013,110.06416676839193
2018-11-14,108.0999984741211,108.26000213623047,104.47000122070312,104.97000122070312,39495100,MSFT,-0.6078847680798702,112.2532289298113,102.36977216882151,46.059367734787436,-78.87309577311309,24.670579059721142,108.1736671447754,110.04733339945476
2018-11-15,104.98999786376953,107.80000305175781,103.91000366210938,107.27999877929688,38505200,MSFT,-0.5879690180818358,112.1604746195157,102.3405263570468,48.716663263170425,-61.63178082020641,25.7810016333891,107.99000040690105,110.05100008646647
2018-11-16,107.08000183105469,108.87999725341797,106.80000305175781,108.29000091552734,33502100,MSFT,-0.4850950376367109,112.12236219730384,102.34163850460045,49.83446127476342,1.2588027397045576,22.18757127649739,107.86200052897135,110.06316680908203
2018-11-19,108.2699966430664,108.55999755859375,103.55000305175781,104.62000274658203,44773900,MSFT,-0.691731003327618,111.86792489758486,102.09507635363585,46.060619843319536,-86.08526964651575,28.54272188134101,107.65433400472006,110.00016682942709
2018-11-20,101.80000305175781,102.97000122070312,99.3499984741211,101.70999908447266,64052500,MSFT,-1.0778793483155056,112.05034112398573,101.27366018827013,43.36683705734833,-230.13340267145216,35.57682396965723,107.30266723632812,109.86866683959961
2018-11-21,103.5999984741211,104.43000030517578,102.23999786376953,103.11000061035156,28130600,MSFT,-1.2564526667024296,111.965980256194,101.43702114761459,44.96861198864875,-141.1820942852938,30.941649542339277,107.2010004679362,109.74950014750162
2018-11-23,102.16999816894531,103.80999755859375,102.0,103.06999969482422,13823100,MSFT,-1.3852329445495855,111.88658288476735,100.99341818334788,44.93105057511745,-138.93788707275564,31.340818990903323,107.1063336690267,109.60033353169759
2018-11-26,104.79000091552734,106.62999725341797,104.58000183105469,106.47000122070312,32336200,MSFT,-1.1991178502622972,111.85663980841753,100.97436147332076,48.69888400360052,-38.77542902833658,22.71864862487368,107.003000386556,109.50900026957194
2018-11-27,106.2699966430664,107.33000183105469,105.36000061035156,107.13999938964844,29124500,MSFT,-0.9861888728818968,111.89196077906007,101.26804059423094,49.40457393600823,-13.289702702436887,20.684220067240787,106.98766708374023,109.42250022888183
2018-11-28,107.88999938964844,111.33000183105469,107.86000061035156,111.12000274658203,46788500,MSFT,-0.4906324105876507,112.45144097391028,101.44756033834557,53.348140261938674,105.93001319072691,9.913035912683114,106.99166717529297,109.41266695658366
2018-11-29,110.33000183105469,111.12000274658203,109.02999877929688,110.19000244140625,28123200,MSFT,-0.17097272902542215,112.8068836792843,101.43011812125282,52.361602460939736,107.9843761548719,9.91303591268312,106.97433395385742,109.44100036621094
2018-11-30,110.69999694824219,110.97000122070312,109.36000061035156,110.88999938964844,33665600,MSFT,0.13726150999596598,113.26529357767436,101.46870834493308,53.03780860568163,113.5654828035576,9.913035912683137,107.05400060017904,109.47683372497559
2018-12-03,113.0,113.41999816894531,110.7300033569336,112.08999633789062,34732800,MSFT,0.472917590456575,113.89319885905111,101.43380233113443,54.190944673649426,158.6218380277464,3.640845520497159,107.16833368937175,109.54150034586588
2018-12-04,111.94000244140625,112.63999938964844,108.20999908447266,108.5199966430664,45197000,MSFT,0.44572032638181724,113.95482409269523,101.4731765481739,50.38351443959747,84.66014046963578,9.156809223065197,107.13133366902669,109.52716700236003
2018-12-06,105.81999969482422,109.23999786376953,105.0,109.19000244140625,49107400,MSFT,0.4727802506764931,114.0631498553251,101.51185090761436,51.051213554443066,21.156881843245806,15.528647647115793,107.16766713460287,109.49300041198731
2018-12-07,108.37999725341797,109.44999694824219,104.30000305175781,104.81999969482422,45044900,MSFT,0.13998902923498235,113.51620882723628,101.34479199673834,46.80166755714268,-33.12221439536831,16.844412572956035,107.2510004679362,109.3781670888265
2018-12-10,104.80000305175781,107.9800033569336,103.88999938964844,107.58999633789062,40801500,MSFT,0.09862824288886429,112.96105595373481,101.48394450402887,49.555100564784986,-21.989268291263432,17.621903725229313,107.22733357747396,109.28950030008951
2018-12-11,109.80000305175781,110.94999694824219,107.44000244140625,108.58999633789062,42381900,MSFT,0.1448711795933093,112.84398922810797,101.50301089396234,50.51168471097393,55.934457701305696,9.920436074782538,107.28166681925455,109.20983352661133
2018-12-12,110.88999938964844,111.2699966430664,109.04000091552734,109.08000183105469,36183000,MSFT,0.2185392043338794,113.01539203323205,101.55260799728552,50.982855256846804,76.02116090114454,9.124051058767723,107.45600026448568,109.15883356730143
2018-12-13,109.58000183105469,110.87000274658203,108.62999725341797,109.44999694824219,31333400,MSFT,0.30328112247509864,113.21857183724708,101.60042764395408,51.34470136635078,66.64681600406502,9.98843044389153,107.6466667175293,109.09616686503092
2018-12-14,108.25,109.26000213623047,105.5,106.02999877929688,47043100,MSFT,0.09339780130265751,113.19671738460457,101.72828185245598,47.95936039181059,-23.4185263927628,16.27737486366206,107.6206667582194,109.0016668955485
2018-12-17,105.41000366210938,105.80000305175781,101.70999908447266,102.88999938964844,56957300,MSFT,-0.3225893423947497,113.33176066122807,101.15423863686762,45.13299757322548,-129.14226008457203,23.014961581943677,107.51966679890951,108.82366689046223
2018-12-18,103.75,104.51000213623047,102.5199966430664,103.97000122070312,49319200,MSFT,-0.5586749716758987,113.26407029660194,100.78992903201134,46.259861547247446,-115.62982741872135,23.014961581943666,107.4466667175293,108.65216687520345
2018-12-19,103.6500015258789,106.87999725341797,101.3499984741211,103.69000244140625,68198200,MSFT,-0.7596117636585689,113.30636400219477,100.65463529590095,46.00644565562844,-98.30937684220955,16.728681035051657,107.31933339436848,108.46916694641114
2018-12-20,103.05000305175781,104.30999755859375,98.77999877929688,101.51000213623047,70334200,MSFT,-1.0822874881187516,113.3319763931539,100.60902321011758,44.06233620947932,-151.05820021774568,21.243409229265424,107.11233342488607,108.25350036621094
2018-12-21,101.62999725341797,103.0,97.45999908447266,98.2300033569336,111242100,MSFT,-1.584414667874853,114.0178348315521,99.4351650463776,41.343108717640305,-185.83156796510787,23.44863530230061,106.65466690063477,107.99100036621094
2018-12-24,97.68000030517578,97.97000122070312,93.9800033569336,94.12999725341797,43935200,MSFT,-2.2868291597833093,115.38510983015223,97.17388980363683,38.287686543105124,-257.16298326174154,28.879734284319102,106.0673334757487,107.65300025939942
2018-12-26,95.13999938964844,100.69000244140625,93.95999908447266,100.55999755859375,51634800,MSFT,-2.29815867571142,115.44041091784568,96.52758834973245,44.894781826865255,-164.73306915413346,21.887627545610265,105.76700007120768,107.42283350626627
2018-12-27,99.30000305175781,101.19000244140625,96.4000015258789,101.18000030517578,49498500,MSFT,-2.2313863260620934,115.36210848785993,96.00989087127093,45.47705121071049,-124.16733404861479,20.642970784384314,105.5773333231608,107.18233350118001
2018-12-28,102.08999633789062,102.41000366210938,99.5199966430664,100.38999938964844,38196300,MSFT,-2.2166629191588356,114.7465518998632,95.55244712357428,44.85234812477367,-90.9727209551278,17.611500692280526,105.35899988810222,106.93633346557617
2018-12-31,101.29000091552734,102.4000015258789,100.44000244140625,101.56999969482422,33173800,MSFT,-2.0857352920364747,114.1349703398523,95.302028408927,45.99855889818393,-71.4109423142343,17.611500692280526,105.24566650390625,106.70966682434081
2019-01-02,99.55000305175781,101.75,98.94000244140625,101.12000274658203,35329300,MSFT,-1.9952847960933866,113.30595122123697,95.15404786323569,45.62446044885145,-81.33641000111135,20.248250901306314,105.04033330281575,106.51516685485839
2019-01-03,100.0999984741211,100.19000244140625,97.19999694824219,97.4000015258789,42579100,MSFT,-2.198432968774199,112.26567408514423,94.72532551812726,42.65761436191358,-114.5335708554765,23.197819912758625,104.67733332316081,106.26966692606608
2019-01-04,99.72000122070312,102.51000213623047,98.93000030517578,101.93000030517578,44060600,MSFT,-1.971173851371958,111.63121814839852,94.7007818210839,46.99928858970908,-59.64173467851478,17.218195034553705,104.58766657511393,106.12100028991699
2019-01-07,101.63999938964844,103.2699966430664,100.9800033569336,102.05999755859375,35656100,MSFT,-1.7602881653696727,110.79339669752557,94.8256027836756,47.11815179849253,-43.245792730154115,15.32137335189262,104.59933319091797,105.95100021362305
2019-01-08,103.04000091552734,103.97000122070312,101.70999908447266,102.80000305175781,31514400,MSFT,-1.515972296079923,110.63621758941748,94.78078222747705,47.80743612965776,-30.180445130269412,13.570277789511112,104.58899993896485,105.89500020345052
2019-01-09,103.86000061035156,104.87999725341797,103.23999786376953,104.2699966430664,32280800,MSFT,-1.190016245380093,110.17331702834893,94.91168281906319,49.1689577749694,-8.130403114215811,11.297549490009606,104.62899983723959,105.86766675313314
2019-01-10,103.22000122070312,103.75,102.37999725341797,103.5999984741211,30067600,MSFT,-0.974523281865828,109.39956619179566,95.1864338692395,48.57153852787527,-22.298286923214665,12.999654408893166,104.53333307902018,105.76816673278809
2019-01-11,103.19000244140625,103.44000244140625,101.63999938964844,102.80000305175781,28314200,MSFT,-0.8584013836672284,108.33861497167696,95.61938521142851,47.85335124955424,-31.156465358166688,14.46072512579531,104.38866653442383,105.68816680908203
2019-01-14,101.9000015258789,102.87000274658203,101.26000213623047,102.05000305175781,28437100,MSFT,-0.8174693963757989,106.91170246198004,96.306298331477,47.17682972475282,-38.387063686575964,15.217090818432597,104.08633321126302,105.539000193278
2019-01-15,102.51000213623047,105.05000305175781,101.87999725341797,105.01000213623047,31587600,MSFT,-0.5399590019146103,106.69882069455319,96.4171804345972,50.05937918865293,1.6858641012609767,9.47235487156829,103.91366653442383,105.44400024414062
2019-01-16,105.26000213623047,106.26000213623047,104.95999908447266,105.37999725341797,29853900,MSFT,-0.2868676692487071,107.07365468420745,96.29134623131988,50.409308356596384,38.44619323178153,6.425507903592878,103.72999979654948,105.39200019836426
2019-01-17,105.0,106.62999725341797,104.76000213623047,106.12000274658203,28393000,MSFT,-0.026275814636989026,107.45214119281619,96.12785987529904,51.11796794313957,53.23857212037853,5.496714072909427,103.53100001017252,105.34966684977213
2019-01-18,107.45999908447266,107.9000015258789,105.91000366210938,107.70999908447266,37427600,MSFT,0.30502834700892834,108.19647472233464,95.78552601008724,52.622811063644846,88.84311547267693,2.3257524670794076,103.50400009155274,105.3176668802897
2019-01-22,106.75,107.0999984741211,104.86000061035156,105.68000030517578,32371300,MSFT,0.3991838035453128,108.61363760340983,95.78536294590658,50.5667776674501,61.00718219334225,4.773785134675171,103.38700002034506,105.27733357747395
2019-01-23,106.12000274658203,107.04000091552734,105.33999633789062,106.70999908447266,25874300,MSFT,0.5505683652366002,109.05389951329089,96.19310060877943,51.560174746022575,72.4815875239786,4.7737851346751645,103.45,105.3505002339681
2019-01-24,106.86000061035156,107.0,105.33999633789062,106.19999694824219,23164800,MSFT,0.6222162888539913,108.454058627074,97.99994146447872,51.03484822465493,68.53089415933847,4.77378513467517,103.40366668701172,105.31550013224283
2019-01-25,107.23999786376953,107.87999725341797,106.19999694824219,107.16999816894531,31225600,MSFT,0.7486389327829102,108.90893664166668,98.20606351092121,51.99713745450608,94.30984523882685,2.39274430021869,103.35633341471355,105.31900011698404
2019-01-28,106.26000213623047,106.4800033569336,104.66000366210938,105.08000183105469,29476700,MSFT,0.6724331603851255,109.02277237314584,98.48222793202993,49.81503344412721,59.22174974651773,6.249725528697667,103.2230000813802,105.33950017293294
2019-01-29,104.87999725341797,104.97000122070312,102.16999816894531,102.94000244140625,31490500,MSFT,0.43435252516837863,108.9263855554199,98.83361505493167,47.694918047296156,11.706909688402051,12.062007868061052,103.00600026448568,105.32633349100749
2019-01-30,104.62000274658203,106.37999725341797,104.33000183105469,106.37999725341797,49471900,MSFT,0.517287767194162,109.1618157495372,99.07918461667373,51.152026619589186,80.96871242279555,8.134829762313306,103.01766688028971,105.31916681925456
2019-01-31,103.80000305175781,105.22000122070312,103.18000030517578,104.43000030517578,55636400,MSFT,0.4208151915176046,109.12586954184883,99.44613058022148,49.24341866849028,38.51558450764845,10.773114794270148,103.06900024414062,105.29433352152506
2019-02-01,103.77999877929688,104.0999984741211,102.3499984741211,102.77999877929688,35535700,MSFT,0.2088115966408992,108.24479935687492,100.86520049053718,47.68595460108675,4.640014089632739,12.646195728956815,103.02933349609376,105.23800010681153
2019-02-04,102.87000274658203,105.80000305175781,102.7699966430664,105.73999786376953,31315100,MSFT,0.276457577802077,108.25360282393798,101.23739677933351,50.58628726624129,52.34655737612041,7.849171403532912,103.0976666768392,105.20850003560385
2019-02-05,106.05999755859375,107.2699966430664,105.95999908447266,107.22000122070312,27325400,MSFT,0.44436899803642405,108.43822024325279,101.56877972622964,51.96379047745068,103.2138334472999,3.8916379724383776,103.28799997965494,105.20016670227051
2019-02-06,107.0,107.0,105.52999877929688,106.02999877929688,20609800,MSFT,0.4759305257085771,108.46456426803213,101.86543527420419,50.78618681302978,80.79377043103183,4.947117106191672,103.54799982706706,105.10133336385091
2019-02-07,105.19000244140625,105.58999633789062,104.29000091552734,105.2699966430664,29760700,MSFT,0.43460755759619474,108.48765655834129,101.94234298389503,50.037017536768445,43.67870463998097,7.962407581675142,103.91933314005534,104.99333330790202
2019-02-08,104.38999938964844,105.77999877929688,104.26000213623047,105.66999816894531,21461100,MSFT,0.4291881737310064,108.5059221112049,102.13107740051386,50.43510512200399,45.69114204015389,7.422251073938835,104.08966649373373,104.9283332824707
2019-02-11,106.19999694824219,106.58000183105469,104.97000122070312,105.25,18914100,MSFT,0.3865470569551661,108.40108969274705,102.48090951379591,50.00236236486854,54.52974052689954,5.131201952867825,104.22533315022787,104.90133323669434
2019-02-12,106.13999938964844,107.13999938964844,105.4800033569336,106.88999938964844,25056600,MSFT,0.47955984205195534,108.2397077437154,103.12629109661663,51.67718435767205,82.87118690534727,3.5322567541451453,104.44199981689454,104.90049985249837
2019-02-13,107.5,107.77999877929688,106.70999908447266,106.80999755859375,18394900,MSFT,0.5405861248550394,108.35654217593938,103.18945620662899,51.589974820040624,99.51192916127283,1.7035058392790852,104.61666641235351,104.93116645812988
2019-02-14,106.30999755859375,107.29000091552734,105.66000366210938,106.9000015258789,21784700,MSFT,0.5894180176055102,108.47297634916632,103.22502246064815,51.684867627906975,77.95170386373005,4.564518933179997,104.80933303833008,104.92483317057291
2019-02-15,107.91000366210938,108.30000305175781,107.36000061035156,108.22000122070312,26606900,MSFT,0.7262587295457763,108.78364198370738,103.12435667351917,53.080237147048884,132.7764561561391,1.6212859177175003,105.16999969482421,104.92366650899251
2019-02-19,107.79000091552734,108.66000366210938,107.77999877929688,108.16999816894531,18038500,MSFT,0.8212048133525371,108.87342917782095,103.08056938785288,53.02023129416736,139.96173214753338,0.5774193405909694,105.37799962361653,104.98283309936524
2019-02-20,107.86000061035156,107.94000244140625,106.29000091552734,107.1500015258789,21607700,MSFT,0.8048670577616122,108.98948896039545,103.1115097273487,51.78488348232641,85.95871187022567,4.7659179147747945,105.54766642252604,105.07349980672201
2019-02-21,106.9000015258789,109.4800033569336,106.87000274658203,109.41000366210938,29063200,MSFT,0.9631796184337134,109.4787370762671,102.89226206924073,54.22926442078837,150.61672168221781,0.25029578239244554,105.76799977620443,105.17849985758464
2019-02-22,110.05000305175781,111.19999694824219,109.81999969482422,110.97000122070312,27763200,MSFT,1.2006815197206606,110.35148222002616,102.49651735272775,55.8283354637107,227.21646121799807,4.5053105615925135,105.99133326212565,105.31016654968262
2019-02-25,111.76000213623047,112.18000030517578,111.26000213623047,111.58999633789062,23750600,MSFT,1.4225338275733037,111.19700328744239,102.09299610220606,56.45382136359791,243.7949804292565,7.102759623580017,106.2576665242513,105.39549980163574
2019-02-26,111.26000213623047,113.23999786376953,111.16999816894531,112.36000061035156,21536700,MSFT,1.6415633688214228,112.15907571700399,101.85892355057413,57.23189709150965,239.14280607461575,9.846548772082457,106.57633310953776,105.4824998219808
2019-02-27,111.69000244140625,112.36000061035156,110.87999725341797,112.16999816894531,21487100,MSFT,1.7793035454840123,112.7381789066898,102.20281993364225,56.97204695772823,197.66671106719213,8.935929524858599,106.91366628011068,105.49999974568685
2019-02-28,112.04000091552734,112.87999725341797,111.7300033569336,112.02999877929688,29083900,MSFT,1.855774632350446,113.36893242525875,102.13706656766118,56.77555877420491,187.57005134739134,10.315025608829567,107.1476661682129,105.53066635131836
2019-03-01,112.88999938964844,113.0199966430664,111.66999816894531,112.52999877929688,23501200,MSFT,1.9344254880737282,113.930998957897,102.38499988243504,57.31940015205056,168.7392561404516,10.691719047306977,107.38599955240885,105.55799967447916
2019-03-04,113.0199966430664,113.25,110.80000305175781,112.26000213623047,26608000,MSFT,1.9524636002268352,114.09413238149155,103.16986679453383,56.91935002842458,139.3842117740988,7.781494511339083,107.59066619873047,105.5608331044515
2019-03-05,112.25,112.38999938964844,111.2300033569336,111.69999694824219,19538300,MSFT,1.8996729483109647,114.37810117162286,103.4818979128498,56.07955314377419,115.76993879022926,7.781494511339068,107.72366612752279,105.61383310953777
2019-03-06,111.87000274658203,112.66000366210938,111.43000030517578,111.75,17687000,MSFT,1.8406529038070119,114.68138800791101,103.63161095449132,56.139327833049556,109.15376226436108,8.579772215591484,107.92599945068359,105.65649973551432
2019-03-07,111.4000015258789,111.55000305175781,109.87000274658203,110.38999938964844,25339000,MSFT,1.6649459495515657,114.7211542055924,104.02784481784511,54.06888226118597,68.32355072273761,3.238389693789577,108.0486661275228,105.7493330637614
2019-03-08,109.16000366210938,110.70999908447266,108.80000305175781,110.51000213623047,22818400,MSFT,1.517882931562525,114.63874017932096,104.63425939343296,54.22298820480969,49.23426833503779,0.2436080054784213,108.1923329671224,105.79799982706706
2019-03-11,110.98999786376953,112.94999694824219,110.9800033569336,112.83000183105469,26491600,MSFT,1.5704360078640605,114.82332744213377,105.16567249683106,57.10154016705865,97.491419976005,6.580003778684746,108.38099975585938,105.86866658528646
2019-03-12,112.81999969482422,113.98999786376953,112.6500015258789,113.62000274658203,26132700,MSFT,1.656733379904594,114.95264125285291,105.87335896077013,58.031183334548224,115.32720781855791,9.537575060370987,108.66566645304361,105.94433326721192
2019-03-13,114.12999725341797,115.0,113.77999877929688,114.5,35513800,MSFT,1.7756643396972862,115.3654063814699,106.22159389318831,59.05369042002089,128.27151392233966,12.326118640106355,109.05099970499674,106.02849998474122
2019-03-14,114.54000091552734,115.19999694824219,114.33000183105469,114.58999633789062,30763400,MSFT,1.8557875705951261,115.65003733277118,106.71496281981672,59.15896006823699,124.008192221383,12.876254659880015,109.32466634114583,106.17116661071778
2019-03-15,115.33999633789062,117.25,114.58999633789062,115.91000366210938,54681100,MSFT,2.0027133349616406,116.09937072894203,107.1666296372689,60.692307996112106,140.77627177817436,18.31145320680882,109.70733311971028,106.38816668192545
2019-03-18,116.16999816894531,117.61000061035156,116.05000305175781,117.56999969482422,31207600,MSFT,2.2274245052663986,116.9991248442549,107.20187536936815,62.522788687457435,157.5333602112515,19.226867707230163,110.20033315022786,106.61483332316081
2019-03-19,118.08999633789062,118.44000244140625,116.98999786376953,117.6500015258789,37588700,MSFT,2.3844784228797096,117.70106859122804,107.44793195808838,62.60959751319824,160.48349483116752,21.329520124511053,110.59733327229817,106.84749997456869
2019-03-20,117.38999938964844,118.75,116.70999908447266,117.5199966430664,28113300,MSFT,2.4699820608665704,118.00258240238199,108.18341765865316,62.3667505233202,148.18391247108283,22.11289315185053,110.94066645304362,107.11433321634928
2019-03-21,117.13999938964844,120.81999969482422,117.08999633789062,120.22000122070312,29854400,MSFT,2.7242091274669775,119.17531942569752,108.091680391197,65.26162295569698,171.86175801718647,27.125543460748702,111.41366653442383,107.48083318074545
2019-03-22,119.5,119.58999633789062,117.04000091552734,117.05000305175781,33624500,MSFT,2.6394674125803306,119.5309326956528,108.3440673043472,59.68535939875393,134.38294319883275,26.921454228000822,111.80633341471354,107.86283327738444
2019-03-25,116.55999755859375,118.01000213623047,116.31999969482422,117.66000366210938,27067100,MSFT,2.5916559477532246,119.955521756103,108.52647897631888,60.35960467772332,115.57049016416211,23.956734488084848,112.20600026448568,108.1478333791097
2019-03-26,118.62000274658203,118.70999908447266,116.8499984741211,117.91000366210938,26097700,MSFT,2.544605302116551,120.38541279391971,108.65158824367795,60.638703186539,116.1964407295912,25.702197873100772,112.628000386556,108.42666676839193
2019-03-27,117.87999725341797,118.20999908447266,115.5199966430664,116.7699966430664,22733400,MSFT,2.3878031787782277,120.5883617516197,108.90863913339005,58.68944088013968,86.6745427377293,20.275848371231547,112.95733362833658,108.69966672261556
2019-03-28,117.44000244140625,117.58000183105469,116.12999725341797,116.93000030517578,18334800,MSFT,2.2505049050059114,120.76388033173541,109.22312070586224,58.88135407641198,80.96245023552552,20.27584837123155,113.29466705322265,108.95566673278809
2019-03-29,118.06999969482422,118.31999969482422,116.95999908447266,117.94000244140625,25399800,MSFT,2.1978582238293995,121.05531399555079,109.4726874082578,60.092005983328455,92.66433537450303,22.27367485955296,113.66266708374023,109.23600006103516
2019-04-01,118.94999694824219,119.11000061035156,118.0999984741211,119.0199966430664,22789100,MSFT,2.217717390289863,121.44396013359507,109.76004072089712,61.35076831763933,106.49842129889554,24.366825922690545,114.02266693115234,109.59633331298828
2019-04-02,119.05999755859375,119.4800033569336,118.5199966430664,119.19000244140625,18142300,MSFT,2.2215651497456435,121.72479035031185,110.22821105349675,61.548267508162354,106.20858647335069,25.340952721827993,114.39000040690104,109.88400001525879
2019-04-03,119.86000061035156,120.43000030517578,119.1500015258789,119.97000122070312,22860700,MSFT,2.261484919180603,122.03802059270974,110.73698093316916,62.45878076645898,116.66041474534882,27.8105020488229,114.81733373006185,110.18250007629395
2019-04-04,120.0999984741211,120.2300033569336,118.37999725341797,119.36000061035156,20112800,MSFT,2.2183281665539596,121.87275969559967,111.79924195234956,61.28474229215762,98.32969994012427,24.361330439211077,115.14900029500326,110.45850003560385
2019-04-05,119.38999938964844,120.2300033569336,119.37000274658203,119.88999938964844,15826200,MSFT,2.201514907812566,121.54545486018164,113.06454651310939,61.92796704882705,103.21161190245262,24.36133043921108,115.44633356730144,110.71883341471354
2019-04-08,119.80999755859375,120.0199966430664,118.63999938964844,119.93000030517578,15116200,MSFT,2.166444593993859,121.49217477442336,113.82782644627976,61.97728919797265,90.83170304015569,21.047113478542222,115.72433369954427,110.99100011189779
2019-04-09,118.62999725341797,119.54000091552734,118.58000183105469,119.27999877929688,17612000,MSFT,2.0624270515416327,121.32896021485615,114.55704060911845,60.65635871797926,77.39992579217126,20.77346120111842,115.95500030517579,111.26566670735677
2019-04-10,119.76000213623047,120.3499984741211,119.54000091552734,120.19000244140625,16477200,MSFT,2.0300212685175296,121.34057645010706,115.11442461800816,61.834428918446584,93.7958574374769,23.198332357394992,116.22233378092447,111.56800003051758
2019-04-11,120.54000091552734,120.8499984741211,119.91999816894531,120.33000183105469,14209100,MSFT,1.9926660192424634,121.25119453633785,115.7778070810938,62.01544199721017,97.58058641795743,24.670617545502168,116.4990005493164,111.82333335876464
2019-04-12,120.63999938964844,120.9800033569336,120.37000274658203,120.94999694824219,19745100,MSFT,1.9901489413326061,121.42032587865783,116.11267506738709,62.82322604867759,103.60517430256483,25.057042387256367,116.77966715494792,112.08283335367838
2019-04-15,120.94000244140625,121.58000183105469,120.56999969482422,121.05000305175781,15792600,MSFT,1.9734748065972525,121.71749249475967,116.16350878697862,62.95468283426484,108.1590204176317,26.848625096835914,117.07266718546549,112.33166669209798
2019-04-16,121.63999938964844,121.6500015258789,120.0999984741211,120.7699966430664,14071800,MSFT,1.9155845908651514,121.91842385510445,116.27457693835258,62.316450594257276,99.39102848759715,24.437991943624084,117.3750005086263,112.54933331807455
2019-04-17,121.23999786376953,121.8499984741211,120.54000091552734,121.7699966430664,19300900,MSFT,1.9281710646834114,122.26782449165115,116.35017630180589,63.676919610790186,111.8375499043954,25.064863412125405,117.70900039672851,112.81749992370605
2019-04-18,122.19000244140625,123.5199966430664,121.30000305175781,123.37000274658203,27991000,MSFT,2.043694617218236,122.9230040980255,116.00999684801943,65.7250543522557,147.27287272655445,30.075794567461063,118.14166717529297,113.09516665140788
2019-04-22,122.62000274658203,124.0,122.56999969482422,123.76000213623047,15648700,MSFT,2.1420256183246806,123.5603238098811,116.0436770446111,66.20554707843044,164.2602536441838,31.439000937309746,118.58333384195963,113.38783340454101
2019-04-23,124.0999984741211,125.58000183105469,123.83000183105469,125.44000244140625,24025500,MSFT,2.3286721464611446,124.57437138572053,115.80762934670136,68.19258910265448,203.58719976527522,35.707092293476464,119.00366719563802,113.6923334757487
2019-04-24,125.79000091552734,125.8499984741211,124.5199966430664,125.01000213623047,31257000,MSFT,2.4140655883607423,125.28698742404656,115.80501315578742,67.14721367403806,196.85796330688234,36.40691892818801,119.38333384195964,114.02450014750163
2019-04-25,130.05999755859375,131.3699951171875,128.8300018310547,129.14999389648438,38033900,MSFT,2.7837143161557805,126.94833084691065,115.38166945826514,71.49884016128621,301.38444168759025,48.307287834984805,119.87166697184244,114.46133333841959
2019-04-26,129.6999969482422,130.52000427246094,129.02000427246094,129.88999938964844,23654900,MSFT,3.1006336799381273,128.44093382126508,115.18506639235798,72.18022388715862,255.5914614877294,48.307287834984805,120.38166707356771,114.85316670735678
2019-04-29,129.89999389648438,130.17999267578125,129.35000610351562,129.77000427246094,16324200,MSFT,3.3040252099641663,129.65899437703783,115.15000601969071,71.89191292858257,216.95600910406927,48.30728783498481,120.84366709391276,115.27550010681152
2019-04-30,129.80999755859375,130.6999969482422,129.38999938964844,130.60000610351562,24166500,MSFT,3.4919358116360684,130.91728093800657,115.04972040476687,72.6729548289622,193.96313791183317,49.29680594044994,121.27800064086914,115.73916689554851
2019-05-01,130.52999877929688,130.64999389648438,127.69999694824219,127.87999725341797,26821700,MSFT,3.382384314230066,131.42848536649825,115.40751545747638,66.41643103146086,141.98414676724036,40.26943768689327,121.61900049845377,116.10816688537598
2019-05-02,127.9800033569336,128.0,125.5199966430664,126.20999908447266,27350200,MSFT,3.1247884516259603,131.66071419389831,115.79928641645324,62.9730585529392,89.79284689255864,29.796553913033303,121.90866724650066,116.42466684977214
2019-05-03,127.36000061035156,129.42999267578125,127.25,128.89999389648438,24911100,MSFT,3.1019446872775234,132.17850740183334,116.23549253713152,65.91747313219025,113.73671489806067,33.18186136033732,122.19800033569337,116.80583343505859
2019-05-06,126.38999938964844,128.55999755859375,126.11000061035156,128.14999389648438,24239800,MSFT,2.9888682942720237,132.50519905716803,116.73480033248039,64.43950059627961,89.08480470371701,28.08805558770324,122.56800003051758,117.18716672261556
2019-05-07,126.45999908447266,127.18000030517578,124.22000122070312,125.5199966430664,36017700,MSFT,2.65641415082672,132.47493418679457,117.32406483664292,59.59248314056032,50.604683441066115,20.203201896311167,122.82999979654947,117.51800003051758
2019-05-08,125.44000244140625,126.37000274658203,124.75,125.51000213623047,28419000,MSFT,2.3648745717892012,132.31092596286095,118.1110733962699,59.57486683521858,44.85421654851652,20.203201896311153,123.08333307902018,117.85566673278808
2019-05-09,124.29000091552734,125.79000091552734,123.56999969482422,125.5,27235800,MSFT,2.108712342909058,132.17144395096082,118.78155516402941,59.55664012919194,30.69334340861673,15.45462672942499,123.37433319091797,118.16583340962728
2019-05-10,124.91000366210938,127.93000030517578,123.81999969482422,127.12999725341797,30915100,MSFT,2.0140128009774827,132.08826481404245,119.54473384318412,61.54030502699032,50.784752036094304,21.28829072053738,123.7143330891927,118.50450007120769
2019-05-13,124.11000061035156,125.55000305175781,123.04000091552734,123.3499984741211,33944900,MSFT,1.6153279261757945,131.90050073968573,119.97249807012872,55.06146993983432,3.792454835695323,18.21276425735039,123.8946662902832,118.77866668701172
2019-05-14,123.87000274658203,125.87999725341797,123.69999694824219,124.7300033569336,25266300,MSFT,1.3946455456731712,131.66182545599642,120.57917338433559,56.779912967600055,16.115014629979466,19.11045884582246,124.0849998474121,119.05383338928223
2019-05-15,124.26000213623047,126.70999908447266,123.69999694824219,126.0199966430664,24722700,MSFT,1.3087582955045036,131.32176111151017,121.44423772882186,58.32112485143988,27.370052424554597,21.356420553446146,124.31266632080079,119.35133336385091
2019-05-16,126.75,129.3800048828125,126.45999908447266,128.92999267578125,30112200,MSFT,1.458689526096009,131.29484308852096,122.18715535508255,61.52301174533434,82.31450729923104,28.00836233372554,124.61133270263672,119.71433321634929
2019-05-17,128.30999755859375,130.4600067138672,127.91999816894531,128.07000732421875,25770500,MSFT,1.4909309519208733,131.27535655000418,122.67664235136301,60.11123011661489,90.2502740035025,30.469281938066008,124.90166625976562,120.02533327738443
2019-05-20,126.5199966430664,127.58999633789062,125.76000213623047,126.22000122070312,23706900,MSFT,1.3516218276921705,131.14420590651028,123.05379290330418,57.19070623038066,35.43442321452835,21.851454213470728,125.11266632080078,120.27949994405111
2019-05-21,127.43000030517578,127.52999877929688,126.58000183105469,126.9000015258789,15293300,MSFT,1.2813184432797868,131.1431665919552,123.20083212630654,57.96722579986622,43.02624471793221,21.851454213470724,125.34499969482422,120.53466669718425
2019-05-22,126.62000274658203,128.24000549316406,126.5199966430664,127.66999816894531,15396500,MSFT,1.2730597581496852,131.14737494817973,123.46262337335348,58.841754715858414,50.96969177068939,23.62601548965374,125.62466634114584,120.7898333231608
2019-05-23,126.19999694824219,126.29000091552734,124.73999786376953,126.18000030517578,23603800,MSFT,1.1332212463863556,130.92754901511086,123.38544994729148,56.489034200509174,-0.08557384553728334,16.75043885728376,125.82433293660482,121.02333335876465
2019-05-24,126.91000366210938,127.41999816894531,125.97000122070312,126.23999786376953,14123400,MSFT,1.0155330866147665,130.53550994184846,123.41248886796602,56.5613830955249,18.239744552848695,19.683916076876248,126.02133280436198,121.26016667683919
2019-05-28,126.9800033569336,128.0,126.05000305175781,126.16000366210938,23128400,MSFT,0.9053729329676798,130.11627683742626,123.47072191135307,56.4319615706128,19.48995991894291,21.159037993597902,126.19499969482422,121.48733342488607
2019-05-29,125.37999725341797,125.38999938964844,124.04000091552734,124.94000244140625,22763100,MSFT,0.7114254453194917,129.40471167961135,123.61628670295701,54.465729260659955,-52.07547156742921,13.67427593652611,126.32466634114583,121.69866676330567
2019-05-30,125.26000213623047,125.76000213623047,124.77999877929688,125.7300033569336,16829600,MSFT,0.61438488905236,129.24222616187257,123.56377283104736,55.504258471982716,-38.27352178774177,14.67800127648044,126.48999989827475,121.93250020345052
2019-05-31,124.2300033569336,124.62000274658203,123.31999969482422,123.68000030517578,26646800,MSFT,0.36782141902703813,129.36631880000576,123.18668031498449,52.302052706925124,-105.93917833847526,9.481782695870612,126.55366668701171,122.13133354187012
2019-06-03,123.8499984741211,124.37000274658203,119.01000213623047,119.83999633789062,37983600,MSFT,-0.13587188871387923,129.81796538733988,121.82903397179098,47.04288194709357,-209.47310874132026,3.8261876898133442,126.43599980672201,122.28883349100748
2019-06-04,121.27999877929688,123.27999877929688,120.6500015258789,123.16000366210938,29382600,MSFT,-0.26411111092403416,129.5799556803036,121.56804465538976,51.41259453087176,-154.55198302827424,3.826187689813336,126.41599985758464,122.49966684977214
2019-06-05,124.94999694824219,125.87000274658203,124.20999908447266,125.83000183105469,24926100,MSFT,-0.14858231586315185,129.59697484538086,121.58202600911133,54.533732796642234,-43.09251098451883,3.7014648537727437,126.42899983723959,122.71633351643881
2019-06-06,126.44000244140625,127.97000122070312,125.5999984741211,127.81999969482422,21459000,MSFT,0.10237121146089123,129.83413417192716,121.57586643842441,56.67933552375656,24.873360350408728,9.221926845247399,126.52266642252604,122.95300013224283
2019-06-07,129.19000244140625,132.25,128.25999450683594,131.39999389648438,33885600,MSFT,0.5834041824431182,130.84793447728808,121.15206552271192,60.17676909444558,157.9549860361182,19.010761273898076,126.59766642252605,123.23466669718424
2019-06-10,132.39999389648438,134.0800018310547,132.0,132.60000610351562,26477100,MSFT,1.0493608550562499,131.93823647926078,120.60876440574897,61.26126130910346,226.1594960744137,22.697762023203794,126.68799997965495,123.53483352661132
2019-06-11,133.8800048828125,134.24000549316406,131.27999877929688,132.10000610351562,23913700,MSFT,1.3625820560487938,132.76335201603206,120.65864963191717,60.55051375093954,198.81231017277096,20.46565950728542,126.76566670735677,123.80466690063477
2019-06-12,131.39999389648438,131.97000122070312,130.7100067138672,131.49000549316406,17092500,MSFT,1.5437942639089641,133.38397800865957,120.7140238529127,59.676702203440186,154.67785533731652,18.69727348699064,126.79533335367839,124.03666699727377
2019-06-13,131.97999572753906,133.0,131.55999755859375,132.32000732421875,17200800,MSFT,1.734387515690841,134.0975285938796,120.63047433580792,60.47947870135681,168.86801774423654,20.86873957078823,126.94333368937174,124.28116709391276
2019-06-14,132.25999450683594,133.7899932861328,131.63999938964844,132.4499969482422,17821700,MSFT,1.8743171557190692,134.62092253990772,120.45908081702585,60.606540681823425,157.2754814727157,22.510836764364985,127.15133361816406,124.53000043233236
2019-06-17,132.6300048828125,133.72999572753906,132.52999877929688,132.85000610351562,14517800,MSFT,1.994498462649375,135.24732296424403,120.31068027061927,61.005638423850705,152.53198423167296,22.51083676436499,127.28300069173177,124.74050051371256
2019-06-18,134.19000244140625,135.24000549316406,133.57000732421875,135.16000366210938,25934500,MSFT,2.2502015885635274,136.34339942368845,120.10860405531547,63.23100594594898,169.06799055619575,25.66613461480746,127.51666768391927,125.04233385721842
2019-06-19,135.0,135.92999267578125,133.80999755859375,135.69000244140625,23744400,MSFT,2.46717457743091,137.40834864948522,119.92265492107138,63.72239462718391,157.5781976279212,27.069887931437076,127.85566787719726,125.34283383687337
2019-06-20,137.4499969482422,137.66000366210938,135.72000122070312,136.9499969482422,33042600,MSFT,2.7095640925882094,138.60427073873046,119.65473270975586,64.87679016087897,168.2815120149323,30.475334579639142,128.23700103759765,125.66016705830891
2019-06-21,136.5800018310547,137.72999572753906,136.4600067138672,136.97000122070312,36727900,MSFT,2.8701879670235826,139.65178795598692,119.6862155840521,64.8951369755727,153.92895851395136,30.610941358723643,128.61933441162108,125.99683380126953
2019-06-24,137.0,138.39999389648438,137.0,137.77999877929688,20628800,MSFT,3.0279393779701707,140.7163883145077,119.77561531708409,65.6467910107385,147.6267242718824,31.925782290900344,128.9743344624837,126.34433377583822
2019-06-25,137.25,137.58999633789062,132.72999572753906,133.42999267578125,33327400,MSFT,2.7700183226994852,140.98698193301513,120.23202059994387,58.667982565160244,87.36438598071821,17.27485613805626,129.31033426920573,126.60250027974446
2019-06-26,134.35000610351562,135.74000549316406,133.60000610351562,133.92999267578125,23657700,MSFT,2.576262301359776,141.17807030819748,120.93993124819903,59.18392636294073,78.5982495073218,17.274856138056265,129.61700057983398,126.85100021362305
2019-06-27,134.13999938964844,134.7100067138672,133.50999450683594,134.14999389648438,16557500,MSFT,2.4126499911199915,141.36342781243783,121.59657279791375,59.41452924090025,68.77936489591886,16.981786841749138,129.88800048828125,127.10033340454102
2019-06-28,134.57000732421875,134.60000610351562,133.16000366210938,133.9600067138672,30043000,MSFT,2.241813448687793,141.21658922024216,122.77141203097852,59.116154440097475,61.19510898689265,15.817603283781882,130.0556676228841,127.33350016276042
2019-07-01,136.6300048828125,136.6999969482422,134.97000122070312,135.67999267578125,22613500,MSFT,2.219626280511079,140.14646538493454,125.4255355000752,60.952629890629915,85.1535247587904,20.715137323254144,130.30933380126953,127.60550003051758
2019-07-02,136.1199951171875,136.58999633789062,135.33999633789062,136.5800018310547,15237800,MSFT,2.24874388728324,139.44062581029232,127.47337489161197,61.879538299210616,86.07847614123918,20.715137323254147,130.65466715494793,127.88366673787435
2019-07-03,136.8000030517578,137.74000549316406,136.2899932861328,137.4600067138672,13629300,MSFT,2.3161299358073393,139.08894148505394,128.98805970513163,62.773378871379336,95.63454795154105,23.329203408239767,131.00666732788085,128.17583351135255
2019-07-05,135.94000244140625,137.3300018310547,135.72000122070312,137.05999755859375,18141100,MSFT,2.3106210675829573,138.78876697761652,130.212233998946,62.088800322315535,83.91963061900785,21.278973494230407,131.3196673075358,128.47216682434083
2019-07-08,136.39999389648438,137.10000610351562,135.3699951171875,136.9600067138672,16779700,MSFT,2.271996661074752,138.93945199892792,130.61755025937285,61.914197366799655,76.90515749184753,20.011642421119973,131.6790008544922,128.7516668955485
2019-07-09,136.0,136.97000122070312,135.8000030517578,136.4600067138672,19953100,MSFT,2.17595763419709,139.06452019436747,130.87848212496849,61.0264498782536,72.70696291234665,20.01164242111997,132.0196678161621,129.02050031026204
2019-07-10,137.1300048828125,138.5800018310547,137.02000427246094,137.85000610351562,24204400,MSFT,2.186799286567492,139.31032984988167,131.20767246945428,62.569884487760696,92.53358729299855,23.924948027532007,132.409334564209,129.3021671295166
2019-07-11,138.1999969482422,139.22000122070312,137.8699951171875,138.39999389648438,22327900,MSFT,2.214246339156432,139.47710652398263,131.73189463568536,63.16694412978252,101.46458215124879,25.425273324464875,132.8580009460449,129.5913336435954
2019-07-12,138.85000610351562,139.1300048828125,138.00999450683594,138.89999389648438,18936800,MSFT,2.2504029035590634,139.748806583931,132.1181932329635,63.71133119372604,101.19250009484854,25.425273324464865,133.2970006306966,129.89350026448568
2019-07-15,139.44000244140625,139.5399932861328,138.4600067138672,138.89999389648438,16651500,MSFT,2.253085079047679,139.9188676158448,132.59313189587394,63.71133119372604,104.62989532634805,26.42008524604768,133.8043337504069,130.17900021870932
2019-07-16,138.9600067138672,139.0500030517578,136.52000427246094,137.0800018310547,22726100,MSFT,2.08432576312498,139.77339214487984,133.16160693959284,60.24298430992025,75.21812959691769,18.671042962940305,134.37900060017904,130.40750020345052
2019-07-17,137.6999969482422,137.92999267578125,136.22000122070312,136.27000427246094,20211000,MSFT,1.8637387358547244,139.77327087684037,133.27272826866746,58.76999705791042,54.43228530064827,17.51868993806397,134.81600062052408,130.61600023905436
2019-07-18,135.5500030517578,136.6199951171875,134.6699981689453,136.4199981689453,30381800,MSFT,1.6816402790422558,139.7866973369614,133.3323013813003,58.962213076267375,23.8763148784406,11.720355852042783,135.16900049845378,130.79900016784669
2019-07-19,140.22000122070312,140.6699981689453,136.4499969482422,136.6199951171875,48992400,MSFT,1.5357607286467783,139.765161292736,133.32083724242025,59.22442314432035,83.34755653678245,22.108382812909035,135.46233367919922,130.99250005086262
2019-07-22,137.41000366210938,139.19000244140625,137.3300018310547,138.42999267578125,25074900,MSFT,1.5483533564737684,139.94333041715038,133.28866726351367,61.52592582991213,94.17175851761039,22.108382812909024,135.69666697184246,131.14716669718425
2019-07-23,139.75999450683594,139.99000549316406,138.02999877929688,139.2899932861328,18034600,MSFT,1.6091783602241208,140.1939560344466,133.1890410969011,62.56450353747469,116.92548683824573,23.99887684834909,135.91966654459637,131.30383326212566
2019-07-24,138.89999389648438,140.74000549316406,138.85000610351562,140.72000122070312,20738300,MSFT,1.7525697697922453,140.64555815849974,133.46643982734008,64.22564118768807,146.58617115825268,25.74668324630089,136.20699971516927,131.48633321126303
2019-07-25,140.42999267578125,140.61000061035156,139.32000732421875,140.19000244140625,18356900,MSFT,1.802662056777308,140.90212445172133,133.835874510681,63.15124703859187,139.97925996956965,25.74668324630089,136.49699961344402,131.6461664835612
2019-07-26,140.3699951171875,141.67999267578125,140.3000030517578,141.33999633789062,19037600,MSFT,1.9131023980746136,141.3447241421275,134.11227506441546,64.48480919020628,172.43050609027267,28.26533541036455,136.79766591389975,131.87049980163573
2019-07-29,141.5,141.50999450683594,139.3699951171875,141.02999877929688,16605900,MSFT,1.9530988442963348,141.5252305028633,134.63876791022264,63.84053170254762,144.0268321441368,24.469183947681525,137.0836659749349,132.11749979654948
2019-07-30,140.13999938964844,141.22000122070312,139.8000030517578,140.35000610351562,16846500,MSFT,1.9079331246721551,141.70585825053934,134.92514150532003,62.42524313623951,127.72793414192635,24.469183947681515,137.3336659749349,132.30833333333334
2019-07-31,140.3300018310547,140.49000549316406,135.0800018310547,136.27000427246094,38598800,MSFT,1.5253338179346656,141.72640861166417,134.87359138833585,54.874366084506605,-4.569026983570043,7.232195192842321,137.37066599527995,132.44366683959962
2019-08-01,137.0,140.94000244140625,136.92999267578125,138.05999755859375,40557500,MSFT,1.3509852919721652,141.73588682526642,134.92411225920623,57.222725507805386,49.54331812209391,8.482155020479079,137.44966583251954,132.6526668548584
2019-08-02,138.08999633789062,138.32000732421875,135.25999450683594,136.89999389648438,30791600,MSFT,1.1064556955430191,141.74117300282367,134.90282571543807,55.29365644242272,-29.558216836925194,3.1465559246977572,137.4479990641276,132.84250005086264
2019-08-05,133.3000030517578,133.92999267578125,130.77999877929688,132.2100067138672,42749600,MSFT,0.5281334650202893,142.43504342812395,133.73395529013777,48.46075763052229,-198.88652731768775,9.241346904920723,137.2893325805664,132.95433349609374
2019-08-06,133.8000030517578,135.67999267578125,133.2100067138672,134.69000244140625,32696700,MSFT,0.2668478043857192,142.55280659835165,133.439191692664,51.724099665991844,-102.42570174127756,4.1850544287614415,137.18633270263672,133.08033358256023
2019-08-07,133.7899932861328,135.64999389648438,131.8300018310547,135.27999877929688,33414500,MSFT,0.10616105102073448,142.58379626577397,133.1512012928198,52.46483189212397,-111.63069545508073,7.671220462177228,137.2479995727539,133.2791669209798
2019-08-08,136.60000610351562,138.99000549316406,135.92999267578125,138.88999938964844,27496500,MSFT,0.2670343151528982,142.62500512195496,133.15899298595522,56.67280227635102,23.07121067870025,1.318404636643653,137.4133331298828,133.5151668548584
2019-08-09,138.61000061035156,139.3800048828125,136.4600067138672,137.7100067138672,23466700,MSFT,0.2959010258476553,142.5420121228951,133.1229872667533,55.0257075773647,15.735558196565583,2.303683898416432,137.53200022379556,133.71000035603842
2019-08-12,137.07000732421875,137.86000061035156,135.24000549316406,135.7899932861328,20484300,MSFT,0.1619818388422516,142.44313774770026,132.910861580913,52.459362221880596,-54.99283135335909,0.898333819986474,137.59299977620444,133.82433369954427
2019-08-13,136.0500030517578,138.8000030517578,135.0,138.60000610351562,25154600,MSFT,0.27937401862817524,142.52752342907021,132.97847632678915,55.594883612736666,-6.384253561968054,1.5575446322437612,137.6903335571289,133.9998336791992
2019-08-14,136.36000061035156,136.9199981689453,133.6699981689453,133.97999572753906,32527300,MSFT,-0.0003836371003842487,142.66590716007468,132.61109174129248,49.987455650719845,-119.64844965632784,1.9360986184628928,137.60366668701172,134.12916692097983
2019-08-15,134.38999938964844,134.5800018310547,132.25,133.67999267578125,28074400,MSFT,-0.24349448104959492,142.81018289277588,132.1928154592749,49.651049991479965,-160.17361335959615,5.525641270494809,137.47766621907553,134.2421667734782
2019-08-16,134.8800048828125,136.4600067138672,134.72000122070312,136.1300048828125,24449100,MSFT,-0.23574850488137145,142.80729097638954,132.14670835222375,52.35963915217896,-65.30379484227038,0.4878744634323513,137.44666646321613,134.38316688537597
2019-08-19,137.85000610351562,138.5500030517578,136.88999938964844,138.41000366210938,24355700,MSFT,-0.04511288298365912,142.80554659093033,132.14645383631577,54.70542586447758,19.818483374380072,4.742000685025965,137.49499969482423,134.5870002746582
2019-08-20,138.2100067138672,138.7100067138672,137.24000549316406,137.25999450683594,21170800,MSFT,0.013020995096553634,142.6354657581619,132.1135347911545,53.33512252287646,9.624721946206737,5.133021955151848,137.52166595458985,134.770666885376
2019-08-21,138.5500030517578,139.49000549316406,138.0,138.7899932861328,14970300,MSFT,0.18047027803666538,142.3479183241253,132.2080814317341,54.89026309226072,49.76395380079688,7.057011970048838,137.5529988606771,134.98116671244304
2019-08-22,138.66000366210938,139.1999969482422,136.2899932861328,137.77999877929688,18697000,MSFT,0.22903673246682388,142.04736429476466,132.2676350948838,53.6688763319678,10.135877671968682,2.3494047748454667,137.53233235677084,135.19516665140787
2019-08-23,137.19000244140625,138.35000610351562,132.8000030517578,133.38999938964844,38508600,MSFT,-0.0857221133215944,141.50878014253058,132.01121955229362,48.7875728120091,-99.78475757221449,6.345473853080633,137.34866587320963,135.3228332519531
2019-08-26,134.99000549316406,135.55999755859375,133.89999389648438,135.4499969482422,20312600,MSFT,-0.167020866876868,140.8106585142499,132.15134099746888,50.95303665683142,-87.24661569709855,6.3454738530806365,137.2336659749349,135.5189998626709
2019-08-27,136.38999938964844,136.72000122070312,134.66000366210938,135.74000549316406,23102100,MSFT,-0.20567851503182055,140.18577864081726,132.31522080986633,51.253221556877754,-55.1246167886505,3.2262257928166,137.18899943033855,135.78400001525878
2019-08-28,134.8800048828125,135.75999450683594,133.5500030517578,135.55999755859375,17393300,MSFT,-0.24798153882227325,140.16232901373132,132.26766976556553,51.05259029164609,-77.71307258715001,5.956747649637763,137.1653325398763,135.99066658020018
2019-08-29,137.25,138.44000244140625,136.91000366210938,138.1199951171875,20168700,MSFT,-0.07408260362700503,140.17131935151292,132.26467918364335,53.71798111315865,23.063851838657776,1.018777527747203,137.2219991048177,136.19549980163575
2019-08-30,139.14999389648438,139.17999267578125,136.27000427246094,137.86000061035156,23940100,MSFT,0.04226694452628976,140.27707596754027,132.25492323900272,53.41240374573331,21.340131234065886,2.845713898108181,137.26333262125652,136.36283315022786
2019-09-03,136.61000061035156,137.1999969482422,135.6999969482422,136.0399932861328,18869300,MSFT,-0.012243446112108813,139.99044299357135,132.9245548701982,51.29918624279934,-29.376860831509255,1.3550027383041483,137.18366597493488,136.44016647338867
2019-09-04,137.3000030517578,137.69000244140625,136.47999572753906,137.6300048828125,17995900,MSFT,0.07202704125518267,140.07183811932413,133.137159988586,52.980431709126044,7.870752874385318,2.6103500011973932,137.12833302815756,136.52399978637695
2019-09-05,139.11000061035156,140.3800048828125,138.75999450683594,140.0500030517578,26101800,MSFT,0.33027839336759257,140.5729954777061,133.1130030574502,55.4043893472517,101.52537004933714,9.174402710481164,137.1059997558594,136.65649973551433
2019-09-06,140.02999877929688,140.17999267578125,138.1999969482422,139.10000610351562,20824500,MSFT,0.45306498512445614,140.60885524338337,133.09814396315957,54.26827297382762,82.26942093175526,7.612412390014671,137.06966654459634,136.7833330790202
2019-09-09,139.58999633789062,139.75,136.4600067138672,137.52000427246094,25773900,MSFT,0.418062140460961,140.59118438722933,133.096814575173,52.41889720461045,40.56013128240883,2.8811476705018313,136.9423334757487,136.86999969482423
2019-09-10,136.8000030517578,136.88999938964844,134.50999450683594,136.0800018310547,28903400,MSFT,0.27100202876954427,140.59072608262312,133.12627373427142,50.78711715608474,-39.06663767142955,2.1085411017967215,136.77733357747397,136.9304997762044
2019-09-11,135.91000366210938,136.27000427246094,135.08999633789062,136.1199951171875,24726100,MSFT,0.15588599794762104,140.38704586222048,133.08195285604126,50.831092719696066,-34.32858962787427,2.1085411017966953,136.636333211263,136.98499959309896
2019-09-12,137.85000610351562,138.4199981689453,136.8699951171875,137.52000427246094,27010000,MSFT,0.17560053891583038,140.3381246559399,133.48487491681402,52.372293839037425,44.350608419423004,3.4183232896178515,136.6779998779297,137.02433293660482
2019-09-13,137.77999877929688,138.05999755859375,136.57000732421875,137.32000732421875,23363100,MSFT,0.17309108609478585,140.16579112165732,134.02120991594035,52.13081503080533,34.52999990350023,2.6166009680096947,136.65333353678386,137.0514996846517
2019-09-16,135.8300018310547,136.6999969482422,135.66000366210938,136.3300018310547,16731400,MSFT,0.09017764541454198,140.16386538818278,134.0431353442391,50.92834439852616,-14.180697962982409,0.17952939292868925,136.63433380126952,137.04116643269856
2019-09-17,136.9600067138672,137.52000427246094,136.42999267578125,137.38999938964844,17814200,MSFT,0.10874751684445982,140.0546335068286,134.0503667983472,52.15083312140034,20.681113403969203,2.3415427204615122,136.80700022379557,137.04816640218098
2019-09-18,137.36000061035156,138.6699981689453,136.52999877929688,138.52000427246094,23982100,MSFT,0.21220011312533416,140.18802593238894,134.04297534934932,53.4302634573947,56.85481148858885,5.316721726538625,136.9346669514974,137.06049982706705
2019-09-19,140.3000030517578,142.3699951171875,140.07000732421875,141.07000732421875,35772100,MSFT,0.49425352900556163,140.7062278644892,133.75277482105767,56.16637197535027,212.3494792556498,14.03360159699443,137.12766723632814,137.187833404541
2019-09-20,141.00999450683594,141.64999389648438,138.25,139.44000244140625,39167300,MSFT,0.579574151604703,140.92131287061002,133.70369018114778,54.06586487570811,132.61029541892623,8.930521510749685,137.14600067138673,137.27966690063477
2019-09-23,139.22999572753906,139.6300048828125,138.44000244140625,139.13999938964844,17139300,MSFT,0.6158840922290096,140.78424950657464,134.41575354518315,53.683613071939455,92.98333401192363,8.930521510749687,137.19366709391275,137.36283365885416
2019-09-24,140.36000061035156,140.69000244140625,136.8800048828125,137.3800048828125,29773200,MSFT,0.49691500707618275,140.7192907889537,134.6737130562611,51.47494147210296,53.42088277031111,4.635399774817325,137.24666748046874,137.4198336283366
2019-09-25,137.5,139.9600067138672,136.02999877929688,139.36000061035156,21382000,MSFT,0.5559911379187952,140.83993598662363,134.91506737030994,53.69221667244214,57.201603350155764,2.3604107957049383,137.27200063069662,137.48116709391277
2019-09-26,139.44000244140625,140.17999267578125,138.44000244140625,139.5399932861328,17456600,MSFT,0.6102981645624652,140.91559381771236,135.23740911197513,53.89035075449992,96.92767116750844,2.9254805848206757,137.45733388264975,137.53050028483074
2019-09-27,140.14999389648438,140.36000061035156,136.64999389648438,137.72999572753906,22477700,MSFT,0.5015041703406098,140.90019040722368,135.213812583499,51.593936307281304,37.3014237380818,1.855589491690729,137.592333984375,137.53500010172527
2019-09-30,138.0500030517578,139.22000122070312,137.77999877929688,139.02999877929688,17280900,MSFT,0.5142555103886082,140.98960189377922,135.24140091383796,53.079500843816746,57.3602754607468,1.8555894916907134,137.68900044759116,137.56783345540364
2019-10-01,139.66000366210938,140.25,137.0,137.07000732421875,21466600,MSFT,0.3620328201591292,140.9188218750415,135.4151823363843,50.65486787939899,25.05438657013387,0.9768907173778173,137.6443339029948,137.5696667989095
2019-10-02,136.25,136.3699951171875,133.5800018310547,134.64999389648438,30521700,MSFT,0.04559479431779323,141.1838186424471,134.85218447034586,47.86232517724082,-138.19024931705883,7.827435187941785,137.55733388264974,137.53949991861978
2019-10-03,134.9499969482422,136.75,133.22000122070312,136.27999877929688,24132900,MSFT,-0.07281745515479088,140.93424700135907,134.72475568418778,49.790981109818574,-100.68307777677313,6.757496094545195,137.47366739908855,137.51333312988282
2019-10-04,136.75,138.25,136.4199981689453,138.1199951171875,22897700,MSFT,-0.017980421888154297,140.83128325842512,134.72971832848896,51.870054309284185,7.516691175428094,2.6002701951613347,137.48500061035156,137.5086664835612
2019-10-07,137.13999938964844,138.17999267578125,137.02000427246094,137.1199951171875,15303700,MSFT,-0.05458410896542887,140.82369298648533,134.6973076849014,50.68996112694278,-4.917734224872539,2.6002701951613503,137.60933380126954,137.47899983723957
2019-10-08,137.0800018310547,137.75999450683594,135.6199951171875,135.6699981689453,25550500,MSFT,-0.19830944247306093,140.8555866973589,134.6244136078169,49.01718318071756,-68.66358071950091,6.246781474291582,137.61666717529297,137.42516657511393
2019-10-09,137.4600067138672,138.6999969482422,136.97000122070312,138.24000549316406,19749900,MSFT,-0.1036399947994937,140.87249924013332,134.81950210264012,51.926004749602676,18.61021781078405,3.553958059131918,137.7000005086263,137.44449996948242
2019-10-10,138.49000549316406,139.6699981689453,138.25,139.10000610351562,17654600,MSFT,0.04031634474259249,140.99780096775382,134.85220055812508,52.85710650440081,75.68712304075251,0.826039769645761,137.81800079345703,137.49166666666667
2019-10-11,140.1199951171875,141.02999877929688,139.5,139.67999267578125,25446000,MSFT,0.19890994023703001,141.1981289620436,134.88787109899158,53.485622847801565,128.70466994421605,2.88455096815498,137.87000071207683,137.54599990844727
2019-10-14,139.69000244140625,140.2899932861328,139.52000427246094,139.5500030517578,13304300,MSFT,0.31052785911839464,141.31945420597955,135.0885459771259,53.320802425560665,103.29219702597845,2.8845509681549815,137.92633412679035,137.59483337402344
2019-10-15,140.05999755859375,141.7899932861328,139.80999755859375,141.57000732421875,19695700,MSFT,0.5555789585053219,141.84343831032226,134.98256266624026,55.52406331526551,158.84165330910352,6.927429781805988,138.11066792805988,137.64716695149738
2019-10-16,140.7899932861328,140.99000549316406,139.52999877929688,140.41000366210938,20751600,MSFT,0.6487032717768955,142.05256401813313,134.96243689739424,54.00965062388726,109.46287216898605,6.0747176905561195,138.20333455403645,137.66583379109701
2019-10-17,140.9499969482422,141.4199981689453,139.02000427246094,139.69000244140625,21460600,MSFT,0.6568352913862725,141.82367402243585,135.05332640481026,53.08006042182641,94.39186976112909,4.504425065850716,138.19133453369142,137.6486671447754
2019-10-18,139.75999450683594,140.0,136.55999755859375,137.41000366210938,32273500,MSFT,0.4738409848526999,141.71746775532964,134.95653279398678,50.24700550519973,-8.964991058013227,2.6842043388641064,138.13500111897787,137.60233383178712
2019-10-21,138.4499969482422,138.5,137.00999450683594,138.42999267578125,20078200,MSFT,0.40643612487170344,141.6613102836662,134.94168959426347,51.446311349233426,-9.627016664729668,2.6842043388641095,138.16533406575522,137.55383377075196
2019-10-22,138.97000122070312,140.00999450683594,136.25999450683594,136.3699951171875,27431000,MSFT,0.18466400910278935,141.6983507795011,134.80364812186608,48.97958866774536,-36.89745586244382,1.7550227286403324,138.1750005086263,137.47616704305014
2019-10-23,136.8800048828125,137.4499969482422,135.61000061035156,137.24000549316406,29844600,MSFT,0.07820903091044329,141.57911965013878,134.71087973950964,50.02644554213917,-83.26315009619623,0.1668979150383209,138.21233418782552,137.42433369954426
2019-10-24,139.38999938964844,140.4199981689453,138.6699981689453,139.94000244140625,37029300,MSFT,0.2092972343983206,141.63777037229815,134.6922299328776,53.11489397253592,74.03739027490572,8.0429520929894,138.29300079345703,137.48550033569336
2019-10-25,139.33999633789062,141.13999938964844,139.1999969482422,140.72999572753906,25959700,MSFT,0.37263592110284094,141.96337701431153,134.66662329086424,53.97582723791461,102.20783983326736,9.89503148538733,138.40666707356772,137.53000030517578
2019-10-28,144.39999389648438,145.6699981689453,143.50999450683594,144.19000244140625,35280100,MSFT,0.7723731950276829,143.0662409236804,134.07975974770633,57.51082905483387,272.85348061193474,20.337785815402352,138.66866709391277,137.65150044759113
2019-10-29,144.0800018310547,144.5,142.64999389648438,142.8300018310547,20589500,MSFT,0.9682656179888625,143.67551646710092,134.0464836549694,55.769091801975556,193.6394887332751,17.65973918579782,138.8500005086263,137.82850036621093
2019-10-30,143.52000427246094,145.0,142.7899932861328,144.61000061035156,18496600,MSFT,1.2527024261446513,144.39489882755183,134.32310196590518,57.51133954185666,200.0530665323938,18.747287323528187,139.053000386556,137.99383366902669
2019-10-31,144.89999389648438,144.92999267578125,142.99000549316406,143.3699951171875,24605100,MSFT,1.3623581490211905,144.8342674682295,134.59273295901656,55.923859228669656,171.81074349166713,18.747287323528194,139.12966664632162,138.12866694132487
2019-11-01,144.25999450683594,144.4199981689453,142.97000122070312,143.72000122070312,33128400,MSFT,1.4606660182331836,145.35418606941312,134.63281496818456,56.27626851909528,151.91978696078706,18.68017323557573,139.27233327229817,138.20916697184245
2019-11-04,144.8300018310547,145.0,144.16000366210938,144.5500030517578,16912000,MSFT,1.5872530587741949,145.91373128930255,134.81627054175212,57.117376633515065,160.08448222093676,20.035724242435542,139.45266672770182,138.3231669108073
2019-11-05,144.97000122070312,145.02000427246094,143.91000366210938,144.4600067138672,18250200,MSFT,1.6611633905483814,146.17709751616448,135.43190516938242,56.99439626056755,140.76425859446164,19.150103572516723,139.68866678873698,138.46766713460286
2019-11-06,144.3699951171875,144.52000427246094,143.1999969482422,144.05999755859375,16575800,MSFT,1.6682301464687725,146.51351674263682,135.67748514945302,56.43568209512132,113.48668756872618,16.622179166194655,139.8453333536784,138.5586669921875
2019-11-07,143.83999633789062,144.8800048828125,143.77000427246094,144.25999450683594,17786700,MSFT,1.6707097813491316,146.86208692445985,135.84491380796203,56.65545224033839,112.71877588006532,17.539830960010075,140.00266672770184,138.7300003051758
2019-11-08,143.97999572753906,145.99000549316406,143.75999450683594,145.9600067138672,16732700,MSFT,1.7892265969148866,147.48189051076548,135.85311162546498,58.49653804205739,124.27505008442466,20.336431092067894,140.2770004272461,138.93466720581054
2019-11-11,145.33999633789062,146.4199981689453,144.72999572753906,146.11000061035156,14362600,MSFT,1.8736569302325279,148.0424082502419,135.94859364184796,58.65682132210369,123.4135478463778,21.404610789971642,140.51300048828125,139.1010004679362
2019-11-12,146.27999877929688,147.57000732421875,146.05999755859375,147.07000732421875,18641600,MSFT,1.9950355682088627,148.72261178630532,135.81839010578454,59.68760246499843,135.40564128878648,24.21602876084078,140.8463338216146,139.24533386230468
2019-11-13,146.74000549316406,147.4600067138672,146.27999877929688,147.30999755859375,16919200,MSFT,2.086541863744941,149.37911565180985,135.8518856299284,59.945859744120185,127.01064611087749,24.21602876084078,141.2683339436849,139.4128339131673
2019-11-14,147.02000427246094,148.41000366210938,147.0,148.05999755859375,19729800,MSFT,2.1942856353045954,150.06591237953228,136.00208841392475,60.75859562769233,133.29033504325662,26.539045506930808,141.66100056966147,139.567333984375
2019-11-15,148.92999267578125,149.99000549316406,148.27000427246094,149.97000122070312,23485700,MSFT,2.406059131534647,150.82136036605115,136.50264018326524,62.74984781333991,152.8902496322348,30.219228263861158,142.05600077311198,139.77050069173177
2019-11-18,150.07000732421875,150.5500030517578,148.97999572753906,150.33999633789062,21534000,MSFT,2.5740743401340183,151.56427300334167,136.9507279121857,63.12482159587155,151.66430536663012,31.47785106154873,142.49666748046874,140.05300064086913
2019-11-19,150.8800048828125,151.3300018310547,150.1999969482422,150.38999938964844,23935700,MSFT,2.6803648542465908,151.7511308970576,138.16587044571585,63.17664429038971,155.5750526716578,33.21356882826373,142.98733418782552,140.30200068155924
2019-11-20,150.30999755859375,150.83999633789062,148.4600067138672,149.6199951171875,25696800,MSFT,2.6716705873948854,151.62390536674093,139.53109493843488,61.79324750838161,128.30192181100966,25.856578261747963,143.36666717529297,140.53333384195963
2019-11-21,149.39999389648438,149.8000030517578,148.5,149.47999572753906,18576100,MSFT,2.6232444089220905,151.72163208600762,140.38736754778142,61.539791557676374,114.1549103691119,25.856578261747963,143.7126668294271,140.76533381144205
2019-11-22,150.07000732421875,150.3000030517578,148.82000732421875,149.58999633789062,15901800,MSFT,2.564184125087735,151.7845695770917,141.21043011773253,61.667588312398706,113.01771445452673,27.09474820495036,144.04300028483073,140.95650049845378
2019-11-25,150.0,151.35000610351562,149.9199981689453,151.22999572753906,22420900,MSFT,2.619516513564548,152.4195538959208,141.2794451275167,63.53629375013265,128.8909148137078,29.647059827532267,144.43233337402344,141.1793337504069
2019-11-26,151.36000061035156,152.4199981689453,151.32000732421875,152.02999877929688,24620100,MSFT,2.6968339672001207,153.00012630855582,141.6188724097059,64.4117856205375,136.7790406290306,32.151042480282875,144.78099975585937,141.44583384195963
2019-11-27,152.3300018310547,152.5,151.52000427246094,152.32000732421875,15184400,MSFT,2.749811753920312,153.6539125772282,141.73608681242024,64.72936115807533,128.30971657601168,32.33731163322523,145.1779998779297,141.69066721598307
2019-11-29,152.10000610351562,152.3000030517578,151.27999877929688,151.3800048828125,11977300,MSFT,2.684995731051373,153.9053219727816,142.28567839342932,62.848834407832136,110.78271494590659,31.219316167740818,145.56766662597656,141.87950057983397
2019-12-02,151.80999755859375,151.8300018310547,148.32000732421875,149.5500030517578,27418400,MSFT,2.457632652753091,153.84695555092495,142.92704499839144,59.37486016493593,74.01044939698346,18.452184403787033,145.9723332722982,142.053667195638
2019-12-03,147.49000549316406,149.42999267578125,146.64999389648438,149.30999755859375,24066000,MSFT,2.232346239785471,153.7876039757962,143.4623960242038,58.93290306412987,43.194435600427546,12.087102788148508,146.33500010172526,142.25016708374022
2019-12-04,150.13999938964844,150.17999267578125,149.1999969482422,149.85000610351562,17574700,MSFT,2.073477552413891,153.69143200022444,144.09756793874038,59.63228496732828,63.847022787423896,14.22836161232039,146.78433380126953,142.47966715494792
2019-12-05,150.0500030517578,150.32000732421875,149.47999572753906,149.92999267578125,17869100,MSFT,1.9317591045124516,153.42510734756718,144.95089210311642,59.73735102644274,63.39503865225415,14.629928307882103,147.20733337402345,142.70983378092447
2019-12-06,150.99000549316406,151.8699951171875,150.27000427246094,151.75,16403500,MSFT,1.9438975531938638,153.25461779536,145.87038220464,62.061619895406345,89.77450685562546,18.97418472127804,147.6009999593099,142.94700037638347
2019-12-09,151.07000732421875,152.2100067138672,150.91000366210938,151.36000061035156,16687400,MSFT,1.900143992693728,153.1899984343731,146.4750009552753,61.27747034545415,90.49762606118145,19.899171492232796,147.95533345540363,143.18100026448568
2019-12-10,151.2899932861328,151.88999938964844,150.75999450683594,151.1300048828125,16476100,MSFT,1.8258628374817647,152.98947515440344,147.1775246624911,60.808742332133534,79.9625881454992,19.277703631491743,148.1866668701172,143.42766698201498
2019-12-11,151.5399932861328,151.8699951171875,150.3300018310547,151.6999969482422,18856600,MSFT,1.792327250013983,152.9336520181483,147.6963467611486,61.562526843654055,77.31039580979404,17.472176345277198,148.48233337402343,143.66616694132486
2019-12-12,151.64999389648438,153.44000244140625,151.02000427246094,153.24000549316406,24612100,MSFT,1.868477232076998,153.13881363156247,148.08418594119144,63.523401867563145,105.61410948880807,21.935537580555213,148.7700002034505,143.91150029500326
2019-12-13,153.0,154.88999938964844,152.8300018310547,154.52999877929688,23845400,MSFT,2.009751158432408,153.72939922706044,148.1406004677638,65.0676274552867,140.9533102617381,25.771051976118294,149.14200032552083,144.1358334859212
2019-12-16,155.11000061035156,155.89999389648438,154.82000732421875,155.52999877929688,24144200,MSFT,2.177304791235855,154.6382399914758,147.7877594592078,66.21462111282325,172.87737888669136,28.309154305326544,149.5356669108073,144.40400009155275
2019-12-17,155.4499969482422,155.7100067138672,154.4499969482422,154.69000244140625,25425600,MSFT,2.2167581598827724,155.16115742994475,147.6998426310904,64.37778827432741,153.47485924803306,26.667733366983583,149.87366689046223,144.66316680908204
2019-12-18,154.3000030517578,155.47999572753906,154.17999267578125,154.3699951171875,24129200,MSFT,2.196879067746721,155.54641437820487,147.7125852555842,63.68158607516482,137.63915458865966,25.456202580336303,150.2039998372396,144.9463333129883
2019-12-19,154.0,155.77000427246094,153.75,155.7100067138672,24958900,MSFT,2.263164133554767,156.13007773329403,147.737923060163,65.30681808412118,140.6999135470694,23.510016712940306,150.5923334757487,145.21883341471354
2019-12-20,157.35000610351562,158.49000549316406,156.2899932861328,157.41000366210938,53477500,MSFT,2.424918125331885,157.01987916933052,147.64112241758352,67.23128624171645,196.14366806673272,30.55919096701488,151.03066711425782,145.51666692097982
2019-12-23,158.1199951171875,158.1199951171875,157.27000427246094,157.41000366210938,17718200,MSFT,2.5240140661791486,157.74119163799844,147.70181068133752,67.23128624171645,186.67710552385412,30.55919096701488,151.4123336791992,145.84466705322265
2019-12-24,157.47999572753906,157.7100067138672,157.1199951171875,157.3800048828125,8989200,MSFT,2.5704965779966926,158.4048359902842,147.6531672445791,67.16093281257284,163.89437704308116,29.852905076141344,151.78800048828126,146.15050048828124
2019-12-26,157.55999755859375,158.72999572753906,157.39999389648438,158.6699981689453,14520600,MSFT,2.680526539391451,159.27069804451193,147.45130512931618,68.62160159389242,167.36877724094282,32.4242762531526,152.17466684977214,146.51050033569337
2019-12-27,159.4499969482422,159.5500030517578,158.22000122070312,158.9600067138672,18412800,MSFT,2.7593196233909225,160.0829960842163,147.3030070285767,68.94287061315464,163.32407635193897,34.4234437485767,152.56300048828126,146.91566721598306
2019-12-30,158.99000549316406,159.02000427246094,156.72999572753906,157.58999633789062,16348400,MSFT,2.680318281735481,160.5224703378329,147.48453192046784,65.65768465914313,121.76042603202124,27.34197331007738,152.88066711425782,147.27083384195964
2019-12-31,156.77000427246094,157.77000427246094,156.4499969482422,157.6999969482422,18369400,MSFT,2.5966526834666865,160.77487706780755,148.04712458014166,65.79307234325172,100.52912428338863,26.051091252698615,153.13833363850912,147.59716720581054
